material_balance,white_bishops,black_bishops,total_pieces,ply,white_elo,black_elo,elo_diff,result,stockfish_eval,stockfish_vs_material,mobility_diff,king_safety_diff,bishop_pair_diff,doubled_pawns_diff,isolated_pawns_diff,center_pawns_diff
0,0,0,10,80,2715,2606,109,0,-17,-17,0,1,0,0,-1,0
1,1,2,19,80,2687,2625,62,0,10,-90,-6,-2,-1,0,0,0
-1,0,0,15,80,2625,2715,-90,-1,-170,-70,-22,-1,0,0,2,0
1,0,0,13,79,2606,2625,-19,1,506,406,25,0,0,1,1,2
1,1,0,13,80,2687,2715,-28,0,-18,-118,-9,-1,0,0,-3,1
0,0,1,20,80,2687,2715,-28,0,-6,-6,-12,-1,0,-1,1,0
0,0,0,18,67,2715,2687,28,1,1059,1059,35,1,0,1,1,-1
0,1,1,16,64,2620,2655,-35,0,-1,-1,-3,0,0,0,-1,0
0,2,1,28,80,2639,2643,-4,0,40,40,5,0,1,0,0,0
1,0,1,9,80,2650,2663,-13,0,13,-87,3,1,0,-1,-1,1
-1,0,0,15,80,2663,2727,-64,-1,-176,-76,8,-1,0,-1,-1,1
-8,0,0,14,80,2650,2727,-77,-1,-1144,-344,-30,0,0,0,1,-1
0,2,2,30,25,2702,2660,42,0,34,34,7,0,0,0,0,0
5,0,0,13,80,2644,2702,-58,1,961,461,11,2,0,0,-1,0
0,2,2,26,31,2644,2660,-16,0,-8,-8,19,0,0,0,0,0
1,1,1,17,54,2702,2644,58,-1,-10000,-10100,0,1,0,0,1,1
6,0,1,16,65,2644,2702,-58,1,1214,614,10,1,0,0,1,-1
4,0,0,14,61,2660,2644,16,1,1310,910,24,0,0,0,1,0
1,0,0,15,80,2644,2660,-16,0,-11,-111,-26,1,0,-1,0,1
0,1,1,28,26,2608,2623,-15,0,13,13,1,2,0,0,0,0
0,1,0,22,80,2620,2670,-50,-1,-258,-258,-2,-1,0,0,1,0
0,2,1,28,40,2658,2626,32,0,-28,-28,-5,-2,1,0,0,0
-1,0,0,15,80,2626,2658,-32,0,-17,83,9,-1,0,0,1,-1
-2,1,1,14,80,2626,2626,0,-1,-602,-402,10,1,0,0,1,0
0,2,2,24,29,2600,2670,-70,0,18,18,-7,0,0,0,0,0
-1,1,0,17,80,2620,2625,-5,-1,-672,-572,-22,-1,0,0,-2,0
0,1,0,16,74,2600,2625,-25,0,0,0,0,0,0,0,-1,0
0,2,2,22,25,2600,2620,-20,0,1,1,5,1,0,0,0,0
0,1,1,26,64,2600,2665,-65,0,80,80,-1,0,0,0,0,0
0,0,0,26,23,2620,2645,-25,0,-2,-2,0,0,0,0,0,0
0,1,1,20,68,2615,2620,-5,0,22,22,9,1,0,0,-1,1
0,0,0,12,80,2620,2615,5,1,4,4,-17,-2,0,-1,-3,-1
1,1,0,19,76,2605,2645,-40,0,-408,-508,-36,-1,0,0,1,-1
1,0,0,13,80,2645,2665,-20,0,-1,-101,-1,1,0,0,-1,1
0,0,1,16,80,2605,2665,-60,0,211,211,12,0,0,0,0,0
0,0,0,12,80,2645,2605,40,0,11,11,8,-1,0,1,2,0
-3,0,1,15,70,2665,2645,20,-1,-1021,-721,-4,2,0,0,3,0
-3,1,0,15,80,2610,2610,0,-1,-566,-266,-1,-2,0,0,-1,0
1,0,0,13,80,2615,2615,0,1,373,273,9,1,0,0,0,1
-1,0,0,9,80,2610,2600,10,-1,-474,-374,1,0,0,0,-1,1
-7,0,1,21,37,2610,2615,-5,0,0,700,42,2,0,1,5,-1
0,0,0,20,80,2610,2615,-5,1,340,340,11,0,0,1,0,-1
0,2,2,24,55,2610,2600,10,0,45,45,-10,2,0,0,0,0
0,1,1,24,65,2600,2615,-15,0,-2,-2,12,0,0,0,0,0
-1,0,1,17,54,2615,2600,15,0,49,149,1,-2,0,-1,-1,1
1,0,0,9,80,2615,2610,5,1,183,83,2,0,0,0,1,-2
2,0,0,12,80,2610,2615,-5,1,611,411,-8,0,0,0,2,0
0,0,0,8,80,2610,2610,0,0,-36,-36,-4,0,0,0,0,0
-2,1,0,14,70,2600,2610,-10,-1,-645,-445,-3,-2,0,1,3,0
0,1,1,16,80,2615,2615,0,0,0,0,-1,-1,0,0,0,1
-3,2,1,21,47,2615,2610,5,0,27,327,5,0,1,0,-1,0
-2,1,0,18,44,2600,2610,-10,-1,-520,-320,1,0,0,-2,-3,0
-4,1,1,24,53,2615,2610,5,1,10000,10400,-4,2,0,0,-1,-1
1,1,0,13,80,2615,2600,15,0,49,-51,4,-2,0,0,0,1
0,1,2,28,31,2600,2615,-15,0,14,14,14,0,-1,0,0,0
2,1,1,20,39,2610,2615,-5,0,-20,-220,0,1,0,-1,-3,3
1,1,0,19,78,2615,2610,5,1,564,464,14,1,0,0,1,-1
1,1,0,17,80,2600,2605,-5,1,683,583,3,2,0,0,2,1
4,0,1,14,57,2605,2600,5,1,525,125,10,-1,0,0,3,-1
3,2,1,17,80,2680,2615,65,1,710,410,6,2,1,0,-2,1
0,2,1,24,37,2605,2630,-25,0,0,0,-6,-1,1,-1,-2,0
-2,1,1,12,80,2610,2680,-70,-1,-539,-339,-2,-1,0,1,0,-3
-2,2,1,22,62,2605,2615,-10,-1,-650,-450,-12,-1,1,2,6,-3
0,1,1,20,39,2615,2630,-15,0,0,0,11,1,0,0,0,-1
2,0,0,16,65,2610,2605,5,1,854,654,0,0,0,0,1,-1
1,0,1,13,80,2605,2680,-75,0,17,-83,-4,-1,0,0,-2,0
0,0,0,22,52,2630,2610,20,0,15,15,5,-1,0,-1,0,0
0,1,1,20,80,2615,2610,5,0,49,49,-6,1,0,1,0,0
0,0,0,14,67,2680,2630,50,1,751,751,25,2,0,0,1,0
3,1,0,17,60,2615,2680,-65,-1,-692,-992,0,-1,0,0,2,0
2,1,1,20,57,2630,2605,25,1,767,567,8,1,0,0,1,1
0,0,2,12,80,2680,2610,70,-1,-297,-297,-8,2,-1,0,1,0
-2,0,0,10,80,2615,2605,10,-1,-404,-204,-4,-1,0,0,0,0
1,1,1,9,80,2605,2610,-5,0,5,-95,-11,-1,0,0,1,-1
-1,2,1,23,62,2630,2615,15,-1,-667,-567,12,0,1,0,0,1
0,1,1,14,73,2680,2605,75,1,6,6,-3,1,0,0,-1,-1
1,0,0,11,80,2610,2630,-20,0,51,-49,-22,-1,0,0,1,-1
-3,0,0,11,77,2610,2615,-5,1,1469,1769,24,1,0,0,0,0
0,2,2,28,32,2630,2680,-50,0,-10,-10,3,0,0,0,0,0
2,1,1,14,80,2670,2640,30,1,55,-145,-8,0,0,0,0,1
0,0,0,14,67,2640,2670,-30,0,0,0,2,0,0,1,0,0
-1,0,0,15,78,2620,2600,20,-1,-343,-243,-4,-2,0,0,-1,0
1,0,1,13,80,2655,2600,55,0,482,382,10,2,0,0,-1,2
0,0,0,16,62,2655,2620,35,0,0,0,-5,1,0,1,0,-1
0,1,1,26,33,2605,2610,-5,0,6,6,14,0,0,0,0,0
-2,0,0,10,80,2685,2605,80,-1,-81,119,5,-1,0,1,-1,2
0,0,0,16,80,2610,2685,-75,1,291,291,-19,-2,0,-1,-4,1
1,1,1,15,80,2635,2605,30,0,208,108,-4,-1,0,0,-1,0
0,0,1,16,80,2610,2635,-25,-1,-94,-94,0,0,0,0,1,0
0,1,1,18,80,2635,2685,-50,-1,-82,-82,-12,0,0,-1,-4,-1
2,1,1,10,80,2645,2615,30,1,533,333,-1,0,0,0,1,1
-1,2,2,27,28,2620,2645,-25,0,46,146,-1,0,0,0,0,-1
-1,0,1,13,80,2615,2665,-50,-1,-462,-362,-2,2,0,0,1,-2
-1,1,0,19,54,2645,2665,-20,-1,-759,-659,-19,-1,0,0,0,-1
0,1,0,18,40,2615,2620,-5,0,54,54,-1,1,0,-1,-1,0
1,1,1,15,80,2620,2665,-45,0,42,-58,-11,-3,0,0,-1,1
0,1,1,16,80,2600,2635,-35,-1,-34,-34,11,1,0,0,-2,1
0,0,0,18,40,2620,2660,-40,0,0,0,13,1,0,0,0,0
0,2,1,12,80,2635,2620,15,-1,-541,-541,0,0,1,0,0,0
1,0,0,17,80,2600,2620,-20,0,0,-100,-2,1,0,1,2,1
0,2,1,24,45,2660,2635,25,0,14,14,0,0,1,0,1,-1
1,0,0,9,80,2660,2600,60,0,0,-100,-7,-1,0,0,-3,0
0,1,0,14,80,2637,2604,33,0,0,0,16,0,0,-1,0,1
0,2,2,30,39,2604,2680,-76,0,8,8,17,-1,0,0,0,0
-1,1,2,21,68,2637,2680,-43,-1,-895,-795,-13,1,-1,0,-1,0
2,0,1,10,80,2602,2750,-148,0,23,-177,6,1,0,-1,-2,0
0,0,0,10,76,2656,2683,-27,0,0,0,-20,0,0,0,0,-1
0,2,1,18,53,2678,2606,72,0,2,2,10,2,1,0,-1,1
0,1,2,24,58,2669,2701,-32,0,158,158,-8,0,-1,1,2,1
0,1,2,26,34,2623,2628,-5,0,-15,-15,10,0,-1,0,0,0
0,2,2,20,36,2660,2735,-75,0,0,0,-8,0,0,0,-1,1
0,0,0,12,80,2762,2656,106,0,0,0,-10,1,0,0,0,0
0,1,0,14,54,2624,2681,-57,0,-11,-11,0,1,0,0,-1,-1
0,2,2,24,52,2602,2645,-43,0,34,34,2,-1,0,0,2,-1
-1,1,0,21,58,2631,2669,-38,0,83,183,4,-1,0,0,-1,1
1,1,0,11,80,2628,2646,-18,-1,-10,-110,-20,0,0,-1,-2,0
-3,0,0,19,72,2639,2600,39,-1,-687,-387,-37,-1,0,0,-1,0
0,1,1,12,72,2624,2639,-15,0,1,1,0,-1,0,0,2,0
0,0,0,14,78,2641,2732,-91,-1,-659,-659,-10,0,0,0,0,0
1,1,1,19,65,2695,2645,50,1,512,412,11,0,0,0,0,1
3,0,1,15,57,2690,2614,76,1,711,411,24,0,0,-1,1,-1
-1,0,0,15,80,2621,2673,-52,-1,-27,73,-2,3,0,1,1,0
0,1,1,26,41,2606,2639,-33,0,-12,-12,-13,0,0,0,0,0
-3,0,1,21,80,2614,2641,-27,1,236,536,-13,0,0,0,-1,0
0,1,1,26,29,2732,2690,42,0,22,22,13,0,0,0,0,0
1,2,2,17,80,2641,2673,-32,1,575,475,7,0,0,0,0,1
-3,1,1,17,57,2690,2645,45,1,875,1175,37,2,0,0,2,1
0,0,0,12,80,2624,2695,-71,0,2,2,-5,-3,0,0,0,0
1,1,1,13,80,2660,2638,22,-1,-93,-193,-24,-2,0,0,1,-1
1,0,0,13,71,2654,2639,15,0,-8,-108,-3,-1,0,0,-2,0
0,1,1,18,80,2639,2656,-17,0,263,263,2,0,0,0,-2,1
0,0,0,16,80,2639,2657,-18,-1,-909,-909,-14,-2,0,-1,-3,0
0,2,2,24,46,2645,2641,4,0,1,1,-20,-1,0,0,-1,-1
0,0,0,18,44,2673,2690,-17,0,10,10,0,1,0,0,0,0
1,1,1,19,59,2635,2801,-166,0,7,-93,0,-1,0,-1,-1,0
1,2,2,17,80,2695,2606,89,0,29,-71,7,1,0,-1,2,1
-1,0,0,13,74,2656,2635,21,-1,-771,-671,2,2,0,0,1,0
0,0,0,10,79,2678,2678,0,0,-4,-4,0,-2,0,0,0,0
5,1,1,23,41,2621,2600,21,0,-40,-540,3,0,0,0,0,0
1,0,0,13,76,2631,2701,-70,-1,-956,-1056,0,2,0,-1,-3,-1
0,0,0,10,80,2623,2646,-23,0,-7,-7,-13,-1,0,0,1,0
0,1,1,28,41,2645,2673,-28,0,23,23,18,0,0,0,0,0
-1,1,1,17,52,2610,2600,10,0,0,100,8,1,0,0,2,-2
-8,1,1,18,80,2635,2624,11,0,-1,799,-18,0,0,0,-1,2
0,0,0,22,65,2638,2606,32,0,-15,-15,-3,0,0,-1,0,0
0,1,2,28,80,2718,2651,67,0,11,11,18,0,-1,0,0,0
1,0,0,13,80,2620,2649,-29,1,673,573,5,1,0,0,1,-1
1,1,2,21,41,2741,2642,99,0,6,-94,14,0,-1,-1,-2,1
2,1,2,22,67,2711,2603,108,1,524,324,15,-1,-1,0,1,0
-1,0,0,15,80,2687,2606,81,0,21,121,-9,0,0,1,3,0
-1,0,0,9,80,2651,2681,-30,0,1,101,1,-1,0,0,1,0
0,0,0,24,46,2642,2718,-76,0,5,5,2,0,0,0,0,0
0,0,1,20,50,2603,2655,-52,0,51,51,-1,-1,0,0,-1,1
0,2,2,18,46,2661,2620,41,0,5,5,5,0,0,0,0,0
0,1,0,16,47,2643,2681,-38,-1,-40,-40,-1,-1,0,0,0,0
-3,1,1,17,80,2651,2717,-66,-1,-934,-634,-13,0,0,1,2,-2
0,1,1,14,80,2658,2663,-5,1,503,503,-33,0,0,0,0,-1
0,1,2,24,43,2620,2667,-47,0,-37,-37,17,1,-1,-1,-2,-1
0,1,0,16,75,2681,2642,39,0,-12,-12,7,-1,0,0,0,0
5,2,2,15,59,2718,2643,75,1,581,81,0,2,0,0,1,1
0,1,0,14,80,2640,2651,-11,0,-5,-5,4,0,0,0,-2,0
0,1,1,26,41,2663,2616,47,0,-146,-146,8,-1,0,0,-1,0
0,1,1,18,80,2681,2616,65,0,129,129,1,1,0,1,-2,0
-4,1,0,12,80,2613,2654,-41,1,221,621,-16,1,0,-1,0,2
1,1,1,15,80,2741,2651,90,0,134,34,5,-1,0,0,0,1
0,0,0,26,43,2663,2709,-46,0,3,3,2,0,0,0,0,0
1,1,1,23,43,2711,2620,91,0,-31,-131,-2,0,0,0,-1,1
0,1,1,14,80,2654,2681,-27,0,99,99,-5,0,0,0,-1,0
2,1,0,20,80,2681,2658,23,-1,-1294,-1494,8,0,0,0,-1,-1
0,1,1,22,53,2667,2618,49,0,-87,-87,-7,1,0,1,2,0
1,1,0,17,79,2609,2658,-49,1,892,792,0,-1,0,-1,1,2
0,1,1,24,41,2616,2613,3,0,-57,-57,6,1,0,1,1,-1
0,1,1,14,80,2640,2717,-77,0,0,0,-8,0,0,0,0,0
-1,0,1,17,73,2658,2616,42,0,-1,99,12,0,0,0,0,-2
-9,2,2,25,56,2681,2718,-37,0,30,930,-21,0,0,0,0,0
2,1,1,22,42,2655,2609,46,0,102,-98,-19,-1,0,0,0,0
-1,1,1,19,72,2670,2756,-86,0,0,100,18,1,0,1,-1,0
-1,0,1,15,77,2611,2620,-9,1,10000,10100,27,-1,0,0,2,1
0,2,0,20,47,2718,2613,105,1,531,531,16,2,1,1,1,-1
0,1,0,18,54,2620,2603,17,0,12,12,12,-1,0,0,-3,1
0,0,0,8,79,2740,2788,-48,0,-19,-19,-2,1,0,0,0,-1
1,2,2,23,55,2741,2721,20,0,-5,-105,7,0,0,0,-1,1
0,2,1,18,53,2717,2730,-13,0,-4,-4,7,-1,1,0,0,1
1,2,2,27,38,2709,2654,55,0,0,-100,11,0,0,0,0,0
0,0,1,22,41,2658,2711,-53,0,-15,-15,7,1,0,0,0,1
0,1,1,20,80,2682,2667,15,-1,-15,-15,-9,0,0,0,1,0
1,0,0,13,80,2658,2685,-27,1,1028,928,5,-1,0,0,0,2
-1,1,0,19,62,2687,2615,72,0,-25,75,-2,1,0,1,0,-1
0,0,0,10,80,2603,2618,-15,0,0,0,-8,0,0,0,0,0
-2,0,1,18,55,2788,2616,172,1,668,868,38,2,0,0,4,-1
0,2,1,22,80,2618,2605,13,1,432,432,4,-1,1,0,0,1
1,1,1,13,80,2730,2613,117,1,358,258,8,1,0,0,0,1
0,1,2,18,80,2616,2681,-65,1,666,666,-8,1,-1,-1,-2,2
2,1,1,22,49,2721,2718,3,0,-55,-255,-11,-1,0,0,-1,2
0,1,2,26,49,2710,2615,95,0,-61,-61,-6,-1,-1,1,0,0
0,0,0,14,77,2717,2649,68,0,0,0,4,0,0,0,-2,-1
0,1,1,14,80,2655,2654,1,0,3,3,12,-1,0,0,0,0
0,1,1,14,79,2658,2661,-3,0,0,0,8,-1,0,0,0,0
0,1,1,14,80,2606,2667,-61,1,0,0,2,-1,0,-1,2,-1
0,0,0,26,80,2606,2602,4,1,133,133,25,0,0,0,0,0
-4,0,0,10,80,2681,2730,-49,-1,-476,-76,-10,0,0,0,-2,0
-7,1,0,15,80,2709,2609,100,1,269,969,-39,1,0,0,-1,0
0,0,0,12,80,2718,2616,102,0,74,74,-2,2,0,0,3,-1
0,0,0,22,52,2681,2721,-40,0,19,19,-6,0,0,0,0,1
0,1,2,22,61,2609,2670,-61,0,-37,-37,-8,1,-1,0,0,-1
0,0,1,20,80,2620,2717,-97,-1,-356,-356,-4,2,0,0,0,-1
0,1,1,20,41,2605,2616,-11,0,-15,-15,2,0,0,0,0,0
0,0,0,14,80,2718,2730,-12,0,-1,-1,6,2,0,1,1,-2
0,0,0,14,60,2709,2649,60,0,-3,-3,-3,2,0,0,1,1
0,0,0,12,78,2661,2682,-21,0,-7,-7,3,2,0,0,-1,-1
0,0,0,16,80,2685,2602,83,1,521,521,3,0,0,0,0,0
1,0,0,15,80,2740,2605,135,0,180,80,5,-1,0,-1,0,1
0,2,1,18,53,2641,2731,-90,0,-24,-24,-2,0,1,0,0,0
0,2,1,20,80,2728,2628,100,0,19,19,-6,-2,1,0,0,0
6,1,0,20,40,2636,2697,-61,-1,-485,-1085,-42,-1,0,0,0,-2
-2,1,0,16,80,2711,2683,28,1,95,295,1,0,0,1,1,-1
0,0,0,20,61,2718,2615,103,1,592,592,16,0,0,0,1,0
0,0,0,12,80,2645,2688,-43,0,-2,-2,6,0,0,0,-2,0
0,2,1,16,80,2731,2658,73,1,133,133,11,0,1,0,0,0
0,1,1,16,67,2601,2723,-122,0,0,0,12,0,0,0,1,0
-3,1,1,23,39,2688,2661,27,1,682,982,48,2,0,0,0,0
1,0,1,13,80,2677,2678,-1,-1,-1012,-1112,3,-1,0,0,0,0
-2,0,0,10,80,2721,2669,52,-1,-232,-32,-6,3,0,0,0,1
1,0,0,15,45,2641,2694,-53,0,-10,-110,3,-2,0,0,-1,1
3,1,1,19,56,2645,2635,10,0,-3,-303,10,0,0,0,0,0
0,0,0,20,59,2731,2677,54,0,10,10,11,-1,0,0,-1,0
-1,1,0,11,80,2601,2721,-120,-1,-59,41,0,-1,0,0,-2,1
0,1,1,20,45,2617,2683,-66,0,-23,-23,2,2,0,0,-2,1
-1,2,2,21,80,2718,2616,102,-1,-539,-439,-14,0,0,0,-2,-1
-1,1,1,21,72,2669,2677,-8,-1,-942,-842,7,-1,0,0,0,0
0,1,1,14,63,2601,2657,-56,0,0,0,12,0,0,1,0,0
0,1,0,16,61,2657,2669,-12,0,-30,-30,-6,0,0,0,-1,-1
0,1,1,26,80,2677,2601,76,0,1,1,1,1,0,0,1,0
1,0,0,9,74,2677,2657,20,0,0,-100,4,1,0,-1,0,2
0,0,1,16,80,2651,2628,23,1,28,28,0,0,0,0,1,0
0,1,1,20,41,2731,2678,53,0,-9,-9,0,0,0,0,0,0
-4,0,0,10,80,2637,2728,-91,-1,-256,144,0,1,0,0,-1,-1
0,2,2,20,50,2670,2608,62,0,-40,-40,-20,2,0,0,0,0
0,2,1,20,80,2659,2601,58,0,-17,-17,-9,1,1,0,-1,0
5,0,0,21,51,2669,2601,68,0,-34,-534,7,0,0,0,0,0
1,0,1,15,80,2719,2657,62,1,190,90,-6,-1,0,1,2,-2
1,1,2,17,80,2651,2718,-67,1,757,657,3,2,-1,0,-1,2
0,1,2,28,43,2617,2601,16,0,-26,-26,0,1,-1,0,0,0
0,1,1,20,40,2615,2645,-30,0,16,16,4,0,0,0,1,0
-1,0,0,15,60,2677,2719,-42,-1,-629,-529,-11,1,0,0,0,1
3,1,2,21,49,2669,2617,52,0,-11,-311,6,0,-1,0,0,0
-4,1,0,18,64,2616,2641,-25,-1,-770,-370,-20,0,0,-1,0,-1
0,2,1,18,63,2711,2669,42,1,630,630,7,0,1,0,1,1
-1,2,0,19,53,2635,2615,20,1,629,729,12,0,1,0,0,0
-1,1,1,13,80,2721,2761,-40,1,70,170,-9,1,0,0,2,1
2,0,0,14,80,2719,2645,74,1,184,-16,-20,-1,0,-1,-1,0
-1,0,1,19,56,2611,2683,-72,0,1,101,-5,-1,0,0,-1,0
0,1,1,22,60,2678,2617,61,0,0,0,9,-1,0,0,0,1
0,1,1,24,47,2658,2711,-53,0,-28,-28,-9,0,0,0,0,0
0,0,0,20,41,2615,2601,14,0,-17,-17,8,-1,0,0,0,0
-1,1,0,17,80,2761,2661,100,1,28,128,10,0,0,0,0,-1
0,2,2,28,42,2617,2716,-99,0,-13,-13,8,1,0,0,0,0
2,0,1,14,71,2671,2761,-90,1,785,585,7,2,0,0,3,-1
-1,1,0,15,80,2683,2601,82,-1,-377,-277,4,0,0,0,0,-2
1,0,1,13,80,2749,2645,104,1,32,-68,0,-1,0,0,-1,0
0,1,1,20,41,2630,2731,-101,0,-18,-18,1,0,0,0,0,0
3,1,1,19,80,2611,2716,-105,0,200,-100,-22,-1,0,1,0,0
0,1,1,16,69,2761,2669,92,1,594,594,3,2,0,1,3,0
-8,0,0,12,80,2635,2683,-48,0,4,804,-33,2,0,0,-1,0
0,0,0,16,80,2718,2624,94,0,6,6,10,1,0,0,0,0
0,1,1,18,68,2628,2664,-36,0,-19,-19,-5,0,0,0,-3,2
-2,0,0,14,80,2645,2678,-33,-1,-732,-532,-16,1,0,0,1,0
1,0,0,11,80,2637,2630,7,0,40,-60,0,0,0,0,-1,1
0,1,1,20,42,2761,2749,12,0,-2,-2,4,-1,0,0,0,0
0,1,0,14,80,2731,2719,12,1,267,267,12,-2,0,0,0,-1
0,1,0,18,75,2683,2723,-40,0,-33,-33,11,0,0,0,0,0
0,0,0,22,50,2716,2718,-2,0,16,16,-19,-1,0,0,0,0
1,0,1,21,80,2657,2728,-71,-1,-789,-889,-11,0,0,0,0,2
-1,0,0,11,80,2670,2664,6,-1,-210,-110,5,2,0,0,1,0
0,0,1,26,55,2637,2697,-60,0,39,39,13,-1,0,0,0,0
0,0,0,16,80,2674,2635,39,1,-88,-88,-5,0,0,0,-1,-1
0,2,0,26,45,2617,2615,2,0,-95,-95,-16,0,1,1,0,0
-9,1,0,23,80,2637,2761,-124,0,51,951,-40,-2,0,1,0,0
0,0,0,16,80,2666,2690,-24,1,490,490,14,-2,0,1,1,-1
-2,0,0,12,80,2633,2740,-107,0,-42,158,2,-1,0,0,1,-1
1,0,0,13,80,2716,2608,108,0,29,-71,3,0,0,0,0,1
0,0,0,16,80,2619,2604,15,0,3,3,5,1,0,1,2,1
3,1,1,19,80,2623,2756,-133,1,320,20,3,1,0,0,-3,2
0,1,1,24,45,2676,2655,21,0,38,38,5,0,0,0,2,-1
0,0,0,12,80,2640,2635,5,0,0,0,-8,1,0,1,1,0
0,0,0,16,80,2624,2619,5,0,-5,-5,2,1,0,1,-1,0
0,1,1,18,80,2606,2672,-66,0,-1,-1,2,0,0,-1,-1,0
-2,0,2,20,63,2706,2641,65,0,0,200,31,2,-1,1,0,0
-1,1,0,15,80,2646,2643,3,0,-51,49,-4,1,0,0,-3,0
0,1,1,14,80,2624,2622,2,0,-36,-36,-5,0,0,1,3,1
-9,2,1,23,54,2613,2628,-15,0,-37,863,-20,2,1,0,0,0
-2,0,0,18,80,2740,2690,50,0,-29,171,-24,-1,0,1,0,-2
0,1,1,16,80,2671,2716,-45,0,-134,-134,0,-1,0,0,-3,-1
1,1,1,13,80,2733,2682,51,0,3,-97,2,-1,0,0,0,1
0,0,1,16,42,2652,2705,-53,0,-27,-27,-7,-2,0,-1,-2,0
-1,0,0,9,80,2707,2639,68,0,-8,92,-16,-1,0,0,3,-1
3,1,1,19,43,2633,2666,-33,0,-5,-305,17,-2,0,0,-1,0
1,2,1,23,47,2756,2604,152,1,571,471,3,0,1,-1,1,0
0,2,2,22,80,2623,2619,4,-1,-2,-2,-10,-1,0,0,0,0
0,0,1,16,80,2640,2706,-66,1,462,462,7,-2,0,0,-2,0
1,0,1,13,80,2657,2619,38,-1,-215,-315,7,0,0,0,-1,-1
-1,0,1,13,67,2625,2646,-21,0,-6,94,-2,0,0,0,2,0
8,1,0,16,57,2606,2676,-70,1,813,13,25,1,0,0,2,-1
1,1,0,13,79,2635,2641,-6,0,-5,-105,26,1,0,0,-1,1
0,0,0,18,47,2637,2710,-73,0,0,0,15,-2,0,0,0,0
0,0,0,16,43,2628,2613,15,0,-6,-6,18,0,0,0,0,0
1,2,2,23,41,2627,2607,20,0,0,-100,17,-1,0,0,0,0
0,1,2,30,41,2666,2740,-74,0,-12,-12,5,0,-1,0,0,0
1,0,1,17,73,2690,2633,57,0,0,-100,2,1,0,1,0,0
0,0,0,18,67,2608,2671,-63,1,10000,10000,23,1,0,0,0,-1
2,1,0,16,80,2619,2756,-137,1,391,191,-5,0,0,-1,-4,3
0,0,0,22,80,2696,2807,-111,-1,-256,-256,-11,-1,0,1,-1,1
0,1,0,22,40,2604,2623,-19,0,-4,-4,-1,0,0,0,0,0
0,1,1,16,80,2676,2672,4,0,-22,-22,-9,1,0,0,0,-1
-1,0,1,15,80,2706,2635,71,1,680,780,-13,0,0,0,1,-1
0,0,0,12,80,2624,2657,-33,0,0,0,-3,0,0,0,0,0
1,0,0,11,80,2655,2606,49,0,0,-100,-1,0,0,0,-1,0
0,0,1,18,64,2641,2640,1,0,2,2,-13,0,0,1,3,0
0,1,1,16,80,2643,2625,18,0,-76,-76,-5,0,0,0,-1,0
-4,1,0,12,80,2628,2628,0,0,0,400,3,1,0,0,1,-1
-1,1,1,21,80,2682,2606,76,0,216,316,-7,0,0,0,0,-1
5,1,0,19,65,2639,2643,-4,1,1157,657,10,1,0,0,1,0
0,1,2,16,58,2628,2696,-68,0,-2,-2,-2,1,-1,0,0,0
0,1,1,16,80,2733,2655,78,0,86,86,-4,0,0,0,0,0
0,0,1,10,80,2625,2705,-80,0,-116,-116,-18,2,0,0,1,0
0,1,1,14,71,2636,2715,-79,0,0,0,5,0,0,0,0,0
3,2,0,21,59,2655,2676,-21,1,10000,9700,48,-1,1,-1,0,1
3,1,1,17,59,2625,2633,-8,1,726,426,10,-1,0,-1,-3,3
-1,0,0,19,48,2619,2710,-91,0,-12,88,0,0,0,0,1,0
0,0,1,14,80,2657,2682,-25,0,-20,-20,0,0,0,1,2,-1
0,0,0,14,80,2652,2662,-10,0,-27,-27,-27,0,0,1,2,0
0,1,0,16,77,2647,2639,8,0,19,19,-2,0,0,1,0,0
0,0,0,16,80,2613,2703,-90,-1,112,112,2,0,0,0,-2,1
0,1,1,14,80,2696,2627,69,0,9,9,17,-1,0,0,1,0
1,0,0,11,80,2625,2733,-108,0,10,-90,1,0,0,0,1,1
0,1,0,22,60,2655,2655,0,0,-19,-19,8,0,0,0,-1,0
0,1,0,18,43,2633,2625,8,0,-4,-4,7,-1,0,0,-3,1
1,1,2,23,50,2710,2704,6,0,-18,-118,-17,0,-1,0,0,1
0,0,0,12,80,2619,2655,-36,-1,-663,-663,-1,0,0,-1,-1,2
-1,0,0,11,80,2604,2635,-31,0,433,533,-10,1,0,-1,-2,-2
0,0,1,14,80,2655,2637,18,0,61,61,11,1,0,0,1,0
0,1,2,26,42,2627,2608,19,0,25,25,4,2,-1,1,2,1
0,1,0,18,80,2703,2606,97,0,140,140,6,1,0,1,2,-1
0,1,0,16,80,2641,2696,-55,0,-22,-22,1,-1,0,0,1,-1
1,1,0,15,74,2624,2668,-44,0,0,-100,-7,-1,0,0,0,1
-2,1,1,18,80,2652,2628,24,0,90,290,13,-1,0,1,3,1
2,1,0,16,80,2607,2639,-32,1,675,475,9,0,0,-1,-4,0
0,1,1,26,43,2666,2746,-80,0,-5,-5,13,-1,0,1,0,0
0,1,1,22,49,2608,2666,-58,0,0,0,10,-1,0,0,0,0
1,0,1,19,59,2756,2612,144,1,419,319,2,-2,0,1,1,0
0,1,1,22,37,2606,2756,-150,0,-15,-15,11,0,0,0,0,0
1,0,1,15,80,2649,2667,-18,0,27,-73,-4,-2,0,0,-1,-1
2,1,0,16,80,2608,2654,-46,-1,-619,-819,-27,1,0,0,0,-1
0,2,2,24,29,2633,2608,25,0,3,3,14,0,0,0,-1,1
-2,2,0,18,80,2643,2690,-47,1,555,755,25,0,1,0,0,-1
-1,0,0,15,80,2649,2639,10,1,428,528,9,-1,0,0,-1,1
0,1,1,16,71,2611,2610,1,0,-4,-4,5,1,0,0,-1,-1
0,0,0,20,49,2615,2623,-8,0,-32,-32,0,2,0,0,0,0
0,0,0,22,53,2641,2628,13,0,0,0,4,0,0,0,0,0
-1,0,0,9,80,2667,2643,24,-1,-146,-46,2,-2,0,0,-1,-1
-1,0,1,13,67,2608,2746,-138,0,-6,94,8,-1,0,0,1,-1
3,2,1,23,51,2702,2600,102,0,11,-289,2,1,1,0,-1,0
0,1,0,20,69,2627,2612,15,1,408,408,13,0,0,0,2,0
-1,1,1,15,80,2627,2606,21,0,-51,49,7,2,0,0,0,-1
-1,1,0,13,80,2606,2612,-6,-1,-31,69,-5,-1,0,0,0,-1
-1,0,0,13,66,2608,2690,-82,-1,-876,-776,-23,-1,0,0,0,0
0,1,2,26,60,2610,2600,10,0,-2,-2,16,-1,-1,1,0,0
3,1,0,17,63,2654,2612,42,0,5,-295,12,0,0,0,-2,1
-2,1,1,22,44,2633,2627,6,0,235,435,9,1,0,1,3,-2
-1,1,1,13,64,2690,2746,-56,-1,-337,-237,11,-2,0,0,1,-1
0,1,1,14,80,2755,2649,106,0,-11,-11,10,0,0,0,0,0
0,0,1,20,64,2610,2702,-92,0,10,10,-12,1,0,0,1,0
-1,0,0,15,70,2623,2657,-34,0,-12,88,4,-1,0,1,2,-1
0,0,0,24,43,2615,2640,-25,0,63,63,16,-1,0,0,0,0
0,1,0,18,80,2612,2633,-21,0,72,72,17,1,0,0,0,0
0,1,1,16,80,2627,2654,-27,0,0,0,4,-1,0,-1,-1,1
-1,1,1,19,63,2606,2746,-140,0,15,115,35,2,0,1,-1,1
0,0,0,14,80,2755,2667,88,0,-124,-124,-24,0,0,0,-1,-1
0,0,0,12,59,2600,2667,-67,0,-3,-3,2,0,0,1,0,1
0,0,0,16,80,2649,2666,-17,0,26,26,7,0,0,0,0,0
1,2,1,25,43,2608,2606,2,0,4,-96,-2,0,1,-1,1,2
-1,1,0,15,80,2667,2600,67,0,0,100,9,0,0,0,2,1
0,2,2,24,37,2667,2755,-88,0,15,15,3,0,0,0,0,0
-5,1,1,19,48,2702,2643,59,0,-24,476,-34,0,0,0,0,-1
0,1,0,20,65,2639,2623,16,-1,-916,-916,-18,0,0,0,0,0
-1,1,0,17,52,2613,2640,-27,-1,-710,-610,-36,-2,0,1,-2,1
-1,0,0,13,80,2633,2756,-123,0,0,100,-3,1,0,1,2,0
0,1,1,20,80,2606,2666,-60,-1,-500,-500,9,1,0,0,0,0
0,1,0,12,80,2756,2654,102,-1,0,0,1,1,0,0,-1,0
0,0,0,18,65,2606,2633,-27,0,-10,-10,-5,0,0,-1,1,0
0,2,2,28,30,2612,2608,4,0,7,7,-6,-1,0,0,0,-1
1,0,0,13,80,2654,2606,48,0,0,-100,1,0,0,0,1,0
3,1,0,25,35,2746,2612,134,0,6,-294,8,0,0,0,0,0
0,0,1,16,68,2604,2695,-91,0,0,0,-4,0,0,1,0,0
0,1,1,22,35,2602,2630,-28,0,-45,-45,-1,0,0,0,0,0
2,0,0,10,77,2706,2643,63,1,599,399,0,2,0,0,2,0
0,2,2,26,35,2699,2744,-45,0,-34,-34,7,0,0,0,0,1
2,1,0,12,73,2719,2695,24,1,751,551,0,-1,0,0,-3,0
0,0,0,14,80,2653,2603,50,0,-88,-88,-5,-1,0,0,1,-1
1,1,0,9,80,2675,2627,48,0,0,-100,4,-2,0,0,0,0
-1,1,0,15,65,2630,2706,-76,1,705,805,1,0,0,0,-3,1
1,1,1,15,80,2744,2633,111,1,146,46,3,1,0,0,-1,0
0,0,0,20,40,2643,2602,41,0,0,0,6,0,0,1,1,-1
1,1,1,23,80,2610,2600,10,1,317,217,3,1,0,0,-2,2
0,0,0,12,80,2695,2659,36,0,61,61,1,-1,0,0,1,0
0,1,1,26,38,2630,2619,11,0,-21,-21,3,0,0,0,-1,1
0,0,0,26,34,2610,2602,8,0,1,1,1,0,0,0,0,1
0,1,2,24,47,2643,2675,-32,0,-34,-34,6,1,-1,0,1,-1
0,0,0,18,61,2630,2695,-65,0,-63,-63,-3,1,0,1,0,0
-2,0,1,18,67,2653,2633,20,1,706,906,-1,2,0,-1,-2,1
3,0,1,17,63,2652,2650,2,1,1031,731,34,1,0,0,3,0
0,1,1,24,56,2631,2601,30,0,-5,-5,15,-1,0,0,-1,0
0,0,0,12,80,2630,2630,0,1,340,340,-8,-1,0,0,-1,1
-1,1,0,9,80,2633,2633,0,0,-16,84,-22,1,0,0,-1,1
0,1,0,14,62,2603,2610,-7,0,0,0,-25,1,0,-1,-2,1
0,1,1,20,50,2619,2643,-24,0,-17,-17,5,-1,0,0,0,0
1,1,1,13,71,2630,2643,-13,0,0,-100,3,-2,0,0,-1,0
0,0,0,16,80,2699,2633,66,1,573,573,9,0,0,0,-1,-1
0,1,1,24,48,2604,2627,-23,0,33,33,4,0,0,0,1,-1
0,1,1,20,61,2633,2607,26,1,538,538,20,-1,0,0,1,0
3,2,1,21,55,2600,2744,-144,0,81,-219,5,0,1,0,0,2
0,0,0,16,80,2630,2610,20,1,247,247,1,-1,0,-1,0,0
0,0,0,14,58,2627,2659,-32,0,0,0,-28,-1,0,0,1,-1
0,1,1,14,80,2607,2699,-92,0,0,0,2,-1,0,0,0,-1
0,1,1,14,66,2603,2604,-1,-1,-734,-734,7,0,0,-1,-2,0
0,1,1,18,50,2602,2659,-57,0,27,27,6,1,0,0,0,1
1,0,0,13,80,2610,2695,-85,0,62,-38,-5,-2,0,0,-1,0
0,2,2,30,24,2604,2602,2,0,44,44,16,-2,0,0,0,0
2,1,0,10,80,2659,2603,56,1,247,47,-31,-1,0,0,1,-2
0,0,1,18,80,2604,2630,-26,0,-10,-10,5,-1,0,0,0,0
3,2,0,21,41,2704,2602,102,0,-5,-305,35,1,1,0,0,0
0,1,1,16,80,2659,2643,16,0,-6,-6,12,0,0,0,0,0
2,0,0,12,73,2643,2604,39,1,458,258,2,0,0,1,1,0
0,1,1,18,80,2630,2659,-29,1,311,311,10,-1,0,0,1,1
0,1,1,22,80,2744,2704,40,0,66,66,2,-1,0,0,0,1
-1,0,1,13,80,2633,2603,30,1,0,100,4,1,0,0,0,0
3,1,0,21,49,2610,2627,-17,0,23,-277,8,0,0,0,0,0
-1,2,1,19,80,2607,2600,7,0,-13,87,-3,-1,1,0,-1,0
3,2,2,27,33,2610,2643,-33,0,1,-299,6,0,0,0,-1,0
0,1,0,18,63,2675,2659,16,0,2,2,2,-1,0,0,0,0
0,2,2,24,46,2604,2675,-71,0,58,58,14,0,0,0,0,0
0,1,0,20,80,2630,2610,20,0,91,91,-5,1,0,0,0,1
0,2,2,28,39,2627,2600,27,0,-121,-121,-11,1,0,0,0,0
0,1,1,18,65,2643,2600,43,0,13,13,-4,-1,0,0,1,-1
0,2,2,32,19,2600,2630,-30,0,4,4,1,0,0,0,0,0
5,1,1,23,41,2604,2601,3,0,-16,-516,52,0,0,0,-1,0
0,2,2,26,47,2661,2690,-29,0,-63,-63,15,-1,0,0,-1,0
0,0,0,10,78,2651,2646,5,0,-13,-13,1,2,0,0,-1,-1
0,1,1,22,71,2622,2617,5,0,22,22,-6,-1,0,0,0,0
0,1,1,22,36,2640,2624,16,0,20,20,2,0,0,0,0,0
0,0,0,18,69,2684,2620,64,0,-1,-1,-11,0,0,0,0,0
1,0,1,17,78,2603,2603,0,1,615,515,-1,1,0,0,0,1
0,1,1,20,59,2690,2615,75,1,545,545,14,-1,0,0,-1,-1
-1,2,2,25,62,2607,2607,0,0,28,128,15,0,0,1,1,0
-2,0,0,14,80,2603,2745,-142,-1,-352,-152,-3,-1,0,1,-1,-1
0,2,2,30,38,2661,2672,-11,0,79,79,8,-1,0,0,1,-1
1,0,0,13,80,2613,2653,-40,1,575,475,8,-2,0,0,1,1
-1,1,0,11,80,2645,2603,42,0,3,103,2,-1,0,1,1,1
1,1,2,17,67,2755,2607,148,1,429,329,0,2,-1,0,0,1
0,1,1,28,27,2651,2661,-10,0,-25,-25,-9,0,0,0,0,0
0,1,1,24,47,2635,2755,-120,0,41,41,5,-1,0,0,1,-1
1,0,1,21,45,2690,2620,70,0,-5,-105,9,1,0,1,0,1
0,1,0,24,36,2631,2617,14,0,-36,-36,4,1,0,1,0,0
0,0,0,24,80,2645,2650,-5,0,-92,-92,-6,1,0,0,1,-1
-5,0,0,19,40,2613,2702,-89,0,-11,489,-32,0,0,0,0,0
1,0,0,13,68,2607,2615,-8,0,11,-89,6,0,0,0,-1,1
-2,2,0,20,80,2620,2661,-41,0,-160,40,7,-1,1,-1,1,2
-2,1,1,14,80,2646,2631,15,-1,-482,-282,-9,-2,0,0,-1,0
0,1,0,22,47,2617,2613,4,0,7,7,-10,1,0,0,1,-1
0,1,1,18,58,2607,2620,-13,0,-10,-10,-6,-1,0,1,-1,0
0,2,2,30,33,2653,2607,46,0,-147,-147,-13,0,0,0,0,0
-9,0,0,15,80,2607,2635,-28,0,-10,890,-23,0,0,0,0,0
-2,2,1,16,80,2651,2672,-21,-1,-420,-220,1,-1,1,0,1,0
0,2,2,28,35,2628,2617,11,0,-45,-45,0,0,0,0,0,0
0,0,0,14,79,2603,2619,-16,0,-6,-6,-6,0,0,0,0,0
1,1,1,13,80,2661,2615,46,1,321,221,9,-2,0,0,-2,0
0,2,2,28,31,2661,2617,44,0,-27,-27,-9,0,0,0,-1,1
0,1,1,18,61,2603,2622,-19,0,1,1,4,-1,0,0,0,0
0,0,0,20,52,2615,2745,-130,0,0,0,-31,-1,0,0,2,1
0,1,0,20,80,2605,2650,-45,-1,10,10,2,0,0,1,0,-1
1,1,0,25,61,2745,2661,84,0,2,-98,9,1,0,0,0,0
0,1,1,22,58,2622,2665,-43,0,1,1,1,-1,0,0,1,1
0,1,1,26,80,2628,2624,4,1,-18,-18,-2,0,0,0,-1,1
0,2,2,30,21,2617,2615,2,0,20,20,12,0,0,0,0,0
-3,1,1,25,54,2655,2672,-17,0,-3,297,-41,0,0,0,0,0
0,0,0,18,50,2613,2677,-64,0,-2,-2,6,0,0,0,1,0
0,2,2,26,33,2650,2690,-40,0,0,0,7,0,0,0,-1,1
0,1,0,28,31,2603,2661,-58,0,54,54,12,0,0,-1,-1,1
1,1,1,13,80,2650,2635,15,0,12,-88,2,0,0,0,-1,0
-2,2,2,22,41,2672,2605,67,1,685,885,13,1,0,-1,-2,0
0,2,2,24,43,2745,2645,100,0,-33,-33,-8,-1,0,0,1,0
0,1,0,20,58,2690,2702,-12,-1,-575,-575,-5,1,0,-1,1,0
-2,1,0,20,49,2699,2681,18,1,10000,10200,41,1,0,1,3,-1
0,1,0,16,80,2684,2665,19,0,0,0,1,-1,0,-1,0,0
-1,1,1,15,80,2667,2619,48,-1,-398,-298,5,0,0,1,1,-2
1,1,0,17,80,2635,2611,24,0,151,51,2,-1,0,0,0,0
-3,1,1,23,80,2607,2650,-43,-1,-496,-196,-5,1,0,0,1,1
-1,1,1,13,80,2755,2672,83,1,541,641,-13,1,0,0,-1,-1
1,1,1,19,80,2645,2603,42,1,749,649,15,0,0,0,2,0
0,2,2,28,43,2645,2646,-1,0,50,50,6,0,0,0,0,0
0,1,2,20,70,2653,2684,-31,0,68,68,4,1,-1,1,1,-1
2,0,0,16,70,2624,2634,-10,0,-22,-222,-11,-1,0,0,0,0
0,1,1,18,57,2690,2745,-55,0,15,15,0,1,0,0,-1,1
0,1,1,14,80,2702,2651,51,0,-5,-5,1,1,0,0,2,1
1,1,1,21,80,2617,2699,-82,1,107,7,-5,0,0,0,1,0
0,2,1,16,80,2665,2640,25,0,21,21,-5,0,1,-1,-2,1
0,2,2,30,21,2605,2603,2,0,29,29,-3,0,0,0,-1,1
4,1,0,24,39,2607,2651,-44,1,739,339,5,1,0,1,2,0
0,1,1,24,38,2603,2690,-87,0,34,34,13,0,0,0,0,1
0,1,1,24,33,2672,2607,65,0,-69,-69,-6,-2,0,0,0,0
-1,2,2,23,43,2702,2607,95,1,606,706,6,-2,0,0,0,0
0,0,1,16,80,2645,2755,-110,-1,-64,-64,11,0,0,0,0,0
-2,1,0,20,80,2690,2684,6,0,502,702,0,0,0,1,1,0
-1,0,0,11,80,2640,2667,-27,-1,-130,-30,-6,2,0,-1,-2,0
0,1,1,24,43,2607,2603,4,0,20,20,-1,0,0,0,-1,1
-1,1,1,25,33,2723,2631,92,1,618,718,12,0,0,0,0,-1
-1,1,0,21,60,2675,2610,65,-1,-331,-231,4,-2,0,0,-2,0
1,1,0,19,80,2664,2602,62,1,543,443,-31,2,0,0,2,0
2,0,1,12,80,2635,2613,22,0,38,-162,3,1,0,0,-2,1
-2,0,1,16,50,2667,2626,41,0,15,215,-9,0,0,0,-2,0
2,2,1,12,74,2604,2646,-42,1,1345,1145,11,-2,1,0,-1,-1
-2,2,2,20,80,2602,2619,-17,-1,-304,-104,13,-1,0,-1,2,-2
0,1,1,24,45,2613,2668,-55,0,-4,-4,9,0,0,0,1,0
1,0,0,11,80,2646,2626,20,1,26,-74,5,0,0,0,-1,0
1,0,1,19,77,2626,2603,23,1,683,583,9,2,0,0,0,3
1,2,1,27,31,2627,2766,-139,0,1,-99,8,-2,1,-1,-3,2
1,2,2,29,31,2631,2613,18,0,-22,-122,6,1,0,0,0,1
0,0,0,16,80,2654,2675,-21,0,0,0,-3,0,0,0,-1,0
0,1,1,18,44,2605,2626,-21,0,0,0,-8,0,0,1,3,-1
-2,0,1,14,80,2766,2610,156,1,1012,1212,5,2,0,0,2,-3
0,2,2,20,49,2675,2603,72,1,10000,10000,43,1,0,1,2,-2
0,1,2,12,80,2613,2645,-32,0,-22,-22,3,1,-1,-1,0,-2
-2,1,1,18,80,2649,2668,-19,0,-69,131,2,-1,0,0,-2,0
2,2,0,24,36,2626,2604,22,-1,-1323,-1523,-5,-1,1,-2,-2,3
4,1,0,16,43,2657,2649,8,0,6,-394,4,1,0,-1,-2,0
0,1,1,20,80,2602,2647,-45,-1,-78,-78,-12,1,0,0,1,0
1,0,2,17,80,2766,2649,117,1,551,451,-15,2,-1,-1,2,0
2,2,1,22,44,2604,2610,-6,0,14,-186,-5,0,1,0,0,1
0,0,1,18,52,2627,2613,14,0,-67,-67,1,-2,0,0,-1,0
0,2,2,30,33,2649,2602,47,0,-98,-98,-17,2,0,0,0,0
1,2,1,25,31,2657,2766,-109,0,7,-93,8,1,1,0,-1,1
2,1,1,24,61,2737,2664,73,1,606,406,11,-1,0,-1,-2,2
0,1,0,18,80,2610,2640,-30,0,-38,-38,1,1,0,1,3,1
0,1,1,18,75,2605,2604,1,0,9,9,-5,0,0,0,1,0
-1,0,1,21,55,2654,2603,51,0,0,100,12,1,0,1,0,0
0,2,1,22,80,2631,2645,-14,0,0,0,9,-2,1,0,0,0
3,0,0,15,75,2655,2619,36,1,681,381,2,1,0,0,-1,1
-2,0,0,22,80,2640,2602,38,0,0,200,6,-1,0,0,1,-1
0,0,1,18,48,2649,2647,2,0,5,5,-6,1,0,0,-1,-1
0,2,1,16,80,2668,2626,42,0,8,8,5,-2,1,0,0,1
1,1,0,11,80,2631,2627,4,1,441,341,8,-1,0,0,-1,0
0,1,1,16,71,2626,2737,-111,0,158,158,5,1,0,0,2,1
2,1,1,24,63,2723,2604,119,1,723,523,13,-1,0,-1,-3,1
-2,1,1,20,80,2766,2647,119,0,0,200,2,2,0,0,1,-1
0,0,1,16,80,2668,2737,-69,-1,-475,-475,-7,-1,0,0,-1,-2
0,1,0,16,80,2649,2627,22,1,449,449,1,-2,0,0,2,0
0,1,0,14,80,2631,2626,5,-1,-848,-848,-24,0,0,0,2,0
0,2,2,26,35,2627,2657,-30,0,27,27,12,0,0,0,0,0
0,2,1,28,35,2668,2631,37,0,-59,-59,-10,0,1,0,-1,1
-4,0,1,20,62,2602,2723,-121,0,0,400,-23,-1,0,-1,2,2
1,2,1,27,48,2602,2610,-8,0,0,-100,5,0,1,-1,-2,0
0,0,0,18,80,2613,2610,3,0,418,418,17,0,0,0,0,0
1,1,0,15,80,2604,2695,-91,1,247,147,-9,0,0,-1,-4,1
3,1,2,25,43,2631,2657,-26,0,-84,-384,4,0,-1,0,0,0
0,1,1,22,55,2664,2675,-11,0,-30,-30,5,0,0,0,1,0
0,2,1,26,40,2627,2602,25,0,37,37,12,0,1,0,-1,0
0,2,1,24,43,2649,2631,18,0,23,23,2,-1,1,-1,-1,2
0,1,1,12,80,2627,2649,-22,0,-9,-9,8,0,0,-1,0,1
-2,1,2,18,70,2604,2695,-91,-1,-598,-398,-9,1,-1,0,0,0
0,1,1,20,57,2664,2603,61,1,591,591,21,1,0,-1,1,-2
-1,2,1,19,80,2602,2631,-29,-1,-274,-174,-8,-2,1,-1,-2,2
1,2,1,15,80,2647,2627,20,1,300,200,15,0,1,0,-1,0
-1,1,1,17,80,2613,2664,-51,0,187,287,-3,1,0,0,-1,0
0,1,0,16,69,2695,2640,55,1,681,681,15,0,0,-1,-1,1
0,1,0,12,80,2605,2667,-62,0,-8,-8,9,0,0,0,0,-1
0,0,0,12,80,2676,2629,47,0,19,19,10,-2,0,0,0,0
0,1,2,16,67,2740,2781,-41,0,-7,-7,11,1,-1,-1,2,0
-3,0,1,13,80,2681,2726,-45,-1,-518,-218,-30,-1,0,1,3,1
0,2,1,24,46,2678,2663,15,-1,-10000,-10000,-44,-1,1,0,1,1
0,0,0,18,50,2631,2628,3,0,2,2,7,1,0,0,-2,1
0,0,1,22,60,2676,2660,16,-1,-579,-579,-10,-1,0,0,0,1
0,0,0,18,56,2646,2623,23,0,-3,-3,-12,1,0,0,1,0
0,1,1,24,30,2624,2644,-20,0,180,180,-1,-1,0,0,0,0
0,0,0,14,71,2687,2603,84,0,0,0,3,-1,0,0,0,0
-2,0,0,14,80,2608,2650,-42,-1,-607,-407,-18,0,0,0,0,-1
0,1,1,24,34,2613,2740,-127,0,43,43,14,0,0,0,0,1
-3,0,1,11,80,2652,2735,-83,-1,-604,-304,-11,-3,0,0,0,-2
1,1,2,17,78,2687,2663,24,-1,-436,-536,1,1,-1,-1,0,1
0,1,1,28,39,2602,2650,-48,0,-8,-8,-6,1,0,0,0,0
-1,0,1,15,80,2613,2652,-39,-1,-361,-261,-36,2,0,0,0,0
0,2,2,28,34,2676,2687,-11,0,0,0,7,0,0,0,0,0
3,2,1,19,79,2611,2611,0,1,618,318,17,-1,1,0,0,-1
0,2,1,28,29,2611,2671,-60,0,0,0,-15,0,1,0,0,0
-10,1,1,14,80,2675,2681,-6,0,-13,987,-23,-1,0,0,-1,0
1,1,2,23,48,2613,2603,10,0,51,-49,25,1,-1,0,0,0
0,1,1,18,71,2611,2687,-76,0,-15,-15,-1,-2,0,0,0,0
0,2,2,30,20,2603,2678,-75,0,2,2,11,1,0,0,0,0
-1,0,0,15,80,2613,2735,-122,-1,-73,27,-1,-1,0,-1,-2,1
1,1,1,19,80,2650,2617,33,1,472,372,8,1,0,0,0,2
5,0,1,15,64,2676,2663,13,-1,-1485,-1985,-35,-2,0,0,0,-2
-1,1,1,23,53,2781,2687,94,1,1038,1138,14,1,0,-1,2,1
0,1,2,24,49,2650,2726,-76,0,120,120,14,2,-1,-1,1,0
3,2,1,25,37,2629,2675,-46,0,-4,-304,10,0,1,0,0,0
0,1,1,20,50,2613,2617,-4,0,2,2,1,0,0,0,0,0
3,1,1,23,32,2681,2611,70,0,0,-300,-27,-1,0,-1,-1,-3
0,0,0,12,80,2687,2613,74,0,47,47,9,0,0,1,-1,0
-1,1,1,19,62,2617,2781,-164,-1,-480,-380,-15,0,0,0,-1,0
1,1,1,9,80,2602,2603,-1,1,382,282,2,0,0,0,1,-1
0,0,0,16,50,2676,2652,24,0,-9,-9,-5,-1,0,1,1,-1
-2,1,0,16,45,2603,2675,-72,0,0,200,32,1,0,0,1,0
-2,0,1,16,70,2613,2629,-16,0,0,200,-4,0,0,0,1,1
-1,0,0,11,80,2652,2663,-11,1,422,522,7,1,0,1,0,2
1,2,1,23,49,2613,2611,2,1,452,352,11,0,1,0,1,0
1,1,0,19,80,2629,2726,-97,0,-264,-364,-10,-1,0,-1,-3,1
0,1,1,24,43,2603,2652,-49,0,-4,-4,18,-1,0,0,0,0
0,1,1,16,73,2663,2603,60,0,-6,-6,5,1,0,0,1,-1
-1,0,1,19,80,2781,2676,105,1,80,180,2,-1,0,1,-1,1
0,1,1,10,66,2613,2663,-50,0,-5,-5,2,0,0,0,0,0
0,0,0,24,48,2663,2781,-118,0,-15,-15,-1,0,0,0,0,0
0,0,0,16,80,2735,2613,122,1,90,90,1,1,0,0,1,1
0,2,1,16,80,2676,2613,63,0,6,6,2,1,1,0,-2,0
0,2,2,32,1,2788,2718,70,1,-14,-14,1,0,0,0,0,0
-1,1,1,21,80,2609,2740,-131,-1,-477,-377,-7,1,0,-1,0,-2
-4,1,0,10,80,2710,2648,62,1,579,979,0,2,0,0,2,0
0,2,2,30,24,2614,2674,-60,0,-24,-24,-12,0,0,0,0,0
-1,0,1,21,80,2646,2630,16,1,70,170,14,1,0,0,0,0
0,0,1,18,80,2613,2655,-42,0,3,3,3,0,0,0,0,1
0,1,1,24,34,2635,2607,28,0,39,39,6,-1,0,0,0,0
0,2,2,30,27,2615,2624,-9,0,0,0,0,0,0,0,0,0
0,0,0,10,80,2605,2603,2,0,-8,-8,-4,-1,0,0,-1,0
4,1,2,20,57,2666,2610,56,0,0,-400,-5,2,-1,0,-1,1
-2,0,0,22,62,2670,2788,-118,-1,-540,-340,-9,0,0,0,-1,-2
0,1,1,24,80,2624,2605,19,0,87,87,-12,1,0,0,1,0
-1,1,0,15,80,2603,2615,-12,0,-60,40,-4,0,0,0,1,-1
-1,1,1,17,80,2610,2600,10,1,251,351,8,-1,0,1,2,1
0,0,0,16,80,2788,2619,169,0,20,20,-7,0,0,1,2,-1
1,0,1,13,80,2615,2705,-90,0,0,-100,-10,1,0,0,-1,-1
-1,1,0,21,52,2603,2666,-63,0,139,239,-1,2,0,0,0,0
0,1,1,22,52,2609,2612,-3,0,-8,-8,-4,0,0,0,1,0
-2,1,1,22,58,2619,2648,-29,0,39,239,-22,-1,0,0,0,-1
2,0,1,14,80,2670,2605,65,1,428,228,-6,1,0,0,1,0
1,1,1,19,57,2634,2788,-154,0,4,-96,6,0,0,0,0,0
0,1,0,20,55,2600,2603,-3,0,-12,-12,8,0,0,0,-1,1
1,0,1,19,80,2612,2670,-58,-1,199,99,2,0,0,1,3,1
0,1,1,24,80,2605,2609,-4,1,182,182,6,-1,0,1,0,1
0,0,0,14,80,2648,2637,11,0,0,0,12,0,0,0,1,0
-5,1,0,15,80,2653,2614,39,1,200,700,-4,1,0,0,0,0
0,0,0,12,78,2615,2788,-173,-1,-553,-553,-7,0,0,-1,-3,1
-1,1,0,13,80,2710,2612,98,0,0,100,-5,1,0,0,-1,1
0,1,1,18,54,2619,2646,-27,0,0,0,3,1,0,0,2,-1
0,1,1,14,80,2670,2666,4,0,-143,-143,-18,-2,0,0,-2,1
0,1,2,24,41,2609,2600,9,0,-1,-1,-7,0,-1,0,-1,1
-9,1,0,15,58,2610,2707,-97,-1,-617,283,-37,-2,0,-1,-3,0
0,1,1,16,80,2788,2605,183,0,-57,-57,12,0,0,1,1,-2
0,1,1,26,78,2637,2710,-73,-1,-22,-22,2,0,0,-1,0,0
0,0,1,20,75,2666,2609,57,1,866,866,1,1,0,1,3,-1
0,1,1,18,80,2600,2670,-70,0,-19,-19,-18,0,0,0,0,0
0,1,1,24,41,2738,2639,99,0,-2,-2,24,-1,0,1,2,0
-1,1,2,25,26,2707,2603,104,0,-48,52,14,2,-1,1,0,-1
1,0,0,17,50,2623,2610,13,0,3,-97,-8,1,0,0,0,1
3,1,1,23,61,2666,2615,51,0,0,-300,23,0,0,0,0,0
1,0,0,13,65,2624,2707,-83,0,0,-100,4,3,0,0,1,1
0,1,1,20,80,2600,2612,-12,1,584,584,11,0,0,0,-1,0
0,2,1,22,80,2605,2666,-61,-1,-59,-59,-11,-3,1,-1,-3,-1
1,0,0,13,79,2724,2634,90,1,886,786,14,2,0,0,-1,0
0,2,0,22,43,2603,2624,-21,0,14,14,-4,0,1,0,0,0
0,2,2,28,35,2640,2725,-85,0,36,36,-6,1,0,1,0,1
2,1,1,20,39,2615,2637,-22,0,-1,-201,12,0,0,0,0,0
0,2,2,22,33,2653,2612,41,0,-2,-2,-1,1,0,0,-1,1
0,0,0,16,80,2670,2609,61,0,13,13,1,0,0,0,3,0
9,0,0,15,63,2600,2666,-66,0,0,-900,22,1,0,0,1,-1
-1,0,0,19,80,2788,2600,188,1,154,254,8,-1,0,2,0,0
1,0,0,11,80,2609,2707,-98,0,193,93,1,0,0,0,3,0
-1,1,0,13,68,2640,2696,-56,0,-4,96,7,1,0,1,2,-1
0,1,1,18,64,2614,2610,4,0,0,0,5,1,0,0,0,0
0,1,0,18,50,2610,2624,-14,0,0,0,10,2,0,0,0,0
-1,2,1,15,80,2666,2788,-122,0,20,120,-2,-3,1,0,-3,0
0,1,1,22,34,2707,2670,37,0,9,9,-14,1,0,0,-1,1
0,1,1,28,38,2603,2610,-7,0,19,19,10,0,0,0,1,-1
0,0,1,24,48,2603,2725,-122,0,31,31,0,0,0,0,0,0
0,0,0,14,79,2710,2623,87,1,689,689,-6,2,0,0,-1,-2
1,0,0,17,80,2670,2610,60,1,597,497,8,-1,0,0,-2,0
0,1,1,24,31,2615,2707,-92,0,10,10,10,-2,0,0,0,0
1,1,1,17,55,2640,2612,28,1,10000,9900,49,2,0,0,1,2
-1,2,2,21,44,2619,2610,9,0,13,113,5,1,0,1,2,-1
0,1,2,22,72,2634,2653,-19,0,0,0,-5,0,-1,0,0,0
0,0,0,16,80,2725,2624,101,1,719,719,-3,0,0,1,2,-1
0,2,1,14,80,2610,2609,1,0,6,6,-17,0,1,0,1,0
-2,0,1,16,80,2707,2605,102,0,10,210,8,-1,0,1,4,0
0,1,0,16,80,2637,2640,-3,0,5,5,10,1,0,0,0,0
-2,0,1,14,71,2610,2653,-43,1,796,996,26,0,0,0,-2,-1
2,1,0,18,62,2612,2634,-22,0,7,-193,5,1,0,0,1,-1
-1,1,1,15,80,2724,2666,58,0,-3,97,2,-2,0,0,1,0
1,0,0,13,69,2634,2600,34,1,69,-31,11,0,0,0,-2,0
0,1,1,18,80,2610,2653,-43,1,546,546,-1,-1,0,1,1,1
0,2,2,28,20,2603,2670,-67,0,42,42,18,-2,0,0,0,0
0,0,0,16,80,2624,2609,15,1,36,36,1,0,0,0,2,-1
0,0,0,10,80,2666,2634,32,1,35,35,8,0,0,0,2,0
0,0,0,18,50,2600,2724,-124,0,7,7,-4,-1,0,0,-1,1
0,1,2,22,51,2615,2610,5,0,3,3,-5,0,-1,0,1,0
0,1,0,20,57,2670,2624,46,0,9,9,11,1,0,0,-3,1
0,1,2,26,44,2609,2603,6,0,36,36,5,2,-1,1,0,0
1,0,1,21,61,2623,2648,-25,1,752,652,1,1,0,-1,1,0
1,0,0,13,80,2741,2761,-20,1,494,394,0,-1,0,0,0,1
-1,0,0,15,80,2600,2779,-179,-1,-513,-413,4,1,0,0,0,1
1,0,0,13,80,2614,2616,-2,0,28,-72,6,0,0,-1,1,-1
3,0,0,15,79,2662,2676,-14,1,652,352,3,2,0,0,1,-1
0,1,1,12,80,2675,2667,8,0,-16,-16,1,1,0,0,4,-1
-2,0,0,18,63,2779,2622,157,1,1077,1277,8,1,0,0,-2,0
1,1,1,15,80,2639,2614,25,1,767,667,-24,-1,0,0,-2,1
-3,0,1,17,46,2640,2620,20,1,1045,1345,8,3,0,-1,1,-1
0,0,1,14,80,2610,2616,-6,0,0,0,9,0,0,1,0,-2
-3,1,0,15,77,2645,2630,15,-1,-10000,-9700,-5,0,0,1,3,-2
-6,1,0,16,64,2614,2604,10,0,0,600,-15,0,0,1,-1,0
1,1,0,15,80,2639,2622,17,1,346,246,2,0,0,-1,0,-1
3,1,0,15,59,2616,2600,16,1,720,420,6,-2,0,-1,0,2
-1,0,0,25,80,2626,2616,10,0,-100,0,-3,2,0,1,-1,0
1,2,0,23,69,2676,2705,-29,1,813,713,19,0,1,0,-2,1
-1,0,0,9,80,2601,2674,-73,0,-99,1,2,-1,0,0,1,-1
-4,1,2,20,52,2674,2643,31,-1,-1650,-1250,-34,0,-1,0,-1,1
0,1,0,14,80,2657,2640,17,0,-3,-3,3,0,0,0,0,0
0,0,0,12,80,2725,2610,115,-1,8,8,-1,0,0,0,-1,1
-2,0,1,16,80,2614,2645,-31,0,73,273,3,2,0,0,1,1
0,1,0,26,46,2600,2639,-39,0,-14,-14,-1,0,0,-1,-1,1
0,2,2,26,48,2620,2626,-6,0,-64,-64,2,0,0,-1,0,0
0,0,0,14,80,2622,2616,6,0,-84,-84,-6,0,0,0,2,0
3,0,0,13,80,2628,2720,-92,-1,-536,-836,-19,0,0,1,1,-1
-1,0,0,11,80,2667,2705,-38,-1,-525,-425,-7,1,0,0,-1,-1
4,0,1,18,80,2698,2630,68,1,174,-226,12,0,0,-1,-3,1
-1,1,1,15,80,2620,2741,-121,-1,-581,-481,-32,-1,0,0,-1,-1
0,1,1,18,54,2609,2676,-67,0,18,18,-20,1,0,0,-1,0
0,0,0,20,80,2645,2600,45,1,601,601,16,-1,0,0,1,1
-2,0,1,16,80,2626,2662,-36,-1,-133,67,-8,-2,0,0,0,1
1,1,0,17,80,2676,2614,62,0,348,248,11,0,0,0,-2,-1
0,1,0,18,80,2612,2725,-113,0,-129,-129,-8,1,0,0,0,0
0,0,0,12,80,2622,2614,8,0,29,29,4,0,0,1,3,0
0,1,0,14,80,2741,2616,125,1,324,324,9,0,0,0,0,-1
-3,0,1,23,56,2616,2628,-12,0,-42,258,-8,1,0,0,0,-1
-1,1,0,15,80,2622,2645,-23,-1,-606,-506,11,-1,0,0,0,-2
-1,1,0,19,56,2614,2630,-16,-1,-922,-822,-11,0,0,0,-1,1
0,0,1,14,80,2600,2622,-22,0,0,0,-4,1,0,0,0,0
1,1,1,15,80,2626,2725,-99,1,423,323,-1,0,0,0,0,1
-2,0,0,18,80,2616,2671,-55,-1,-18,182,0,0,0,0,1,0
0,2,1,20,80,2639,2616,23,1,91,91,0,-1,1,0,-1,0
0,1,1,20,32,2609,2620,-11,0,5,5,-1,0,0,0,0,0
0,0,1,26,80,2614,2741,-127,-1,55,55,2,0,0,1,2,0
2,1,1,14,80,2667,2612,55,1,490,290,5,1,0,0,1,2
1,1,0,15,80,2640,2630,10,1,858,758,17,1,0,0,-1,1
0,0,1,26,31,2626,2626,0,0,-10,-10,-4,-2,0,0,0,0
3,1,1,15,80,2658,2676,-18,1,620,320,6,0,0,0,-1,2
0,1,1,18,80,2750,2671,79,1,666,666,-7,1,0,-1,2,-2
-2,2,1,16,80,2639,2720,-81,-1,-457,-257,9,0,1,-1,-3,0
1,1,1,11,80,2705,2620,85,1,329,229,-2,1,0,0,-1,0
0,1,1,14,80,2667,2630,37,0,2,2,-18,-1,0,0,1,1
1,1,1,17,79,2676,2600,76,1,209,109,2,-2,0,0,0,2
1,0,1,11,80,2626,2725,-99,1,82,-18,-1,0,0,0,-2,1
-1,0,0,19,80,2616,2750,-134,-1,-27,73,0,-1,0,0,-3,0
0,0,1,16,80,2720,2609,111,1,647,647,21,-1,0,0,0,0
-3,1,1,27,28,2662,2630,32,0,-1,299,1,0,0,0,0,0
0,2,1,24,80,2671,2622,49,0,78,78,-9,-2,1,0,1,0
0,2,1,20,55,2616,2626,-10,1,548,548,14,-1,1,0,-2,0
1,1,0,19,69,2779,2630,149,0,0,-100,3,2,0,-1,1,0
5,2,1,17,73,2622,2616,6,1,878,378,2,-2,1,-1,-3,3
0,0,0,18,80,2626,2671,-45,0,23,23,7,-1,0,0,0,0
0,1,0,12,80,2614,2779,-165,-1,-187,-187,-4,1,0,0,0,1
0,0,0,14,80,2750,2612,138,0,17,17,4,1,0,1,2,0
-1,1,1,17,64,2640,2720,-80,-1,-624,-524,-8,-1,0,0,0,0
1,0,0,13,80,2698,2614,84,1,78,-22,-14,2,0,-1,-1,0
4,0,1,16,59,2600,2630,-30,0,0,-400,2,-2,0,-1,0,2
0,0,0,14,80,2601,2614,-13,0,-11,-11,-2,-1,0,0,-1,-1
0,1,1,16,49,2645,2671,-26,0,-2,-2,-3,1,0,1,2,-2
-3,0,0,15,80,2630,2622,8,0,-12,288,4,-2,0,0,0,0
7,2,0,21,53,2628,2614,14,1,777,77,5,1,1,0,1,0
1,0,2,19,80,2720,2676,44,1,369,269,6,0,-1,0,-2,-1
2,1,0,18,76,2725,2705,20,0,0,-200,-29,2,0,1,2,-1
-1,2,2,27,35,2690,2622,68,0,-38,62,11,1,0,0,0,-1
-1,1,1,13,80,2616,2645,-29,0,-4,96,2,-2,0,0,-1,-1
0,2,1,24,41,2616,2667,-51,0,-19,-19,9,1,1,0,0,0
0,1,1,20,80,2630,2616,14,1,283,283,2,-1,0,0,2,-1
5,0,2,21,59,2645,2705,-60,1,592,92,3,1,-1,0,1,0
1,0,0,15,80,2630,2626,4,0,137,37,3,1,0,0,1,-1
0,1,2,16,71,2614,2622,-8,0,2,2,10,1,-1,1,0,-1
1,1,1,13,80,2667,2671,-4,0,0,-100,-6,1,0,0,0,1
0,2,1,30,27,2620,2630,-10,0,26,26,-2,-1,1,-1,-1,1
0,1,2,14,80,2622,2676,-54,0,3,3,4,1,-1,0,-1,-2
0,1,1,10,80,2626,2614,12,0,30,30,5,-1,0,0,2,-2
0,0,0,12,80,2622,2630,-8,-1,-541,-541,1,1,0,1,0,-1
0,1,1,24,50,2787,2690,97,0,29,29,0,0,0,0,1,0
1,1,0,13,80,2678,2645,33,1,22,-78,-1,2,0,0,3,0
0,0,1,20,43,2606,2673,-67,0,0,0,7,-1,0,-1,0,0
-5,1,1,19,80,2635,2690,-55,-1,-421,79,-7,-1,0,0,1,1
1,1,1,11,65,2641,2654,-13,0,-3,-103,3,1,0,0,1,0
-5,1,1,21,60,2732,2639,93,-1,-1054,-554,-3,1,0,0,3,-2
1,0,0,11,80,2657,2739,-82,0,2,-98,1,2,0,-1,0,1
0,1,2,20,77,2614,2681,-67,0,-15,-15,2,0,-1,0,-2,1
0,1,0,20,54,2673,2678,-5,0,-1,-1,16,2,0,0,0,0
1,1,1,17,80,2600,2646,-46,1,1802,1702,-33,0,0,0,-1,1
0,2,1,26,37,2645,2606,39,0,-24,-24,3,0,1,0,0,0
1,0,0,15,80,2656,2678,-22,1,338,238,4,-1,0,0,1,2
0,0,0,14,80,2621,2639,-18,0,0,0,-2,1,0,0,1,0
0,0,0,10,80,2610,2634,-24,0,-11,-11,1,0,0,0,0,-1
-1,1,1,23,30,2681,2732,-51,0,-6,94,2,0,0,-1,-3,-1
-1,1,0,15,80,2608,2714,-106,-1,-325,-225,5,-2,0,0,-1,1
0,0,0,14,80,2639,2614,25,0,0,0,0,-1,0,1,2,-1
0,0,0,22,80,2787,2635,152,0,0,0,-4,-1,0,0,0,0
0,0,1,12,80,2673,2656,17,1,690,690,9,-1,0,0,-1,-1
0,0,0,24,41,2732,2643,89,0,14,14,9,-1,0,-1,1,-1
0,2,2,24,49,2606,2695,-89,0,61,61,31,1,0,0,2,0
0,2,2,28,29,2610,2670,-60,0,-18,-18,8,0,0,0,0,0
1,0,0,13,80,2651,2678,-27,0,7,-93,2,0,0,0,-1,0
0,2,1,26,38,2621,2641,-20,0,-30,-30,-1,0,1,0,0,0
0,1,0,14,80,2645,2634,11,0,-302,-302,-39,-1,0,0,-2,-1
-1,1,0,15,80,2690,2645,45,0,-22,78,3,-1,0,0,1,1
-1,2,1,15,70,2639,2606,33,-1,-376,-276,-6,-1,1,0,0,-1
-1,1,0,21,74,2624,2635,-11,-1,-671,-571,13,2,0,1,1,-2
-2,0,1,14,80,2678,2732,-54,-1,-950,-750,-7,1,0,0,2,0
0,2,0,26,22,2695,2600,95,0,-143,-143,14,-2,1,-1,-2,1
-1,0,0,13,80,2645,2651,-6,0,246,346,3,-1,0,0,-1,0
-1,0,0,17,80,2678,2690,-12,0,-19,81,0,-1,0,1,-3,0
0,0,0,12,62,2657,2624,33,0,-3,-3,-2,-2,0,0,-1,0
0,2,1,26,37,2606,2681,-75,0,24,24,5,0,1,0,1,-1
0,1,1,22,72,2657,2690,-33,0,30,30,-9,1,0,0,-1,1
0,0,0,14,80,2606,2645,-39,1,15,15,-25,1,0,0,1,1
0,1,2,26,62,2678,2614,64,0,0,0,10,-1,-1,0,-1,0
0,1,0,8,80,2645,2695,-50,0,-33,-33,7,0,0,0,1,0
0,2,2,32,35,2645,2657,-12,0,6,6,2,0,0,0,0,0
0,0,1,14,80,2690,2606,84,0,145,145,3,0,0,0,-3,0
0,1,1,20,48,2695,2678,17,0,1,1,2,-1,0,0,0,0
0,1,1,10,80,2634,2668,-34,1,518,518,-4,1,0,0,-2,1
4,0,0,12,80,2606,2610,-4,1,1768,1368,-26,-2,0,0,-2,-1
1,0,0,11,80,2673,2657,16,0,13,-87,-1,-1,0,-1,0,1
0,0,1,18,75,2606,2710,-104,0,20,20,-2,1,0,0,-3,2
0,0,0,16,80,2656,2668,-12,0,152,152,-7,-1,0,0,0,0
1,0,0,17,80,2670,2610,60,0,17,-83,-1,1,0,0,0,-2
-1,2,1,25,29,2600,2651,-51,0,23,123,20,0,1,0,-2,0
-2,1,1,18,80,2643,2690,-47,0,0,200,4,0,0,0,-1,-1
-2,0,1,10,80,2635,2673,-38,-1,-488,-288,6,1,0,0,0,-1
-1,0,0,13,80,2710,2624,86,0,-121,-21,-17,-1,0,0,1,-1
1,0,0,9,80,2638,2678,-40,0,9,-91,2,-1,0,0,1,2
2,1,1,20,67,2621,2654,-33,1,601,401,10,-1,0,0,-1,0
0,1,0,16,69,2690,2600,90,0,-427,-427,-5,0,0,0,1,-1
0,2,2,28,27,2651,2643,8,0,4,4,4,0,0,0,0,0
0,2,2,30,22,2606,2645,-39,0,10,10,-5,0,0,0,0,0
-1,1,0,15,80,2614,2610,4,-1,-681,-581,-26,0,0,0,-1,1
6,1,1,16,80,2671,2620,51,0,0,-600,0,2,0,-1,0,4
-4,0,0,18,58,2645,2624,21,0,2,402,-10,0,0,0,1,0
3,1,0,19,51,2679,2616,63,0,28,-272,19,1,0,0,0,0
-1,0,0,11,80,2674,2670,4,0,-1,99,-8,-1,0,0,0,-1
3,2,2,27,53,2606,2601,5,1,794,494,10,-2,0,0,-1,1
1,0,1,19,69,2624,2741,-117,1,793,693,6,1,0,1,4,1
2,0,2,14,56,2670,2679,-9,0,0,-200,2,3,-1,0,2,0
0,2,2,16,63,2681,2606,75,1,10000,10000,40,3,0,0,-1,0
0,0,0,14,67,2616,2674,-58,0,114,114,-6,-1,0,0,0,0
0,2,2,28,21,2645,2647,-2,0,16,16,5,2,0,0,-1,0
0,0,0,18,80,2613,2603,10,1,779,779,17,1,0,-1,1,0
-1,0,1,19,80,2672,2611,61,1,802,902,26,0,0,-1,1,-1
0,0,1,16,80,2680,2682,-2,-1,52,52,-3,-1,0,0,1,1
1,1,0,13,75,2600,2664,-64,1,833,733,8,0,0,0,0,-1
-2,2,1,24,25,2647,2726,-79,0,1,201,12,0,1,0,0,0
-3,1,2,23,47,2642,2634,8,1,796,1096,10,3,-1,0,0,0
-1,1,1,21,80,2611,2613,-2,-1,-435,-335,6,1,0,0,-1,-1
0,2,1,28,36,2603,2672,-69,0,4,4,-18,-1,1,0,0,0
0,0,1,12,80,2605,2680,-75,0,-199,-199,-22,0,0,0,0,0
1,1,0,15,80,2664,2669,-5,0,0,-100,-4,0,0,0,-1,0
-1,0,0,21,74,2682,2659,23,-1,-763,-663,-11,1,0,0,-1,-2
0,2,2,32,19,2647,2602,45,0,11,11,3,1,0,0,0,0
-1,0,0,11,80,2672,2731,-59,0,0,100,-17,1,0,-1,-3,0
0,0,0,10,80,2720,2716,4,1,43,43,4,0,0,0,0,1
-5,1,0,17,67,2646,2680,-34,1,1571,2071,28,1,0,0,0,0
0,0,0,14,80,2664,2613,51,0,0,0,-3,1,0,-1,0,2
-1,1,0,15,80,2630,2676,-46,-1,-164,-64,0,1,0,0,-2,1
0,2,1,24,49,2633,2613,20,0,37,37,-9,0,1,0,0,0
0,2,2,26,41,2611,2631,-20,0,94,94,6,0,0,0,1,0
1,1,0,13,80,2659,2605,54,0,163,63,-2,0,0,0,-1,1
-1,1,1,11,78,2669,2647,22,0,0,100,1,1,0,1,0,-3
-1,2,1,17,80,2615,2672,-57,0,14,114,-5,-1,1,1,1,2
5,2,0,15,75,2631,2603,28,1,786,286,6,-2,1,0,0,-2
0,1,0,22,60,2670,2616,54,0,0,0,-29,-2,0,0,0,0
-1,2,0,17,80,2720,2615,105,0,-67,33,-1,-1,1,1,0,-1
0,0,0,12,80,2732,2616,116,0,14,14,5,1,0,0,0,-1
0,1,0,20,54,2716,2672,44,0,47,47,1,-1,0,-1,-1,1
0,1,0,16,73,2631,2686,-55,0,10,10,9,0,0,0,0,0
-2,2,1,22,38,2634,2716,-82,0,33,233,2,-1,1,0,-1,1
0,1,2,24,52,2647,2680,-33,0,91,91,11,0,-1,1,4,-1
0,1,0,14,80,2603,2682,-79,0,26,26,13,0,0,0,1,0
-2,0,0,16,80,2659,2615,44,0,-144,56,-29,-1,0,1,1,0
0,1,2,26,47,2672,2634,38,0,60,60,7,-1,-1,1,0,0
1,1,1,17,80,2682,2611,71,0,-6,-106,-15,1,0,-1,0,0
0,1,1,24,48,2605,2603,2,0,5,5,-5,-1,0,0,0,0
0,1,1,12,80,2786,2631,155,-1,-213,-213,-9,0,0,0,0,1
4,0,0,20,61,2726,2613,113,1,553,153,21,-1,0,-1,0,1
0,0,0,10,80,2630,2684,-54,0,-3,-3,-21,-2,0,0,0,0
-2,1,1,16,80,2705,2613,92,-1,-655,-455,-10,1,0,1,0,0
-3,0,1,23,28,2616,2630,-14,0,1,301,-19,1,0,0,0,0
1,0,0,15,80,2672,2647,25,-1,-459,-559,-44,-1,0,0,-2,0
0,1,1,20,51,2731,2686,45,0,-14,-14,2,-1,0,0,0,0
0,0,1,14,80,2645,2720,-75,1,71,71,-14,0,0,0,-1,0
0,1,1,16,80,2657,2634,23,0,0,0,4,0,0,-1,0,-1
0,2,1,28,21,2647,2674,-27,0,6,6,5,-2,1,0,0,0
0,0,0,16,55,2726,2731,-5,0,1,1,-7,0,0,0,3,-1
0,2,1,22,39,2720,2727,-7,0,30,30,9,0,1,0,-1,1
0,1,1,18,80,2734,2680,54,0,269,269,-2,-1,0,0,-2,1
1,2,0,19,59,2664,2732,-68,1,951,851,-4,0,1,-1,-4,2
-1,1,1,17,80,2705,2676,29,1,239,339,-20,-1,0,1,2,0
-6,0,1,20,43,2678,2677,1,1,403,1003,18,1,0,1,3,-3
0,0,1,18,61,2639,2601,38,1,721,721,17,0,0,-1,0,0
0,1,2,26,32,2634,2611,23,0,20,20,10,0,-1,0,0,0
0,0,2,12,80,2605,2783,-178,-1,-102,-102,-26,0,-1,0,0,1
0,0,0,16,71,2727,2669,58,1,1230,1230,30,2,0,0,-1,-1
1,2,2,29,30,2611,2647,-36,0,0,-100,7,1,0,-1,0,0
0,0,0,10,79,2669,2645,24,0,0,0,-8,0,0,1,0,1
-1,0,0,13,80,2783,2600,183,1,45,145,-3,0,0,1,1,0
-1,1,1,17,80,2635,2635,0,0,-366,-266,3,-1,0,0,1,0
0,1,0,18,80,2635,2635,0,1,527,527,-2,0,0,1,0,0
0,2,2,28,29,2630,2610,20,0,10,10,-3,0,0,0,0,0
0,2,2,28,38,2600,2610,-10,0,64,64,4,0,0,0,0,0
2,0,1,14,73,2635,2640,-5,1,1039,839,5,1,0,-1,-2,2
-2,2,1,24,59,2610,2610,0,1,732,932,19,2,1,0,-1,1
3,2,1,25,35,2630,2600,30,0,24,-276,10,0,1,0,-1,1
-2,1,1,14,80,2615,2630,-15,-1,-450,-250,-10,-1,0,1,-3,1
3,1,1,27,23,2630,2680,-50,0,71,-229,11,-1,0,0,0,0
0,0,1,14,80,2605,2630,-25,1,42,42,7,0,0,0,0,1
0,0,0,10,80,2610,2600,10,1,259,259,-3,1,0,0,-1,-1
1,0,1,17,68,2600,2605,-5,0,182,82,-2,2,0,1,-1,1
0,1,2,26,52,2630,2610,20,0,-14,-14,6,0,-1,0,0,0
0,2,2,22,31,2615,2635,-20,0,31,31,-11,0,0,0,0,0
0,1,1,14,80,2635,2635,0,1,247,247,15,0,0,0,-2,0
0,0,0,18,49,2615,2635,-20,0,-5,-5,6,-2,0,0,0,0
0,1,0,16,77,2615,2615,0,0,-6,-6,-1,-2,0,0,1,2
0,0,0,16,70,2635,2640,-5,0,29,29,9,-2,0,0,0,0
1,2,2,23,58,2610,2625,-15,-1,-770,-870,-4,0,0,-1,-1,2
0,2,1,26,31,2625,2630,-5,0,-13,-13,-10,1,1,1,0,0
0,1,1,12,80,2630,2710,-80,0,0,0,-13,-2,0,0,-1,-1
2,1,2,22,35,2625,2710,-85,0,-17,-217,-9,0,-1,-1,-3,2
1,0,0,15,80,2610,2615,-5,1,413,313,4,2,0,0,-1,-2
7,1,0,15,72,2630,2615,15,1,2345,1645,4,-2,0,0,1,1
0,0,1,14,80,2610,2685,-75,0,0,0,4,-2,0,0,-1,-1
0,0,0,14,80,2620,2645,-25,0,0,0,4,0,0,0,0,-1
0,1,0,16,80,2610,2645,-35,1,62,62,1,-1,0,0,1,-1
0,1,1,16,80,2710,2605,105,1,105,105,10,2,0,0,0,0
0,0,1,12,80,2630,2685,-55,0,56,56,10,-1,0,0,0,1
0,1,0,14,80,2610,2615,-5,1,32,32,-3,0,0,0,-2,0
1,1,0,13,80,2610,2615,-5,1,215,115,3,1,0,0,1,0
-5,0,0,13,80,2610,2740,-130,0,-13,487,-6,0,0,-1,-1,2
-2,1,1,18,74,2610,2710,-100,-1,-534,-334,-5,0,0,0,0,0
0,0,0,18,80,2740,2610,130,1,1497,1497,6,0,0,0,0,1
0,1,1,16,50,2665,2660,5,0,-8,-8,-5,1,0,0,0,0
0,2,1,18,80,2615,2740,-125,-1,-17,-17,-3,0,1,0,-1,0
5,1,1,21,49,2640,2635,5,1,10000,9500,23,1,0,0,0,0
1,0,0,9,80,2780,2680,100,1,112,12,-5,1,0,0,1,0
-5,1,0,15,68,2600,2640,-40,-1,-726,-226,-11,-2,0,0,-1,0
-2,0,0,12,80,2680,2780,-100,-1,-423,-223,3,0,0,1,-3,1
1,0,0,9,80,2600,2780,-180,0,22,-78,0,1,0,-1,1,1
-2,0,0,16,78,2640,2680,-40,-1,-920,-720,4,-1,0,0,0,0
0,0,0,14,80,2635,2600,35,1,276,276,6,0,0,0,1,0
1,0,0,15,80,2780,2600,180,1,638,538,-9,2,0,1,3,-2
-4,1,1,18,80,2780,2635,145,-1,-652,-252,-8,0,0,0,0,-1
2,1,0,12,69,2640,2600,40,1,540,340,9,-1,0,0,-1,0
5,1,0,15,80,2780,2675,105,1,1199,699,8,3,0,0,1,1
4,1,1,14,71,2600,2635,-35,1,1194,794,-2,-1,0,0,1,0
1,1,2,23,62,2635,2780,-145,-1,-738,-838,-3,0,-1,0,1,-1
-2,1,0,12,80,2675,2780,-105,-1,-768,-568,-33,2,0,0,0,0
-1,1,0,15,80,2680,2675,5,-1,-118,-18,2,0,0,0,-3,0
1,0,0,9,80,2640,2780,-140,-1,266,166,6,2,0,0,1,1
3,0,1,17,77,2630,2690,-60,1,529,229,-6,-1,0,-1,-1,1
-1,0,0,9,79,2740,2640,100,1,505,605,7,-1,0,0,-1,0
-1,1,0,15,63,2640,2740,-100,1,1565,1665,-5,2,0,0,-1,2
0,0,0,16,66,2740,2640,100,0,-69,-69,-9,0,0,-1,-3,1
0,2,2,20,40,2640,2740,-100,0,17,17,6,-2,0,0,0,0
0,2,2,14,75,2740,2640,100,0,3,3,4,0,0,0,0,0
0,0,1,16,80,2640,2740,-100,-1,-47,-47,-3,0,0,0,-1,-1
-1,1,0,17,67,2740,2640,100,1,891,991,10,0,0,0,2,-2
-1,0,0,13,78,2640,2740,-100,-1,-934,-834,-41,-1,0,0,0,0
1,0,0,15,80,2740,2640,100,1,421,321,4,-1,0,0,-1,1
0,2,0,12,80,2740,2660,80,1,745,745,0,0,1,0,-1,-2
-2,1,1,10,80,2660,2740,-80,-1,-378,-178,-2,0,0,0,2,-2
1,0,0,13,80,2740,2660,80,1,570,470,12,0,0,0,-1,1
0,0,0,20,66,2660,2740,-80,-1,-748,-748,5,-1,0,0,-1,0
0,0,0,8,80,2740,2660,80,1,528,528,1,0,0,0,-1,-1
-3,0,1,19,65,2660,2740,-80,-1,-346,-46,-1,0,0,0,-1,-2
1,1,1,17,71,2660,2630,30,1,283,183,4,0,0,0,-4,1
1,0,0,19,69,2630,2660,-30,0,490,390,2,-2,0,0,-1,0
0,0,0,14,68,2660,2630,30,0,0,0,-4,0,0,0,-2,0
-1,0,0,15,80,2630,2660,-30,1,218,318,-3,-2,0,-1,0,1
1,1,1,21,51,2660,2630,30,1,309,209,10,0,0,0,2,0
-1,0,0,15,52,2630,2660,-30,0,0,100,-8,0,0,0,2,0
0,2,1,24,80,2660,2630,30,1,32,32,-2,0,1,0,0,0
-1,1,0,19,74,2630,2660,-30,-1,-548,-448,-13,0,0,0,0,-1
0,0,0,10,70,2640,2660,-20,0,5,5,-1,0,0,0,1,1
0,0,0,18,73,2660,2640,20,0,-28,-28,5,-1,0,0,1,0
0,1,1,20,54,2640,2660,-20,0,9,9,-17,0,0,0,-2,-1
0,1,0,14,80,2660,2640,20,0,81,81,3,1,0,0,-2,-1
0,2,2,22,30,2640,2660,-20,0,26,26,1,1,0,0,0,0
-1,0,0,15,80,2660,2640,20,0,0,100,-9,0,0,0,-1,-2
-2,1,2,22,26,2640,2660,-20,0,7,207,-9,0,-1,0,-1,1
0,2,2,30,31,2660,2640,20,0,-17,-17,2,1,0,0,0,0
0,1,1,18,80,2640,2660,-20,1,1398,1398,-11,2,0,0,3,-1
-1,0,1,17,80,2660,2640,20,0,-281,-181,-3,1,0,0,0,1
0,1,2,26,41,2630,2620,10,0,-5,-5,7,-1,-1,0,1,-1
-5,1,1,15,80,2620,2630,-10,-1,-529,-29,-10,0,0,0,1,-1
-1,1,0,15,74,2630,2620,10,-1,-1279,-1179,-11,0,0,0,1,0
0,1,0,24,80,2620,2630,-10,0,60,60,7,0,0,0,1,1
1,1,0,11,80,2630,2620,10,0,320,220,5,0,0,0,-2,-1
0,2,2,24,42,2620,2630,-10,0,-23,-23,-7,0,0,0,0,0
0,2,0,14,80,2620,2740,-120,-1,-492,-492,0,2,1,0,-1,-1
1,1,0,13,80,2740,2620,120,1,247,147,3,1,0,0,1,1
-2,1,1,14,80,2620,2740,-120,-1,-869,-669,-22,0,0,0,1,-1
0,1,0,18,80,2740,2620,120,1,155,155,8,0,0,0,0,0
0,1,1,16,80,2620,2740,-120,-1,1,1,-2,0,0,0,0,0
1,0,1,15,80,2740,2620,120,1,405,305,4,2,0,0,2,0
0,0,0,20,67,2600,2660,-60,0,9,9,13,-1,0,1,-1,-1
0,2,2,28,32,2640,2600,40,0,-10,-10,5,0,0,0,0,0
4,1,1,26,37,2600,2660,-60,0,363,-37,14,0,0,0,1,1
2,0,1,20,67,2640,2600,40,1,695,495,19,-1,0,0,0,0
6,1,2,14,70,2600,2600,0,-1,-10000,-10600,-36,-2,-1,0,-1,0
0,1,1,16,80,2660,2640,20,0,15,15,4,0,0,-1,0,0
-3,2,2,23,22,2600,2630,-30,0,30,330,-32,-1,0,1,3,-1
0,1,1,20,80,2600,2620,-20,0,19,19,9,1,0,0,0,0
0,1,1,20,43,2600,2610,-10,0,-29,-29,-5,0,0,0,-1,0
1,1,1,21,47,2610,2620,-10,0,0,-100,4,0,0,0,0,1
1,1,0,13,80,2600,2610,-10,0,24,-76,3,-2,0,0,1,0
1,0,0,9,80,2620,2610,10,0,0,-100,0,-1,0,0,0,1
1,1,2,19,59,2620,2600,20,1,1763,1663,14,0,-1,0,-2,2
0,1,1,18,80,2600,2620,-20,-1,-147,-147,-27,1,0,0,-3,2
0,0,0,22,31,2600,2615,-15,0,0,0,5,-2,0,0,0,0
0,0,0,20,40,2615,2620,-5,0,52,52,9,0,0,0,0,0
1,0,1,11,80,2600,2630,-30,1,386,286,5,2,0,1,1,0
0,1,0,14,80,2630,2620,10,0,18,18,3,1,0,0,-2,0
0,1,0,24,26,2630,2615,15,0,44,44,13,-2,0,0,0,0
0,1,1,22,37,2605,2690,-85,0,-10,-10,2,0,0,0,0,0
2,2,2,18,72,2605,2640,-35,1,348,148,3,0,0,-1,0,1
0,2,1,26,33,2640,2620,20,0,-19,-19,19,0,1,0,0,0
-1,1,1,17,80,2600,2605,-5,-1,-57,43,0,0,0,1,0,-1
0,1,1,22,51,2620,2600,20,0,-85,-85,2,1,0,0,-1,0
-1,2,2,21,80,2605,2615,-10,0,-48,52,-5,-2,0,0,-1,0
3,2,2,27,23,2615,2620,-5,0,13,-287,20,0,0,0,0,0
0,2,2,32,21,2605,2620,-15,0,-9,-9,5,0,0,0,0,0
-6,0,0,10,80,2640,2620,20,1,384,984,-10,0,0,-1,0,1
0,1,0,16,80,2620,2600,20,0,64,64,2,0,0,-1,-2,1
1,1,0,15,80,2640,2600,40,1,572,472,-2,1,0,0,0,1
-2,0,0,8,80,2615,2620,-5,-1,-385,-185,-4,0,0,0,-1,-1
-1,2,1,21,58,2615,2640,-25,0,143,243,9,1,1,0,1,-1
2,1,0,14,65,2605,2620,-15,1,575,375,11,0,0,0,1,0
1,1,0,19,67,2600,2615,-15,1,746,646,3,0,0,0,0,0
0,2,2,28,40,2620,2620,0,0,2,2,-7,-2,0,0,0,0
-3,0,1,19,60,2670,2640,30,-1,-832,-532,-13,-1,0,0,0,-1
0,1,1,14,80,2670,2605,65,0,-27,-27,0,0,0,-1,-2,0
0,2,2,30,43,2605,2640,-35,0,-32,-32,-8,1,0,0,0,0
0,1,2,20,57,2620,2670,-50,0,-39,-39,-13,1,-1,0,1,0
-1,1,0,13,72,2605,2620,-15,0,-4,96,3,0,0,0,1,-1
0,1,1,26,80,2620,2640,-20,1,519,519,10,0,0,-1,0,0
1,1,0,15,77,2640,2690,-50,1,647,547,3,-1,0,-2,-1,-1
-5,0,0,15,57,2690,2620,70,0,0,500,22,1,0,1,-3,0
0,2,2,30,28,2640,2620,20,0,81,81,-13,0,0,0,-1,1
-1,2,0,21,62,2690,2605,85,0,3,103,-1,0,1,0,-1,-1
0,1,1,24,24,2605,2620,-15,0,3,3,1,-1,0,0,0,0
0,2,2,26,26,2640,2605,35,0,-14,-14,1,0,0,0,1,0
-1,0,1,17,58,2670,2690,-20,1,413,513,-10,-1,0,0,0,1
0,0,1,12,60,2690,2605,85,0,52,52,-5,1,0,0,-3,1
-4,0,0,12,80,2620,2670,-50,-1,-669,-269,-4,-2,0,0,0,-3
0,2,2,26,55,2605,2620,-15,0,-5,-5,-8,0,0,0,0,0
0,1,1,14,63,2620,2690,-70,0,-22,-22,0,0,0,0,-1,0
1,1,0,11,80,2605,2670,-65,1,476,376,3,-1,0,0,1,-1
0,1,1,22,44,2620,2620,0,0,-45,-45,4,0,0,1,1,-2
0,2,2,30,25,2605,2605,0,0,29,29,1,0,0,0,0,0
0,2,2,28,28,2605,2620,-15,0,47,47,10,0,0,0,0,0
0,0,0,18,80,2630,2660,-30,1,644,644,6,-1,0,0,-4,0
0,1,0,14,80,2640,2620,20,0,10,10,-4,1,0,-1,0,0
-4,0,0,16,80,2640,2625,15,1,916,1316,13,0,0,0,0,1
0,1,1,18,80,2625,2620,5,1,70,70,-1,0,0,1,2,0
1,1,0,11,80,2660,2785,-125,1,109,9,1,0,0,0,-1,-1
-1,1,1,17,80,2660,2785,-125,-1,-288,-188,-9,-1,0,0,-2,-1
0,1,1,12,80,2785,2660,125,0,2,2,-3,0,0,0,-1,-1
-1,2,1,21,54,2660,2785,-125,-1,-660,-560,-4,1,1,0,1,2
-1,1,0,17,80,2785,2660,125,1,10000,10100,14,0,0,0,1,-1
-1,0,0,15,80,2660,2785,-125,0,-10,90,5,0,0,0,-2,0
2,1,1,14,73,2785,2660,125,1,623,423,1,0,0,0,2,-1
0,0,0,10,58,2660,2785,-125,0,16,16,0,1,0,0,0,0
1,0,1,13,80,2785,2660,125,1,271,171,-2,0,0,0,0,0
7,0,2,19,61,2660,2785,-125,1,902,202,21,1,-1,0,-1,2
0,2,1,20,80,2785,2660,125,0,24,24,-2,0,1,0,0,0
-2,1,1,18,80,2660,2785,-125,-1,-191,9,0,-2,0,0,0,-1
0,0,0,10,80,2785,2660,125,0,0,0,1,-1,0,0,1,0
2,0,1,14,80,2660,2785,-125,0,0,-200,-30,0,0,0,0,0
-1,0,0,7,80,2785,2660,125,0,0,100,-3,0,0,0,-1,0
1,0,0,17,80,2660,2785,-125,0,9,-91,-3,-1,0,0,-1,-2
1,0,0,17,80,2785,2660,125,0,0,-100,-9,1,0,-1,0,-2
0,0,0,10,80,2660,2785,-125,0,12,12,-13,0,0,0,0,0
0,0,1,16,80,2785,2660,125,0,-39,-39,-6,-1,0,0,1,0
0,1,0,10,80,2660,2785,-125,-1,-135,-135,0,0,0,-1,0,1
-3,0,2,23,80,2625,2600,25,1,268,568,1,1,-1,0,0,0
0,2,2,22,80,2605,2620,-15,0,0,0,9,0,0,0,0,0
-1,0,0,11,80,2630,2620,10,1,574,674,-1,-2,0,0,1,-1
0,1,1,28,28,2630,2605,25,0,25,25,4,-1,0,0,0,0
1,1,1,23,35,2605,2615,-10,0,10,-90,3,0,0,0,1,2
2,1,1,22,51,2645,2605,40,1,725,525,9,-1,0,0,1,1
0,1,1,22,32,2645,2615,30,0,6,6,9,0,0,0,-2,1
0,0,0,12,76,2630,2660,-30,0,-1,-1,-5,0,0,-1,0,-1
0,1,1,24,57,2630,2600,30,0,-59,-59,-11,0,0,0,0,0
1,0,0,15,80,2600,2660,-60,0,37,-63,-5,-1,0,0,1,0
-1,1,1,23,34,2645,2640,5,0,46,146,-6,1,0,0,0,1
0,1,1,24,29,2640,2645,-5,0,9,9,-5,0,0,0,0,0
1,1,1,13,80,2600,2600,0,1,183,83,14,-1,0,0,0,1
0,1,1,28,26,2600,2645,-45,0,44,44,7,0,0,0,0,0
0,1,0,18,65,2625,2630,-5,0,4,4,-3,-1,0,0,0,0
2,1,1,24,77,2640,2645,-5,0,-33,-233,-9,1,0,0,0,0
1,0,0,13,80,2625,2600,25,-1,18,-82,8,1,0,0,0,1
-2,0,0,12,74,2600,2640,-40,-1,-682,-482,-14,0,0,0,-1,1
0,1,0,18,58,2645,2630,15,0,22,22,6,-1,0,-1,-1,1
-2,1,0,18,51,2640,2630,10,1,745,945,1,2,0,1,3,-1
-3,0,2,23,80,2625,2600,25,1,308,608,1,1,-1,0,0,0
0,2,2,26,26,2645,2600,45,0,16,16,7,0,0,0,1,0
-1,0,1,13,63,2640,2600,40,1,844,944,27,1,0,0,2,1
0,2,2,28,35,2600,2630,-30,0,2,2,5,0,0,0,0,0
-1,1,0,17,80,2645,2625,20,1,158,258,0,0,0,0,1,-1
0,1,0,22,41,2600,2630,-30,0,0,0,-4,0,0,0,-1,1
-2,1,1,16,69,2640,2625,15,1,10000,10200,34,1,0,0,1,-1
-1,0,0,13,80,2660,2600,60,0,36,136,8,-1,0,0,-1,-2
0,2,2,30,36,2660,2650,10,0,66,66,0,1,0,0,0,0
-2,0,1,16,68,2660,2600,60,-1,-640,-440,-10,-1,0,0,0,-1
1,1,1,11,80,2620,2600,20,1,414,314,5,-1,0,0,0,-1
-1,0,0,15,80,2660,2650,10,-1,-145,-45,2,1,0,0,0,-1
-1,1,1,13,80,2620,2650,-30,-1,-162,-62,-35,0,0,0,1,0
0,0,1,14,80,2660,2660,0,0,76,76,-2,1,0,0,-1,0
0,0,0,22,42,2620,2660,-40,0,-1,-1,-11,2,0,0,0,0
0,0,0,16,70,2620,2660,-40,-1,-10000,-10000,-7,-1,0,0,1,0
-1,0,0,17,76,2650,2600,50,1,10000,10100,5,2,0,0,0,-1
1,1,2,19,80,2660,2650,10,0,88,-12,-1,0,-1,0,1,0
1,1,0,15,80,2610,2650,-40,0,1,-99,-33,-2,0,0,0,0
0,2,2,32,45,2650,2605,45,0,89,89,-17,-2,0,0,0,0
0,1,0,14,60,2610,2625,-15,0,7,7,15,2,0,0,0,0
1,1,2,17,80,2625,2605,20,0,0,-100,-26,-1,-1,0,-1,1
0,1,1,22,31,2610,2605,5,0,-6,-6,1,0,0,0,0,0
4,0,0,16,77,2625,2650,-25,1,781,381,15,1,0,0,1,0
-1,0,1,11,80,2625,2650,-25,-1,-305,-205,-4,1,0,0,-1,1
1,1,0,13,80,2650,2625,25,1,154,54,-7,1,0,0,-1,0
1,0,1,15,80,2605,2650,-45,-1,139,39,1,1,0,0,-1,0
0,2,2,22,49,2625,2655,-30,0,47,47,6,0,0,0,2,-1
0,1,1,22,58,2660,2625,35,0,28,28,-7,0,0,0,0,0
2,0,1,14,76,2655,2660,-5,-1,-1041,-1241,-39,-2,0,0,0,-1
0,1,1,26,24,2600,2625,-25,0,44,44,13,-2,0,0,0,0
0,1,1,14,80,2630,2600,30,1,340,340,-2,-1,0,-1,1,0
0,1,1,28,26,2600,2645,-45,0,37,37,9,1,0,0,0,0
0,2,2,28,22,2600,2620,-20,0,55,55,16,0,0,0,0,0
1,2,2,21,80,2620,2645,-25,0,-205,-305,-13,-1,0,-1,0,-1
0,1,1,16,61,2600,2660,-60,0,-8,-8,0,0,0,0,-1,0
0,0,0,26,41,2640,2655,-15,0,43,43,-14,1,0,0,0,0
0,1,1,26,27,2650,2655,-5,0,6,6,4,0,0,0,0,0
-2,0,0,12,76,2605,2625,-20,-1,-548,-348,-3,1,0,0,-1,0
0,1,0,14,80,2650,2605,45,0,36,36,1,1,0,0,-1,0
-1,0,1,11,80,2625,2650,-25,-1,-327,-227,-4,1,0,0,-1,1
2,0,1,14,69,2625,2605,20,1,701,501,14,0,0,0,0,1
-4,1,1,18,65,2605,2625,-20,1,772,1172,3,-1,0,1,2,0
1,1,1,17,53,2650,2605,45,0,0,-100,-7,1,0,0,1,0
1,0,1,17,54,2625,2650,-25,0,16,-84,6,0,0,0,-1,0
0,1,0,22,34,2625,2605,20,0,29,29,0,0,0,0,1,0
1,1,1,15,62,2605,2650,-45,0,34,-66,3,2,0,-1,-5,1
0,0,1,20,38,2650,2625,25,0,1,1,-10,0,0,0,-1,1
0,0,0,18,80,2655,2660,-5,0,-89,-89,-16,-1,0,1,3,-1
0,2,1,18,80,2605,2660,-55,0,18,18,9,0,1,0,1,-1
0,0,1,18,80,2650,2605,45,0,27,27,6,0,0,0,2,0
2,0,0,14,69,2625,2660,-35,1,765,565,14,0,0,-1,4,-2
0,1,0,22,60,2605,2655,-50,0,-23,-23,8,0,0,0,-1,0
4,1,2,18,60,2640,2605,35,0,22,-378,12,1,-1,0,-2,1
0,2,2,26,34,2650,2625,25,0,-6,-6,0,0,0,0,0,0
0,2,2,28,42,2660,2660,0,0,0,0,10,0,0,0,0,0
0,0,0,16,80,2625,2655,-30,0,33,33,9,0,0,1,1,-1
0,2,2,28,54,2640,2625,15,0,-57,-57,-3,0,0,0,0,0
1,1,1,17,80,2650,2660,-10,-1,-446,-546,-20,0,0,0,0,1
0,1,2,12,80,2610,2660,-50,0,2,2,-4,-1,-1,0,0,-1
2,1,1,24,80,2660,2655,5,0,-141,-341,-13,-2,0,0,-1,0
1,1,1,17,80,2640,2660,-20,1,489,389,-1,1,0,0,-2,0
1,0,0,13,80,2650,2610,40,1,272,172,-19,0,0,0,-1,0
-6,0,0,16,66,2610,2655,-45,-1,-699,-99,-9,1,0,-1,-1,2
0,2,2,24,62,2625,2605,20,0,28,28,6,-1,0,0,0,0
0,0,1,18,62,2640,2610,30,0,23,23,1,1,0,0,0,0
0,1,1,24,60,2660,2605,55,0,-59,-59,2,1,0,0,-1,0
-1,0,0,13,69,2660,2625,35,0,0,100,20,-1,0,-1,-1,-1
1,1,0,13,80,2660,2650,10,0,19,-81,1,0,0,0,1,0
-8,0,1,16,76,2610,2605,5,-1,-1564,-764,-21,2,0,1,2,1
0,0,0,22,43,2655,2660,-5,0,6,6,5,0,0,0,1,-1
1,1,2,23,51,2610,2625,-15,0,-177,-277,4,1,-1,0,0,1
2,1,2,22,63,2650,2655,-5,0,19,-181,4,0,-1,0,-1,-2
-3,0,2,23,54,2660,2640,20,-1,-731,-431,-1,-1,-1,0,-2,1
-1,1,0,17,59,2640,2650,-10,0,-4,96,11,2,0,0,2,0
0,2,1,22,49,2655,2640,15,0,46,46,-3,-2,1,0,-1,1
0,0,0,14,57,2610,2660,-50,0,4,4,-5,-1,0,0,0,0
-1,1,2,15,80,2600,2650,-50,-1,-241,-141,-11,2,-1,0,1,-1
1,0,0,13,80,2650,2600,50,1,19,-81,-1,0,0,0,1,0
0,1,0,18,68,2600,2650,-50,1,10000,10000,-7,1,0,0,1,-1
0,2,2,16,56,2650,2600,50,0,10,10,8,2,0,0,1,1
-1,0,0,13,70,2600,2650,-50,0,0,100,-6,-1,0,0,1,-1
2,1,0,14,73,2650,2600,50,0,-7,-207,9,0,0,-1,0,1
0,0,0,18,50,2600,2650,-50,0,0,0,-8,-1,0,0,-1,0
2,0,1,12,80,2650,2600,50,0,241,41,0,0,0,0,0,1
-1,2,1,27,80,2670,2615,55,0,-10,90,0,0,1,0,0,0
0,1,1,18,70,2615,2670,-55,0,-8,-8,-4,1,0,0,0,0
-1,0,0,13,80,2670,2615,55,0,3,103,-23,0,0,1,3,0
1,0,0,9,80,2615,2670,-55,0,4,-96,-21,-1,0,0,0,1
0,1,0,14,80,2670,2615,55,1,340,340,-13,1,0,1,3,2
0,1,1,22,34,2615,2670,-55,0,-1,-1,6,0,0,0,0,0
-1,1,1,15,80,2670,2615,55,1,-20,80,7,-2,0,0,-2,-1
-1,0,0,11,80,2615,2670,-55,0,-12,88,-8,-1,0,0,1,0
0,1,1,14,80,2670,2615,55,0,23,23,7,1,0,0,-1,-1
0,1,1,24,52,2615,2670,-55,0,1,1,-28,0,0,0,0,0
0,1,1,20,80,2670,2615,55,0,8,8,-3,1,0,0,1,0
2,1,0,12,80,2615,2670,-55,1,540,340,0,-1,0,0,2,1
4,0,0,14,80,2670,2615,55,1,1638,1238,-19,0,0,0,-3,0
-1,1,1,11,80,2635,2630,5,-1,-270,-170,-3,0,0,0,1,0
0,2,2,26,40,2600,2635,-35,0,-20,-20,-3,0,0,0,0,0
1,0,1,19,45,2630,2600,30,0,-636,-736,-6,0,0,0,-1,0
-1,1,0,15,80,2700,2650,50,-1,-217,-117,4,-1,0,0,0,0
0,1,1,24,33,2650,2700,-50,0,-2,-2,5,1,0,1,0,0
3,1,1,19,80,2700,2650,50,1,343,43,-3,0,0,0,1,3
-3,0,0,9,80,2650,2700,-50,0,-1,299,-6,1,0,0,-2,0
0,2,1,12,80,2700,2650,50,0,4,4,4,1,1,0,0,1
0,1,0,14,80,2650,2700,-50,-1,-59,-59,-7,1,0,0,-2,0
1,1,1,19,80,2700,2650,50,0,0,-100,-13,1,0,0,1,-1
1,0,0,9,78,2650,2700,-50,0,-4,-104,-3,0,0,0,-1,0
3,1,0,21,69,2700,2650,50,1,714,414,30,-2,0,0,1,-1
0,2,2,24,80,2650,2700,-50,0,64,64,3,1,0,0,1,1
3,0,1,19,69,2700,2650,50,1,697,397,-1,3,0,0,0,2
-1,0,1,17,46,2630,2605,25,0,0,100,-36,1,0,0,1,-1
0,1,0,28,23,2625,2640,-15,0,100,100,9,0,0,-1,-1,1
0,1,2,22,47,2605,2625,-20,0,-87,-87,-6,0,-1,0,2,0
-1,1,2,25,80,2645,2640,5,0,187,287,15,1,-1,0,0,0
0,2,2,20,80,2605,2645,-40,1,81,81,-5,0,0,0,0,0
0,1,2,26,80,2640,2605,35,1,152,152,5,0,-1,1,0,0
-3,1,0,15,70,2630,2625,5,-1,-696,-396,3,-1,0,0,0,-1
0,0,1,14,80,2630,2645,-15,1,65,65,-3,0,0,0,2,1
0,1,1,14,80,2645,2625,20,0,16,16,5,-1,0,0,0,-1
0,1,1,22,45,2640,2630,10,0,148,148,14,1,0,0,1,-1
0,2,1,22,74,2670,2700,-30,0,13,13,-2,-1,1,0,1,-1
-2,0,1,18,53,2700,2670,30,1,740,940,35,0,0,1,0,-1
0,0,0,16,80,2670,2700,-30,0,-10,-10,2,-2,0,0,1,-1
0,1,0,16,80,2700,2670,30,0,-26,-26,5,0,0,0,0,0
-1,1,0,15,80,2670,2700,-30,0,54,154,-2,-2,0,0,-2,0
5,2,0,19,61,2700,2670,30,1,485,-15,27,1,1,0,2,-1
1,1,0,15,80,2670,2700,-30,0,6,-94,2,0,0,-1,-3,1
1,0,1,13,80,2700,2670,30,0,9,-91,7,1,0,0,-1,1
0,2,1,26,80,2670,2700,-30,0,-1,-1,-4,1,1,1,0,1
-3,0,1,17,80,2700,2670,30,0,0,300,-7,0,0,0,-2,1
0,1,2,18,80,2670,2700,-30,0,-3,-3,-9,2,-1,1,-2,0
2,0,0,18,46,2700,2670,30,0,0,-200,-29,-2,0,0,-1,1
0,0,1,16,80,2670,2700,-30,0,10,10,5,0,0,-1,1,0
0,0,0,18,60,2700,2670,30,0,38,38,5,-1,0,0,0,-1
-1,1,0,19,80,2670,2700,-30,0,29,129,11,0,0,1,1,-1
1,1,1,19,80,2700,2670,30,0,56,-44,-13,1,0,0,-1,1
-2,1,1,16,80,2670,2700,-30,-1,-827,-627,-5,-2,0,0,0,-1
-9,0,0,17,80,2700,2670,30,0,17,917,-29,0,0,0,1,0
0,1,1,14,80,2670,2700,-30,1,145,145,-3,-2,0,0,-1,0
1,0,0,9,80,2700,2670,30,0,5,-95,-1,2,0,0,1,0
3,0,1,21,37,2670,2700,-30,1,668,368,2,0,0,0,0,-1
0,1,1,22,60,2700,2670,30,0,14,14,-2,1,0,0,0,0
0,0,0,20,58,2670,2700,-30,0,0,0,4,0,0,0,1,0
1,1,2,23,61,2700,2670,30,0,197,97,3,1,-1,0,0,1
0,1,1,20,64,2630,2700,-70,0,9,9,-9,1,0,0,0,0
0,1,1,16,80,2700,2630,70,0,1,1,-2,2,0,0,1,0
0,1,1,22,42,2630,2700,-70,0,11,11,21,0,0,0,0,0
0,1,0,20,80,2700,2630,70,1,124,124,5,0,0,0,0,0
2,0,1,16,80,2630,2700,-70,0,0,-200,1,1,0,0,-1,1
2,1,0,14,79,2700,2630,70,1,935,735,2,1,0,0,0,1
0,0,0,12,80,2630,2700,-70,0,0,0,2,0,0,0,-2,1
1,1,0,11,80,2700,2630,70,1,527,427,1,-1,0,0,-1,1
0,0,2,24,71,2670,2640,30,1,10000,10000,38,0,-1,0,1,0
0,1,1,20,61,2640,2670,-30,0,-13,-13,-6,1,0,0,-1,-1
0,1,0,14,80,2670,2640,30,1,592,592,-3,0,0,0,2,-1
0,2,1,20,78,2640,2670,-30,1,567,567,13,1,1,0,-1,-1
3,0,1,17,80,2670,2640,30,1,378,78,-1,1,0,-1,-2,3
0,1,0,24,36,2640,2645,-5,0,29,29,-2,-2,0,0,0,0
0,1,0,24,80,2645,2640,5,0,22,22,4,0,0,0,0,0
0,1,1,24,43,2640,2645,-5,0,0,0,-9,0,0,0,1,0
0,1,0,22,64,2645,2640,5,0,0,0,5,0,0,-1,-1,0
1,1,0,15,69,2640,2645,-5,1,697,597,10,0,0,0,0,1
0,1,0,18,70,2645,2640,5,0,-14,-14,-10,0,0,0,2,-1
0,1,1,26,26,2640,2645,-5,0,-7,-7,-2,-1,0,0,0,0
-1,1,1,23,56,2645,2640,5,0,-49,51,6,-1,0,1,1,0
2,1,1,22,53,2640,2645,-5,1,651,451,16,0,0,0,1,1
1,1,1,17,65,2645,2640,5,1,10000,9900,17,1,0,0,3,-1
0,1,1,24,42,2640,2645,-5,0,8,8,-6,-1,0,0,0,0
1,0,0,13,80,2645,2640,5,1,44,-56,4,0,0,0,-1,0
1,0,0,15,79,2640,2645,-5,1,572,472,-3,0,0,0,-2,0
1,1,1,17,80,2630,2625,5,1,335,235,7,-1,0,0,1,1
1,1,1,13,75,2605,2630,-25,0,0,-100,2,1,0,-1,0,0
-1,0,0,15,78,2630,2630,0,0,9,109,6,-3,0,0,1,-1
0,0,1,22,80,2605,2630,-25,1,-128,-128,-18,0,0,0,-1,0
-2,1,2,18,50,2625,2630,-5,0,20,220,6,2,-1,0,0,1
-4,1,1,18,58,2625,2605,20,-1,-887,-487,-41,2,0,0,0,0
0,1,1,26,39,2650,2630,20,0,-68,-68,11,0,0,0,-1,1
1,1,1,21,53,2625,2650,-25,0,0,-100,-7,0,0,-1,0,1
1,1,0,15,80,2630,2625,5,1,575,475,12,1,0,1,2,-2
0,2,2,30,22,2635,2600,35,0,58,58,4,0,0,0,0,0
2,1,1,18,80,2600,2645,-45,1,944,744,-28,-2,0,0,0,2
-1,1,0,13,80,2600,2615,-15,0,-3,97,1,0,0,0,1,0
-1,1,1,15,80,2615,2600,15,0,144,244,13,1,0,1,-2,-2
-1,1,1,25,44,2615,2615,0,-1,-132,-32,2,2,0,0,0,-1
0,1,0,14,62,2645,2600,45,0,0,0,-9,1,0,0,2,0
0,1,1,16,69,2645,2645,0,0,-13,-13,0,-1,0,0,1,1
0,1,1,16,60,2600,2645,-45,0,117,117,10,2,0,0,0,0
0,1,1,22,60,2645,2645,0,0,8,8,4,2,0,0,0,0
0,1,0,12,60,2645,2645,0,0,10,10,-5,0,0,0,0,0
0,1,1,18,41,2600,2645,-45,0,2,2,7,0,0,0,0,0
1,0,0,11,80,2705,2625,80,1,602,502,9,2,0,0,-1,-1
0,2,2,24,34,2600,2600,0,0,9,9,17,-1,0,0,0,0
-5,1,2,17,80,2600,2615,-15,0,16,516,-21,0,-1,1,0,-2
0,1,1,20,44,2600,2605,-5,0,59,59,10,0,0,-1,1,1
0,2,2,30,24,2615,2600,15,0,42,42,1,1,0,0,0,0
0,1,2,20,80,2605,2600,5,0,16,16,5,-1,-1,0,0,0
0,1,1,22,47,2605,2615,-10,0,-97,-97,-10,-2,0,0,2,-1
0,0,0,8,80,2600,2600,0,0,30,30,-6,1,0,0,0,1
3,0,1,13,75,2600,2615,-15,1,2367,2067,23,1,0,0,-1,0
1,0,0,15,80,2615,2635,-20,0,0,-100,-2,-1,0,0,2,-1
0,1,1,20,37,2615,2600,15,0,1,1,6,0,0,0,0,0
-7,0,0,13,80,2600,2615,-15,-1,-998,-298,-20,-1,0,0,0,0
0,0,0,18,49,2600,2635,-35,0,-48,-48,-3,0,0,0,-2,1
-1,1,1,13,80,2600,2600,0,-1,-661,-561,-18,-1,0,0,-1,-1
0,0,0,18,80,2600,2635,-35,-1,-157,-157,-26,-1,0,0,0,0
0,1,1,28,62,2600,2600,0,0,255,255,-12,0,0,0,0,0
0,2,1,20,61,2635,2600,35,0,-46,-46,-5,0,1,0,0,0
-1,0,1,15,80,2625,2645,-20,0,0,100,22,0,0,0,3,-2
0,1,1,16,80,2610,2645,-35,1,221,221,5,0,0,1,1,0
0,2,1,28,31,2645,2600,45,0,19,19,17,0,1,0,0,0
0,1,1,28,37,2645,2645,0,0,6,6,1,0,0,0,0,0
0,1,1,18,80,2625,2615,10,0,0,0,-14,0,0,0,-1,1
0,0,0,18,77,2610,2600,10,1,268,268,11,2,0,0,0,0
0,1,1,26,35,2645,2610,35,0,-39,-39,1,-1,0,0,1,0
2,1,1,16,65,2615,2645,-30,0,0,-200,12,-2,0,0,-3,1
0,1,1,26,46,2600,2645,-45,0,101,101,6,-1,0,0,0,0
2,1,1,14,65,2615,2610,5,1,753,553,16,1,0,0,-1,1
0,0,0,24,31,2600,2615,-15,0,12,12,25,-2,0,0,0,0
0,2,2,24,34,2615,2645,-30,0,-2,-2,11,0,0,0,0,0
-1,0,0,17,80,2600,2615,-15,-1,-231,-131,-14,-2,0,0,-1,0
4,0,1,20,63,2705,2635,70,1,706,306,0,-1,0,2,2,0
0,2,1,22,66,2635,2600,35,0,24,24,5,-1,1,0,1,-1
9,1,1,19,39,2615,2705,-90,0,-11,-911,17,-1,0,1,2,-2
0,2,2,28,48,2600,2615,-15,0,48,48,5,0,0,0,0,0
-4,0,1,12,80,2705,2600,105,0,-31,369,-1,0,0,0,1,-2
3,2,2,23,53,2635,2615,20,1,941,641,27,0,0,0,1,0
0,0,0,14,80,2645,2610,35,1,45,45,-2,2,0,0,2,-1
1,0,0,15,80,2625,2615,10,1,434,334,14,-2,0,1,4,0
0,1,1,28,30,2610,2615,-5,0,41,41,7,-1,0,0,0,0
0,0,0,12,80,2610,2625,-15,0,0,0,-8,-2,0,0,1,-1
-1,0,0,9,80,2645,2615,30,0,0,100,1,0,0,0,-1,0
1,0,0,19,73,2645,2625,20,0,4,-96,0,-2,0,-1,-2,-1
2,0,0,12,80,2620,2695,-75,1,520,320,6,3,0,0,0,2
0,1,2,20,56,2635,2615,20,-1,-671,-671,-6,1,-1,0,-1,1
2,0,0,12,80,2620,2695,-75,1,556,356,6,3,0,0,0,2
0,0,1,22,36,2635,2620,15,0,-3,-3,-6,0,0,0,-1,1
1,0,0,7,80,2635,2695,-60,0,106,6,10,0,0,0,-1,0
0,2,1,20,52,2635,2635,0,0,59,59,4,0,1,0,0,0
0,0,0,14,74,2695,2615,80,0,-5,-5,-3,1,0,0,-2,1
0,1,1,12,80,2615,2635,-20,0,28,28,-9,-1,0,0,0,0
0,1,1,26,54,2635,2620,15,0,37,37,5,0,0,0,0,1
-1,2,2,29,33,2695,2635,60,0,73,173,8,1,0,0,0,-1
-4,1,2,22,46,2620,2615,5,0,0,400,-3,1,-1,0,-1,0
1,0,0,13,69,2625,2615,10,0,0,-100,0,2,0,0,-1,0
1,0,0,15,80,2635,2625,10,1,494,394,12,0,0,0,1,0
0,2,1,26,35,2615,2635,-20,0,15,15,2,0,1,-1,0,0
-1,0,1,17,80,2615,2625,-10,-1,-848,-748,-26,1,0,0,1,-1
0,1,1,22,35,2635,2615,20,0,13,13,5,0,0,0,0,0
0,1,1,28,60,2625,2635,-10,0,10,10,-5,2,0,0,0,0
0,2,2,24,39,2625,2615,10,0,76,76,-1,0,0,0,0,0
0,1,1,22,40,2615,2635,-20,0,-8,-8,9,0,0,0,0,0
0,2,2,30,22,2635,2625,10,0,23,23,1,0,0,0,0,0
0,2,2,30,33,2635,2615,20,0,112,112,7,1,0,0,0,0
0,1,1,28,26,2625,2635,-10,0,124,124,7,0,0,0,0,0
0,1,1,22,80,2615,2625,-10,0,13,13,-1,-1,0,0,0,0
0,1,2,24,34,2615,2615,0,0,34,34,3,0,-1,0,1,0
0,1,1,16,80,2615,2620,-5,0,26,26,12,1,0,0,0,0
0,0,1,16,80,2620,2615,5,0,-7,-7,4,1,0,0,0,0
0,2,2,28,60,2630,2620,10,0,-108,-108,-10,-2,0,0,0,0
0,1,2,30,26,2620,2635,-15,0,21,21,-1,0,-1,0,0,0
-5,1,0,19,72,2635,2600,35,-1,-739,-239,3,-1,0,-1,0,0
9,2,2,29,19,2620,2600,20,0,41,-859,30,-1,0,0,0,0
-3,0,1,17,56,2635,2620,15,0,7,307,-16,0,0,0,-3,1
0,2,2,22,50,2620,2615,5,0,392,392,6,1,0,0,0,1
2,0,0,14,80,2625,2620,5,1,317,117,4,-1,0,1,-1,-1
0,2,2,22,35,2635,2615,20,0,-33,-33,-2,0,0,0,2,-1
0,2,1,18,80,2625,2635,-10,0,76,76,4,-1,1,0,0,0
0,0,0,16,71,2615,2625,-10,0,12,12,-4,0,0,0,1,0
0,2,1,18,80,2625,2625,0,1,47,47,8,2,1,0,1,0
0,2,1,16,80,2615,2615,0,0,5,5,-11,-1,1,-1,0,0
1,0,1,21,80,2615,2625,-10,-1,-160,-260,-2,-2,0,0,-1,1
0,1,1,28,32,2635,2620,15,0,26,26,10,-2,0,0,0,0
0,2,2,30,26,2620,2625,-5,0,20,20,-8,2,0,0,0,0
-2,0,1,22,73,2615,2625,-10,1,658,858,15,0,0,0,0,1
0,0,0,16,80,2635,2625,10,1,106,106,-2,1,0,0,0,0
1,0,0,13,80,2620,2615,5,0,8,-92,0,2,0,0,-2,0
0,1,1,14,80,2635,2630,5,0,0,0,-1,-1,0,0,-1,-1
0,1,1,12,71,2620,2620,0,0,-1,-1,-2,1,0,0,1,-1
1,2,1,17,80,2620,2600,20,1,540,440,2,0,1,1,2,0
-2,0,1,14,72,2620,2630,-10,-1,-749,-549,1,-1,0,-1,0,2
0,2,1,28,38,2630,2600,30,0,22,22,14,-1,1,-2,-3,1
5,0,0,23,47,2635,2615,20,0,-22,-522,15,0,0,0,0,0
0,0,0,14,80,2615,2625,-10,-1,-23,-23,2,-1,0,0,1,-1
0,0,1,14,80,2645,2610,35,0,177,177,7,0,0,0,-1,0
2,0,0,16,80,2610,2645,-35,-1,-760,-960,-3,-1,0,0,-2,1
3,0,0,13,69,2645,2610,35,1,693,393,9,0,0,0,-1,2
0,0,0,16,68,2610,2645,-35,0,0,0,-4,0,0,0,0,0
1,1,1,13,80,2645,2610,35,0,8,-92,-2,1,0,0,-1,1
0,0,0,12,80,2610,2645,-35,0,0,0,-4,0,0,0,0,-1
1,0,0,13,80,2645,2610,35,1,352,252,-2,-1,0,0,1,2
0,0,0,14,80,2610,2645,-35,-1,109,109,-2,0,0,0,1,0
0,1,0,14,80,2645,2610,35,0,11,11,1,0,0,0,0,0
-1,1,1,21,80,2610,2645,-35,-1,-29,71,-11,-1,0,1,4,0
-2,1,0,18,72,2645,2610,35,-1,-533,-333,6,-1,0,-1,2,1
-1,1,1,17,75,2610,2645,-35,1,-9,91,-7,0,0,1,-1,1
-6,1,1,16,66,2645,2610,35,-1,-1054,-454,-18,0,0,0,-1,0
3,0,1,15,80,2610,2645,-35,1,445,145,4,-1,0,0,-1,3
0,1,1,14,67,2645,2610,35,0,2,2,-5,2,0,0,0,1
0,0,1,14,80,2610,2645,-35,0,14,14,-1,-1,0,1,2,-1
0,1,0,16,80,2645,2610,35,1,121,121,5,1,0,0,1,0
1,1,2,17,80,2610,2645,-35,-1,-82,-182,8,-1,-1,0,1,2
0,1,1,20,43,2645,2645,0,0,-7,-7,3,-2,0,-1,0,-1
0,1,1,22,33,2645,2645,0,0,9,9,9,1,0,0,-1,1
3,0,0,13,77,2645,2645,0,0,2,-298,18,0,0,0,0,0
0,1,1,20,43,2645,2645,0,0,-8,-8,7,-1,0,0,-1,1
0,2,1,14,80,2645,2645,0,1,350,350,3,0,1,0,-1,-1
2,0,0,16,73,2645,2645,0,1,10000,9800,35,1,0,0,-1,1
0,1,0,22,49,2645,2645,0,0,-42,-42,-8,1,0,0,0,0
-7,1,0,17,80,2645,2645,0,-1,-455,245,-27,0,0,0,0,0
0,1,0,18,53,2645,2645,0,0,17,17,6,-1,0,0,0,0
0,1,1,26,29,2645,2645,0,0,15,15,15,-2,0,0,0,0
0,1,1,22,53,2645,2645,0,0,-62,-62,10,-1,0,0,0,0
-1,1,1,17,80,2645,2645,0,0,-162,-62,5,0,0,0,1,-1
0,1,1,16,80,2620,2645,-25,-1,-414,-414,-7,1,0,0,-1,1
1,0,0,11,80,2620,2645,-25,0,32,-68,4,-1,0,0,0,1
0,0,1,16,80,2645,2620,25,1,206,206,2,0,0,0,1,-1
0,1,1,16,80,2620,2645,-25,-1,-444,-444,-7,1,0,0,-1,1
0,1,0,14,80,2645,2620,25,1,218,218,9,-1,0,0,-1,-1
-10,2,1,22,66,2620,2645,-25,0,24,1024,-16,2,1,1,1,0
0,0,0,12,79,2645,2620,25,0,0,0,-2,1,0,0,-1,0
-1,0,0,7,80,2620,2645,-25,-1,-31,69,4,-1,0,0,1,-2
0,1,0,12,80,2645,2620,25,1,785,785,-11,0,0,0,0,1
1,2,2,19,71,2620,2645,-25,1,698,598,32,0,0,-1,2,1
0,1,2,26,38,2645,2620,25,0,0,0,10,1,-1,0,0,0
0,1,2,24,66,2645,2620,25,0,53,53,0,1,-1,1,3,1
0,0,0,22,80,2620,2645,-25,0,43,43,5,0,0,1,0,0
1,2,2,27,41,2645,2620,25,0,32,-68,15,0,0,0,0,1
0,1,1,18,42,2610,2625,-15,0,5,5,-1,0,0,0,0,0
-2,1,2,20,39,2625,2610,15,0,-15,185,-9,0,-1,0,1,1
-1,1,1,25,80,2610,2625,-15,-1,0,100,-9,0,0,0,0,0
0,0,0,16,72,2625,2610,15,0,0,0,-29,-2,0,1,1,2
3,0,1,17,80,2610,2625,-15,1,346,46,0,-2,0,0,1,-1
0,1,0,10,80,2625,2610,15,0,14,14,4,1,0,0,0,0
0,2,2,30,35,2610,2625,-15,0,39,39,12,0,0,0,0,0
2,1,1,20,79,2625,2610,15,1,695,495,37,1,0,0,1,1
4,1,1,18,79,2610,2625,-15,1,758,358,10,2,0,0,0,2
6,2,1,18,52,2625,2610,15,0,0,-600,-31,-2,1,0,-2,1
-3,1,1,27,34,2610,2625,-15,0,32,332,-12,0,0,0,0,0
0,1,1,18,80,2625,2610,15,0,244,244,3,0,0,0,1,0
1,2,2,17,79,2610,2625,-15,1,979,879,19,0,0,-1,-1,1
-1,1,0,17,80,2625,2610,15,-1,-274,-174,-8,1,0,1,3,0
1,1,1,19,60,2610,2625,-15,0,182,82,6,0,0,0,0,0
1,0,0,17,70,2645,2645,0,1,10000,9900,4,1,0,0,0,1
0,1,2,14,80,2620,2635,-15,0,41,41,1,0,-1,0,1,1
1,1,1,19,80,2635,2620,15,-1,59,-41,-3,-1,0,0,1,-1
-1,0,0,15,80,2620,2635,-15,0,0,100,6,1,0,1,-1,0
0,2,2,26,42,2635,2620,15,0,33,33,7,0,0,0,-1,0
1,1,0,15,59,2620,2635,-15,0,2,-98,-1,1,0,0,-1,0
0,0,1,16,80,2635,2620,15,0,42,42,-1,2,0,0,0,0
0,0,0,10,80,2620,2635,-15,0,-1,-1,5,2,0,0,0,0
0,0,0,12,80,2635,2620,15,0,0,0,-2,-1,0,0,2,0
-1,1,1,15,80,2620,2635,-15,0,-3,97,-23,-1,0,0,-1,-2
-1,1,1,17,80,2635,2620,15,0,0,100,10,1,0,0,-2,0
0,0,0,14,80,2620,2635,-15,0,0,0,-3,0,0,0,2,-1
0,0,0,14,80,2635,2620,15,0,0,0,-1,2,0,0,2,-1
-2,0,0,12,80,2615,2690,-75,-1,-443,-243,-1,0,0,1,1,1
1,0,0,15,80,2625,2615,10,1,712,612,-5,2,0,0,2,1
-1,1,0,19,46,2625,2690,-65,-1,-487,-387,-9,0,0,-1,2,-1
0,1,1,26,41,2610,2620,-10,0,-2,-2,7,0,0,0,0,0
0,2,1,14,80,2620,2610,10,0,52,52,-1,0,1,0,1,0
-2,2,1,12,79,2610,2620,-10,1,224,424,4,0,1,0,0,0
-3,2,2,23,49,2620,2610,10,0,135,435,-6,0,0,1,1,1
0,1,1,24,48,2610,2620,-10,0,-10,-10,-3,0,0,0,0,0
1,1,1,13,80,2620,2610,10,0,29,-71,0,0,0,0,2,0
0,1,1,18,55,2610,2620,-10,0,-7,-7,-1,0,0,0,1,1
0,2,2,26,50,2620,2610,10,0,31,31,15,0,0,0,0,0
1,1,1,21,71,2610,2620,-10,0,-86,-186,-5,-1,0,-1,-2,1
2,0,0,16,67,2620,2610,10,1,600,400,4,0,0,-1,0,0
-1,2,1,27,26,2610,2620,-10,0,-20,80,14,-2,1,0,0,-1
0,1,2,28,38,2620,2610,10,0,37,37,3,0,-1,1,0,0
0,0,0,24,80,2620,2610,10,0,44,44,-1,1,0,0,0,0
0,1,1,16,70,2610,2620,-10,0,35,35,5,-1,0,1,1,-1
1,1,1,19,69,2610,2620,-10,1,-698,-798,-6,-1,0,0,0,-1
0,0,1,20,80,2620,2610,10,0,0,0,-7,0,0,0,-1,2
-9,0,1,19,80,2615,2625,-10,-1,-30,870,-39,-1,0,0,0,0
0,1,1,26,39,2625,2615,10,0,15,15,8,0,0,0,0,0
1,0,0,11,80,2615,2625,-10,1,58,-42,-3,0,0,0,1,0
1,0,0,13,80,2625,2615,10,1,287,187,8,-2,0,0,1,1
0,0,0,18,80,2615,2625,-10,0,5,5,0,-2,0,1,0,0
1,0,0,23,80,2625,2615,10,1,281,181,2,-2,0,0,-1,1
1,1,1,11,80,2615,2625,-10,1,58,-42,8,2,0,0,1,1
0,1,1,14,80,2625,2615,10,1,108,108,-9,2,0,0,0,1
0,0,1,16,80,2615,2625,-10,0,-124,-124,11,1,0,0,0,0
1,1,1,17,59,2625,2615,10,1,594,494,2,0,0,0,1,0
0,1,0,14,80,2600,2610,-10,0,-6,-6,8,1,0,0,0,0
1,0,1,17,59,2610,2600,10,1,857,757,34,1,0,0,1,2
-1,0,0,9,77,2600,2610,-10,0,-1,99,-7,0,0,0,0,0
2,0,0,16,80,2610,2600,10,1,88,-112,-2,-2,0,2,3,0
1,0,0,15,80,2600,2620,-20,1,286,186,-2,1,0,0,-1,0
3,1,0,19,61,2610,2600,10,0,28,-272,40,1,0,0,2,0
0,2,2,28,31,2620,2600,20,0,-7,-7,-6,0,0,0,0,0
-1,1,0,13,80,2600,2690,-90,-1,-339,-239,-17,-1,0,0,0,0
0,2,2,28,27,2620,2690,-70,0,14,14,-7,0,0,0,1,0
0,2,2,24,80,2600,2690,-90,0,-32,-32,-5,2,0,0,1,0
-1,1,1,15,80,2615,2620,-5,0,-21,79,-2,2,0,0,-1,0
0,1,0,24,80,2620,2610,10,-1,-440,-440,8,1,0,0,0,0
0,1,1,24,25,2605,2620,-15,0,57,57,-3,0,0,0,-1,1
0,0,0,16,80,2610,2605,5,1,47,47,-4,1,0,0,0,0
0,1,1,24,36,2665,2725,-60,0,0,0,-2,0,0,0,0,0
0,1,0,16,57,2725,2665,60,0,6,6,-5,1,0,0,0,0
-1,0,1,17,60,2665,2725,-60,0,0,100,9,0,0,1,3,-2
0,2,1,28,37,2725,2665,60,0,20,20,-1,0,1,0,0,0
0,2,0,20,80,2665,2725,-60,0,66,66,-31,-1,1,0,-3,1
0,2,1,28,45,2725,2665,60,0,-47,-47,-9,-1,1,0,0,0
-1,0,1,19,80,2665,2725,-60,0,-68,32,-16,1,0,0,0,-1
-4,0,1,18,55,2725,2665,60,1,1007,1407,33,2,0,0,1,0
1,1,0,13,80,2665,2725,-60,0,5,-95,3,0,0,0,-1,0
-5,0,0,13,80,2725,2665,60,0,-19,481,-18,0,0,0,1,1
3,1,1,19,80,2665,2725,-60,1,605,305,22,0,0,0,-1,0
0,0,0,10,80,2725,2665,60,0,10,10,0,2,0,0,3,0
-1,1,1,17,80,2665,2725,-60,-1,59,159,10,0,0,0,0,2
0,1,0,14,80,2725,2665,60,1,324,324,-7,0,0,0,-1,2
2,0,0,14,49,2665,2725,-60,0,7,-193,7,0,0,1,2,-1
-5,0,0,17,80,2725,2665,60,0,3,503,-11,-1,0,-1,1,-1
2,0,0,10,78,2665,2725,-60,-1,-10000,-10200,-31,2,0,0,-1,0
0,1,1,14,80,2725,2665,60,0,43,43,12,1,0,0,2,-1
0,1,1,18,77,2665,2725,-60,0,0,0,11,-1,0,0,0,-1
0,1,0,18,80,2725,2665,60,0,405,405,-6,0,0,1,0,0
1,0,1,15,80,2665,2725,-60,1,146,46,-1,-1,0,0,-1,0
0,1,0,16,80,2725,2665,60,0,340,340,-3,-1,0,0,1,0
0,0,0,12,80,2665,2725,-60,0,0,0,-5,0,0,1,3,-2
0,0,0,14,80,2725,2665,60,0,-4,-4,3,2,0,0,1,1
-2,1,1,20,80,2665,2725,-60,0,344,544,0,1,0,1,3,0
1,0,0,17,54,2725,2665,60,0,30,-70,7,0,0,0,1,1
-1,0,0,15,80,2665,2725,-60,-1,-519,-419,1,1,0,0,-1,0
-2,0,0,18,80,2725,2665,60,-1,-119,81,-9,1,0,0,0,1
0,1,1,18,80,2665,2725,-60,1,61,61,21,-2,0,-1,0,-2
0,0,0,16,80,2725,2665,60,0,2,2,4,2,0,0,1,1
0,0,1,24,80,2665,2725,-60,1,68,68,4,-1,0,0,0,0
1,1,1,23,80,2725,2665,60,1,766,666,5,2,0,0,0,0
1,1,1,15,80,2630,2605,25,0,0,-100,-3,1,0,0,1,-2
1,1,0,19,51,2630,2620,10,1,569,469,4,-2,0,0,-1,0
0,2,2,30,27,2620,2605,15,0,57,57,7,0,0,0,0,0
1,1,0,17,65,2620,2620,0,1,893,793,-2,-1,0,-1,1,1
0,2,1,24,35,2620,2630,-10,0,0,0,9,1,1,0,-1,0
0,0,0,18,80,2620,2630,-10,0,50,50,-1,0,0,0,1,-1
0,0,1,24,35,2620,2605,15,0,9,9,2,0,0,1,0,0
0,0,0,16,80,2620,2630,-10,1,85,85,7,-1,0,2,1,-1
0,1,1,26,33,2630,2630,0,0,-26,-26,7,0,0,0,0,0
1,1,1,27,80,2620,2605,15,0,184,84,7,-1,0,0,-1,0
0,0,0,14,80,2605,2630,-25,-1,-652,-652,1,1,0,1,-1,0
0,0,0,12,80,2605,2630,-25,1,100,100,-1,0,0,1,-3,1
0,2,2,30,21,2630,2620,10,0,23,23,-3,0,0,0,0,0
-2,1,0,16,80,2630,2665,-35,-1,-568,-368,-12,-1,0,0,0,0
0,1,1,18,80,2665,2630,35,0,6,6,-14,-1,0,0,0,0
0,1,1,28,26,2630,2630,0,0,22,22,6,0,0,0,0,0
-1,1,1,15,78,2630,2605,25,-1,-576,-476,-5,-2,0,0,1,0
1,0,0,19,80,2725,2625,100,1,420,320,9,1,0,0,1,0
0,2,2,24,25,2620,2625,-5,0,9,9,3,0,0,0,0,0
0,0,1,14,80,2630,2620,10,1,710,710,0,-1,0,1,-1,-1
0,2,2,26,26,2620,2605,15,0,0,0,12,-2,0,0,0,0
1,0,0,17,59,2625,2630,-5,0,-2,-102,-3,-1,0,0,1,0
0,1,1,16,78,2630,2630,0,0,0,0,-26,0,0,0,0,0
5,0,1,25,39,2625,2625,0,0,-7,-507,10,0,0,0,0,0
-2,1,0,24,41,2630,2625,5,1,852,1052,18,1,0,1,0,0
0,1,0,14,69,2605,2630,-25,0,3,3,1,0,0,0,0,0
0,2,2,28,43,2725,2625,100,0,16,16,-7,0,0,0,-1,0
0,0,0,10,78,2625,2605,20,-1,-577,-577,1,0,0,0,-2,-1
0,2,2,30,44,2630,2725,-95,0,43,43,2,-1,0,0,0,0
0,0,1,20,49,2620,2630,-10,0,-25,-25,-1,-1,0,0,0,0
1,0,1,19,80,2725,2605,120,1,384,284,-4,0,0,1,2,-1
0,2,1,24,45,2625,2620,5,1,911,911,21,1,1,0,-1,-1
0,2,1,22,49,2725,2620,105,1,10000,10000,40,2,1,0,0,2
-2,2,1,14,80,2630,2625,5,-1,-480,-280,-7,1,1,0,0,0
0,1,1,22,80,2625,2630,-5,0,-239,-239,-15,0,0,0,0,0
-3,2,0,19,80,2630,2725,-95,-1,-598,-298,-22,-1,1,0,1,-1
0,2,2,24,27,2605,2625,-20,0,4,4,-3,0,0,0,0,0
2,0,0,10,80,2625,2625,0,1,374,174,7,-1,0,0,-1,-1
0,1,1,24,50,2625,2625,0,0,33,33,19,0,0,-1,0,0
-1,0,1,13,80,2625,2625,0,0,-13,87,-2,-1,0,1,4,-2
-1,0,0,11,80,2625,2625,0,0,-10,90,-6,0,0,0,1,0
0,0,0,20,46,2625,2625,0,0,5,5,9,-2,0,0,0,0
-1,2,1,17,80,2625,2625,0,-1,-15,85,2,-1,1,1,0,0
0,1,1,18,53,2625,2625,0,0,12,12,-6,-2,0,0,1,-1
2,1,1,14,80,2625,2625,0,1,279,79,3,1,0,0,0,0
0,1,1,20,80,2600,2620,-20,1,557,557,1,0,0,0,0,1
0,1,0,20,43,2615,2620,-5,1,901,901,8,1,0,0,-1,0
0,1,1,16,60,2620,2615,5,0,0,0,14,1,0,0,-1,1
0,1,1,26,31,2640,2640,0,0,2,2,4,0,0,0,0,0
-1,0,1,17,80,2600,2625,-25,0,0,100,0,1,0,0,0,-1
0,2,2,30,23,2640,2600,40,0,21,21,13,0,0,0,0,0
-1,1,0,9,80,2640,2625,15,0,-5,95,-18,1,0,0,1,0
3,2,1,19,63,2640,2620,20,1,1051,751,19,0,1,1,0,-1
3,0,0,15,74,2625,2640,-15,0,0,-300,-26,0,0,1,0,-2
0,0,1,18,80,2600,2640,-40,0,21,21,5,1,0,1,2,0
0,2,2,24,33,2640,2705,-65,0,4,4,8,0,0,0,0,0
0,1,2,12,80,2620,2600,20,-1,-634,-634,-9,0,-1,0,3,-1
0,1,1,22,29,2615,2625,-10,0,1,1,-10,2,0,0,0,0
0,1,0,14,80,2625,2620,5,1,170,170,4,2,0,0,-1,0
1,1,1,17,63,2620,2640,-20,1,900,800,-14,-1,0,-1,0,2
0,1,0,18,40,2640,2615,25,0,7,7,-3,0,0,-1,2,-1
-1,0,0,11,80,2620,2625,-5,0,-57,43,-5,0,0,0,-1,-3
0,1,1,24,56,2640,2640,0,0,-5,-5,3,1,0,1,1,0
0,1,1,26,25,2615,2705,-90,0,-8,-8,11,0,0,0,1,0
0,2,2,12,78,2620,2640,-20,-1,24,24,8,1,0,0,0,0
0,0,1,20,80,2640,2600,40,1,368,368,7,0,0,0,0,-1
1,1,1,15,80,2640,2620,20,1,431,331,3,-1,0,0,3,1
0,1,2,12,61,2625,2640,-15,0,1,1,-1,0,-1,0,0,0
-1,1,0,15,80,2640,2705,-65,-1,-488,-388,-2,1,0,-1,1,-2
2,2,1,22,44,2640,2615,25,-1,-1751,-1951,-16,-1,1,0,2,-1
3,1,0,11,80,2625,2600,25,1,218,-82,10,1,0,0,1,2
0,0,1,18,49,2600,2640,-40,0,42,42,6,0,0,0,1,0
2,1,0,12,63,2615,2640,-25,1,574,374,18,2,0,0,-1,0
1,0,2,11,80,2620,2705,-85,0,6,-94,2,0,-1,0,0,-1
0,2,1,26,51,2640,2625,15,0,-153,-153,-4,-1,1,0,-1,-1
0,0,0,10,76,2625,2615,10,0,9,9,0,0,0,0,1,0
2,2,2,22,75,2705,2625,80,1,586,386,19,-1,0,0,0,1
-5,1,0,23,80,2705,2640,65,0,0,500,-9,0,0,0,0,0
0,0,0,16,64,2705,2615,90,0,22,22,12,0,0,0,2,1
-1,2,1,21,80,2705,2640,65,1,558,658,-7,-2,1,0,-1,1
2,0,1,16,77,2615,2640,-25,1,595,395,3,-1,0,0,1,1
0,0,0,14,80,2615,2600,15,0,89,89,5,-1,0,0,2,-2
1,2,2,25,54,2705,2600,105,0,26,-74,-5,2,0,-1,-2,0
0,1,2,28,38,2600,2615,-15,0,35,35,4,0,-1,0,0,0
0,1,1,26,28,2600,2705,-105,0,13,13,12,0,0,0,1,0
-1,0,0,17,80,2705,2620,85,-1,-278,-178,13,-2,0,0,-1,0
-2,2,0,16,62,2625,2705,-80,-1,-874,-674,-12,-3,1,0,0,-1
3,1,1,21,56,2625,2615,10,-1,-10000,-10300,-49,1,0,1,-1,-2
0,1,0,12,80,2615,2620,-5,0,0,0,-4,1,0,0,-1,0
1,1,0,15,77,2625,2620,5,1,630,530,15,0,0,-1,0,1
1,1,0,17,80,2600,2625,-25,1,103,3,0,0,0,0,-1,0
0,1,2,24,44,2625,2610,15,0,5,5,9,1,-1,1,0,-1
0,2,1,28,47,2640,2625,15,0,-39,-39,-7,0,1,-1,-1,1
0,1,0,28,24,2600,2610,-10,0,30,30,2,-1,0,-1,-1,1
4,0,0,18,61,2640,2600,40,1,437,37,0,-2,0,-1,-1,1
0,1,1,26,43,2610,2640,-30,0,9,9,13,0,0,0,-1,0
0,1,1,16,72,2610,2615,-5,0,8,8,2,1,0,0,1,0
0,1,1,24,38,2640,2640,0,0,40,40,-3,2,0,0,0,0
0,1,1,22,80,2640,2600,40,0,-26,-26,-12,-1,0,0,1,1
1,1,1,7,69,2620,2640,-20,0,0,-100,7,0,0,0,-1,1
1,0,1,19,80,2625,2640,-15,1,732,632,16,1,0,0,1,1
0,2,2,20,80,2600,2620,-20,-1,0,0,0,-1,0,0,0,0
0,2,1,20,80,2620,2625,-5,1,42,42,4,1,1,0,0,1
0,1,1,18,57,2640,2705,-65,0,4,4,6,-1,0,0,0,0
-3,1,0,15,79,2705,2620,85,1,10000,10300,41,1,0,0,1,0
-1,2,1,25,44,2640,2600,40,0,9,109,-5,0,1,-1,-1,0
0,0,0,14,80,2625,2640,-15,0,-52,-52,-3,0,0,0,0,-1
0,0,0,18,58,2640,2705,-65,0,6,6,8,-1,0,0,-1,0
1,1,1,15,67,2600,2625,-25,0,6,-94,-3,-1,0,0,-2,0
-1,1,0,17,80,2705,2600,105,1,37,137,0,1,0,1,-1,0
0,2,1,24,80,2640,2620,20,1,110,110,5,0,1,0,-1,0
0,1,1,20,56,2625,2705,-80,0,10,10,-1,0,0,0,1,0
-3,1,1,23,46,2600,2705,-105,0,17,317,-9,1,0,0,0,0
0,0,0,10,80,2705,2600,105,1,168,168,4,2,0,0,3,0
0,2,2,32,25,2600,2625,-25,0,69,69,15,0,0,0,0,0
0,1,1,24,31,2600,2625,-25,0,46,46,15,0,0,0,0,0
-1,0,1,13,80,2625,2625,0,-1,-69,31,-25,0,0,0,1,1
0,2,2,24,80,2705,2600,105,1,180,180,5,0,0,0,1,0
0,1,1,24,32,2600,2640,-40,0,38,38,14,0,0,0,0,0
1,0,0,11,80,2620,2625,-5,0,12,-88,-8,0,0,-1,-1,0
0,1,1,18,80,2620,2610,10,1,38,38,-4,2,0,0,-1,0
-2,1,0,10,78,2640,2620,20,-1,-509,-309,-5,0,0,0,0,-1
1,1,2,25,38,2610,2640,-30,0,35,-65,-15,0,-1,-1,-2,-1
0,1,1,26,54,2600,2655,-55,0,54,54,10,1,0,1,0,0
0,1,0,20,76,2655,2600,55,0,19,19,10,1,0,0,-1,0
0,0,1,20,80,2600,2655,-55,0,13,13,-17,0,0,0,-1,0
-2,1,1,12,80,2655,2600,55,0,27,227,-20,-1,0,0,-2,0
-1,1,0,11,80,2600,2655,-55,0,-73,27,0,-1,0,0,3,0
-2,0,0,12,60,2655,2600,55,0,-9,191,-8,0,0,1,4,-2
0,1,1,12,80,2600,2655,-55,0,-21,-21,-7,0,0,1,2,1
-4,0,1,18,80,2655,2600,55,0,31,431,4,0,0,-1,-1,0
0,1,1,18,80,2600,2655,-55,1,1111,1111,14,2,0,0,-2,0
-1,1,0,19,80,2655,2600,55,-1,-346,-246,0,-1,0,0,-1,0
-1,0,1,9,80,2600,2655,-55,0,-355,-255,9,0,0,0,-1,1
1,0,1,17,80,2635,2705,-70,1,457,357,8,1,0,0,1,1
0,0,1,12,80,2705,2635,70,-1,-32,-32,-24,0,0,-1,-3,1
-3,1,2,25,34,2635,2705,-70,0,6,306,-4,0,-1,0,1,0
0,0,1,14,72,2705,2635,70,0,15,15,-22,-1,0,0,2,-2
0,2,2,26,40,2635,2705,-70,0,22,22,5,1,0,0,0,0
0,0,1,16,79,2705,2635,70,0,23,23,-13,-1,0,0,0,0
1,1,1,23,80,2635,2705,-70,1,771,671,-25,3,0,0,0,-1
0,1,2,26,66,2705,2635,70,0,-500,-500,-33,2,-1,0,1,0
0,0,1,22,52,2725,2600,125,0,-4,-4,-4,-1,0,0,0,0
3,0,1,19,65,2610,2600,10,0,5,-295,3,0,0,0,-1,1
1,0,1,11,80,2610,2725,-115,1,90,-10,9,0,0,0,1,2
0,1,0,16,67,2600,2725,-125,0,0,0,2,0,0,0,1,1
-1,0,0,9,80,2600,2610,-10,0,0,100,1,1,0,0,1,0
0,1,1,18,69,2725,2610,115,1,802,802,11,1,0,0,-2,1
0,0,0,14,80,2725,2615,110,0,12,12,0,0,0,1,0,0
0,0,0,12,80,2600,2615,-15,0,16,16,-6,-1,0,0,-1,-1
6,1,0,16,65,2725,2600,125,1,814,214,16,1,0,0,0,0
0,1,1,16,80,2615,2725,-110,0,13,13,7,-2,0,-1,0,0
0,1,1,28,23,2615,2600,15,0,-25,-25,13,-1,0,-2,-1,1
0,2,1,22,71,2600,2725,-125,0,33,33,3,0,1,0,-1,-1
0,1,0,12,80,2695,2635,60,0,13,13,-2,1,0,0,0,0
0,0,0,22,47,2635,2695,-60,0,38,38,-8,1,0,0,0,0
-3,1,1,19,60,2695,2635,60,0,15,315,-6,0,0,0,0,0
0,0,0,18,80,2635,2695,-60,-1,27,27,-3,1,0,0,1,-1
-2,0,0,16,62,2695,2635,60,0,0,200,-3,0,0,0,4,-2
0,1,0,18,80,2635,2695,-60,1,346,346,5,1,0,0,-2,1
0,0,0,14,80,2695,2635,60,0,34,34,5,0,0,0,0,0
-1,1,0,13,80,2635,2695,-60,-1,-60,40,7,-1,0,-1,-2,-1
0,0,0,18,49,2695,2635,60,0,-5,-5,7,1,0,0,0,0
0,0,0,12,63,2635,2695,-60,0,4,4,-1,-1,0,0,0,-1
0,0,0,16,80,2695,2635,60,0,0,0,10,-1,0,0,0,0
0,0,1,16,80,2695,2635,60,0,28,28,-2,-1,0,0,1,0
1,0,1,13,80,2635,2695,-60,1,281,181,-2,0,0,1,-1,-1
-2,0,1,12,80,2635,2695,-60,-1,-608,-408,-30,-1,0,0,-1,1
-1,0,0,11,80,2695,2600,95,0,18,118,-30,2,0,-1,-2,3
0,1,0,20,55,2600,2605,-5,0,43,43,1,1,0,0,0,0
-1,2,2,23,80,2695,2605,90,0,241,341,28,-2,0,0,-1,-1
0,1,1,14,71,2600,2695,-95,1,1060,1060,35,2,0,0,1,1
1,0,0,19,77,2695,2600,95,1,722,622,11,1,0,0,1,-2
0,1,1,20,67,2600,2695,-95,0,33,33,11,0,0,0,1,-1
-3,1,1,13,80,2695,2600,95,-1,-572,-272,-14,0,0,0,-1,0
0,1,1,12,69,2600,2695,-95,0,19,19,-5,0,0,0,0,0
0,0,1,12,80,2695,2600,95,0,14,14,2,0,0,0,-1,-1
0,2,1,20,80,2600,2695,-95,-1,112,112,9,-2,1,0,1,0
1,0,0,13,80,2695,2600,95,1,278,178,8,0,0,0,1,0
-1,1,1,11,75,2615,2655,-40,-1,-478,-378,0,0,0,-1,-3,1
0,1,1,16,48,2655,2615,40,0,6,6,-4,1,0,0,0,1
3,1,0,27,27,2615,2655,-40,0,15,-285,11,0,0,0,0,0
0,0,1,16,66,2655,2615,40,0,26,26,-7,-1,0,0,0,0
0,0,0,22,50,2615,2655,-40,0,171,171,3,-1,0,-2,-7,2
0,0,0,12,80,2655,2615,40,0,31,31,-2,-2,0,0,1,0
1,1,2,17,39,2615,2655,-40,0,12,-88,1,0,-1,0,-1,0
0,0,0,16,80,2655,2615,40,0,59,59,3,2,0,0,2,-1
0,0,0,16,80,2615,2655,-40,1,284,284,8,0,0,0,1,0
0,0,0,16,64,2655,2615,40,0,4,4,-1,0,0,0,0,0
0,0,0,26,33,2615,2655,-40,0,-51,-51,2,0,0,1,0,0
0,2,2,30,35,2655,2615,40,0,3,3,1,-1,0,0,0,0
0,1,2,30,29,2655,2615,40,0,18,18,0,0,-1,-1,0,0
0,1,1,20,80,2615,2655,-40,0,75,75,0,-1,0,0,1,0
0,0,1,14,67,2705,2610,95,0,2,2,5,0,0,0,-1,-1
0,1,1,22,33,2655,2725,-70,0,27,27,8,0,0,0,0,0
0,1,1,12,80,2615,2600,15,0,-35,-35,-33,-1,0,0,2,0
2,0,0,20,51,2655,2600,55,1,622,422,10,-1,0,0,0,0
0,2,2,28,31,2600,2615,-15,0,39,39,19,0,0,0,0,0
0,1,2,22,60,2600,2705,-105,0,63,63,10,1,-1,0,1,0
-3,2,1,23,50,2610,2725,-115,-1,-559,-259,-3,0,1,0,0,-2
0,1,1,26,31,2705,2600,105,0,-2,-2,11,0,0,0,0,0
0,2,2,30,34,2655,2610,45,0,-4,-4,8,-1,0,1,0,0
0,1,1,24,35,2600,2705,-105,0,21,21,3,0,0,0,0,0
-1,1,1,17,72,2600,2725,-125,-1,-423,-323,0,-1,0,0,1,-1
0,2,2,18,53,2655,2615,40,0,7,7,-3,1,0,0,0,0
-2,1,1,22,53,2615,2610,5,1,1095,1295,33,2,0,0,0,-2
0,2,2,20,80,2725,2600,125,1,150,150,1,0,0,0,-1,0
0,1,1,22,45,2610,2600,10,0,0,0,15,0,0,0,-1,1
0,2,2,32,37,2600,2725,-125,0,83,83,5,0,0,0,0,0
-4,1,1,20,66,2655,2705,-50,1,10000,10400,-14,1,0,0,0,1
-3,1,1,21,80,2705,2615,90,1,650,950,8,0,0,0,1,-1
6,0,0,14,75,2600,2600,0,1,784,184,19,0,0,0,0,1
0,1,1,22,49,2655,2725,-70,0,6,6,4,1,0,0,0,0
0,1,1,20,47,2610,2600,10,0,31,31,31,-1,0,-1,-2,2
-1,0,2,13,72,2600,2600,0,-1,-692,-592,-11,-1,-1,0,0,-2
-7,1,1,17,80,2705,2610,95,0,-128,572,-20,-1,0,0,1,-2
2,0,0,18,69,2600,2600,0,1,792,592,31,1,0,-1,2,2
2,0,1,8,69,2725,2615,110,1,961,761,29,0,0,0,0,1
0,1,2,18,46,2655,2600,55,0,-11,-11,2,-1,-1,0,1,1
1,0,0,15,58,2610,2600,10,0,39,-61,-3,0,0,0,-2,2
0,0,0,26,41,2725,2705,20,0,-20,-20,-1,0,0,-1,0,0
1,0,1,11,80,2600,2615,-15,0,28,-72,-4,2,0,0,0,1
0,2,2,32,46,2600,2655,-55,0,32,32,1,0,0,0,0,0
0,1,0,22,80,2695,2615,80,0,195,195,27,1,0,0,2,0
0,2,2,24,32,2615,2695,-80,0,5,5,-5,0,0,0,0,0
-1,1,1,23,80,2695,2615,80,0,79,179,-4,-1,0,-1,1,-1
0,2,1,22,80,2615,2695,-80,0,102,102,-7,-1,1,0,-1,1
0,1,2,20,80,2695,2615,80,1,156,156,15,1,-1,0,-1,-2
0,0,0,8,76,2615,2695,-80,0,9,9,-1,1,0,0,0,1
0,0,2,22,75,2695,2615,80,0,17,17,0,1,-1,0,2,1
0,1,1,24,39,2615,2695,-80,0,-32,-32,-15,0,0,0,0,0
1,0,0,21,80,2695,2615,80,1,567,467,-12,0,0,0,1,0
0,0,0,10,77,2600,2695,-95,0,0,0,-1,2,0,0,2,0
2,2,1,18,55,2705,2600,105,0,0,-200,13,0,1,0,-1,1
1,1,1,17,80,2600,2705,-105,0,214,114,-2,1,0,1,0,0
0,1,0,12,75,2600,2600,0,0,4,4,-4,2,0,0,0,0
0,1,0,12,80,2725,2635,90,0,5,5,4,0,0,0,0,-1
0,1,1,16,67,2725,2705,20,1,10000,10000,42,3,0,0,0,0
0,0,1,16,80,2600,2725,-125,-1,-5,-5,4,0,0,0,0,0
-1,2,1,19,53,2705,2635,70,0,16,116,11,0,1,0,1,1
-3,0,0,11,78,2635,2600,35,-1,-508,-208,2,0,0,1,-1,-1
1,0,0,15,80,2725,2600,125,1,727,627,16,0,0,1,3,1
-1,0,0,21,43,2600,2635,-35,0,-161,-61,-6,0,0,0,0,-1
2,0,1,20,67,2690,2605,85,1,880,680,18,1,0,0,-1,-1
0,2,1,24,44,2620,2605,15,0,20,20,1,0,1,0,0,0
0,2,2,30,39,2605,2650,-45,0,73,73,9,-1,0,0,0,0
0,1,0,24,38,2690,2620,70,0,11,11,0,1,0,0,0,0
0,1,0,22,44,2620,2605,15,0,47,47,12,0,0,1,1,0
-4,1,1,16,80,2620,2650,-30,0,18,418,-19,1,0,0,1,0
2,0,0,16,80,2620,2620,0,1,406,206,12,-1,0,0,-2,1
-1,1,1,23,80,2690,2650,40,0,-15,85,4,0,0,0,-1,-1
0,2,1,26,40,2650,2620,30,0,5,5,-7,1,1,-1,0,0
-1,1,1,17,64,2690,2620,70,0,-7,93,3,-1,0,-2,-4,0
-3,0,1,15,80,2650,2690,-40,-1,-787,-487,-13,-2,0,0,-2,0
1,1,1,21,80,2690,2650,40,1,268,168,21,0,0,0,0,-1
0,0,1,20,80,2650,2690,-40,0,-12,-12,-4,1,0,0,1,-1
-1,0,0,17,80,2690,2650,40,1,368,468,7,0,0,1,3,-2
1,0,0,11,80,2650,2690,-40,0,40,-60,6,2,0,0,0,1
1,1,1,21,80,2690,2650,40,-1,-308,-408,-10,2,0,0,1,1
-1,0,0,19,61,2650,2690,-40,0,-13,87,7,-1,0,0,1,-1
0,1,1,22,80,2690,2650,40,0,63,63,10,-1,0,0,0,0
1,0,0,13,80,2650,2690,-40,-1,-839,-939,-12,1,0,0,-2,0
0,0,0,18,63,2690,2650,40,0,0,0,18,0,0,1,2,0
1,1,2,15,70,2650,2690,-40,0,-10,-110,-3,0,-1,1,2,0
1,1,1,15,80,2690,2650,40,0,12,-88,-2,-1,0,0,0,1
-4,0,1,12,80,2650,2690,-40,1,371,771,-26,0,0,1,0,0
0,1,0,12,80,2690,2650,40,1,576,576,4,-1,0,0,0,-1
1,1,1,17,80,2650,2690,-40,0,9,-91,-32,0,0,0,-1,1
0,1,0,16,80,2690,2650,40,0,38,38,0,0,0,0,0,0
0,0,0,18,46,2650,2690,-40,0,9,9,-3,-1,0,0,0,0
1,0,0,13,80,2690,2650,40,1,452,352,2,2,0,0,1,-2
-1,1,0,15,65,2690,2615,75,1,1172,1272,31,1,0,-1,2,2
1,1,2,17,80,2605,2610,-5,1,281,181,9,1,-1,0,0,1
0,0,0,14,51,2635,2620,15,0,-21,-21,-4,-1,0,0,0,0
-5,2,1,21,80,2640,2650,-10,-1,161,661,-17,2,1,0,3,2
1,0,1,15,80,2650,2625,25,0,-3,-103,-11,2,0,0,0,0
0,1,0,18,80,2620,2635,-15,1,146,146,7,0,0,0,1,0
-1,1,2,15,69,2620,2640,-20,1,1132,1232,31,1,-1,1,2,-3
0,0,0,18,80,2640,2620,20,0,42,42,-10,-1,0,-1,-1,0
1,0,0,13,80,2610,2650,-40,1,404,304,-4,-1,0,1,1,1
1,2,1,19,77,2625,2620,5,0,-89,-189,7,-1,1,1,-2,-2
0,1,0,18,80,2620,2610,10,0,-44,-44,2,1,0,-1,0,0
1,1,0,23,45,2635,2640,-5,0,0,-100,16,0,0,-1,-1,1
3,1,1,17,79,2620,2625,-5,1,494,194,-8,1,0,-1,-2,2
4,2,1,18,80,2650,2605,45,1,383,-17,-23,1,1,0,2,0
-2,1,2,16,80,2625,2635,-10,-1,-23,177,9,1,-1,0,-1,-1
0,1,1,18,80,2605,2620,-15,0,3,3,-1,-1,0,0,0,-2
-5,0,1,19,80,2610,2650,-40,-1,-10000,-9500,-40,-2,0,0,-1,-1
1,1,1,23,28,2610,2620,-10,0,68,-32,-3,0,0,-1,-3,2
0,0,0,22,38,2635,2610,25,0,203,203,6,0,0,0,0,0
-3,1,1,23,45,2620,2610,10,1,832,1132,12,1,0,-1,0,2
0,0,1,20,60,2620,2605,15,0,35,35,-16,0,0,0,-1,0
-3,0,1,17,80,2640,2625,15,-1,-585,-285,-12,0,0,0,0,-1
0,2,2,28,41,2605,2635,-30,0,-3,-3,9,0,0,0,0,0
0,0,1,14,80,2610,2640,-30,0,0,0,-5,0,0,1,2,0
-11,0,1,13,80,2610,2620,-10,-1,-463,637,-26,0,0,0,1,0
1,1,1,13,80,2635,2610,25,0,1,-99,0,3,0,0,1,1
-2,1,1,16,74,2640,2605,35,-1,-654,-454,-2,2,0,0,-2,1
-2,1,1,20,59,2625,2610,15,1,858,1058,14,1,0,0,1,-2
0,1,1,24,55,2605,2625,-20,0,29,29,-9,2,0,0,0,0
0,0,0,16,80,2610,2640,-30,-1,-19,-19,6,3,0,0,-1,1
0,1,1,18,80,2650,2620,30,1,227,227,1,0,0,0,0,0
0,2,2,28,37,2610,2605,5,0,48,48,-14,-1,0,0,0,0
-1,1,1,17,80,2620,2650,-30,0,37,137,-5,0,0,1,2,1
1,0,0,9,80,2625,2610,15,0,83,-17,9,0,0,0,1,0
0,0,0,14,80,2610,2610,0,1,632,632,3,0,0,1,3,0
0,2,2,22,40,2650,2635,15,0,6,6,-3,0,0,0,0,0
2,1,0,14,67,2620,2620,0,1,619,419,1,2,0,1,3,-2
0,0,0,14,80,2620,2610,10,1,193,193,-5,-2,0,0,-1,0
0,1,1,24,32,2610,2605,5,0,12,12,0,0,0,0,0,0
0,2,2,28,36,2605,2610,-5,0,24,24,7,0,0,0,0,0
0,1,0,22,42,2625,2600,25,0,6,6,4,2,0,0,0,0
2,0,0,14,80,2605,2655,-50,1,462,262,6,0,0,0,1,0
1,0,0,17,80,2600,2620,-20,1,293,193,2,0,0,0,1,0
0,1,1,20,40,2655,2625,30,0,14,14,-8,0,0,0,0,0
0,1,1,10,80,2605,2600,5,0,-5,-5,-1,0,0,0,-2,1
0,1,2,20,80,2600,2620,-20,0,-6,-6,0,1,-1,0,0,0
0,2,2,26,36,2620,2605,15,0,32,32,1,0,0,0,0,0
0,1,0,16,80,2625,2620,5,0,133,133,6,1,0,0,1,0
0,0,0,20,54,2605,2605,0,0,12,12,3,-1,0,0,0,0
-1,1,0,17,80,2605,2655,-50,-1,-329,-229,3,-1,0,-1,-4,1
0,1,1,28,29,2605,2625,-20,0,61,61,9,1,0,0,0,0
0,0,0,12,80,2620,2605,15,0,0,0,-29,1,0,0,0,-1
1,0,1,13,80,2600,2655,-55,1,461,361,5,1,0,0,1,1
1,0,0,11,70,2600,2640,-40,0,13,-87,1,-2,0,0,-1,0
3,1,2,19,75,2605,2605,0,1,881,581,10,-1,-1,0,-1,3
0,1,1,26,57,2620,2600,20,0,41,41,3,-1,0,0,0,0
0,1,1,24,47,2640,2605,35,1,584,584,19,0,0,0,0,0
0,0,0,12,64,2625,2640,-15,0,20,20,-10,0,0,1,-1,0
0,1,1,24,49,2600,2605,-5,0,48,48,13,1,0,0,0,0
1,0,0,17,70,2655,2620,35,0,0,-100,-32,0,0,0,-1,0
0,1,1,14,80,2605,2655,-50,1,30,30,-7,1,0,0,0,2
-1,1,1,15,77,2640,2605,35,1,615,715,3,1,0,-1,1,0
0,1,1,28,26,2600,2605,-5,0,20,20,14,-2,0,0,0,0
0,0,0,12,71,2620,2605,15,0,14,14,3,0,0,0,0,0
0,2,1,12,80,2625,2600,25,0,26,26,10,0,1,0,0,0
0,2,1,18,80,2600,2605,-5,-1,-617,-617,-8,-1,1,0,-4,0
1,2,2,27,25,2605,2625,-20,0,6,-94,11,0,0,0,0,1
0,2,2,30,25,2640,2600,40,0,-1,-1,19,0,0,0,0,0
4,1,2,20,55,2655,2640,15,0,27,-373,15,-2,-1,0,2,0
-1,2,1,17,80,2605,2605,0,0,0,100,2,0,1,-1,1,1
0,2,1,30,23,2600,2600,0,0,-25,-25,10,2,1,0,0,0
0,1,1,26,33,2640,2620,20,0,24,24,7,0,0,0,-1,1
2,1,0,14,75,2625,2605,20,1,582,382,1,0,0,0,-2,2
1,1,2,27,25,2605,2640,-35,0,-29,-129,7,-1,-1,-1,-1,2
0,1,1,28,31,2600,2605,-5,0,8,8,0,0,0,0,0,0
0,1,1,16,80,2655,2600,55,-1,-140,-140,-6,-1,0,0,0,-1
1,1,0,15,80,2635,2600,35,0,485,385,-16,-2,0,0,-1,2
0,0,0,14,72,2600,2635,-35,0,10,10,7,0,0,0,-1,1
0,0,0,10,80,2635,2600,35,1,357,357,2,0,0,0,-3,-1
0,2,1,24,53,2600,2635,-35,1,403,403,-5,0,1,0,0,0
1,0,0,17,80,2635,2600,35,0,0,-100,-14,-2,0,0,-1,0
0,0,0,12,80,2600,2635,-35,0,0,0,10,1,0,0,0,-1
-2,1,1,22,48,2640,2605,35,0,-154,46,7,1,0,0,0,0
-1,0,1,13,80,2640,2615,25,0,49,149,-9,2,0,0,1,0
-1,0,0,11,77,2615,2605,10,1,10000,10100,30,2,0,0,1,1
2,0,1,18,56,2605,2640,-35,0,266,66,6,0,0,-1,0,-1
1,1,1,15,80,2615,2605,10,0,-10,-110,-14,0,0,0,1,2
0,1,1,26,32,2605,2605,0,0,17,17,-8,-2,0,0,0,0
0,1,1,14,80,2655,2605,50,1,476,476,5,0,0,1,3,0
-2,0,1,16,73,2720,2620,100,1,1254,1454,10,0,0,0,0,2
0,1,0,24,40,2605,2605,0,0,32,32,2,0,0,0,0,0
1,1,0,21,80,2720,2605,115,1,505,405,11,-1,0,0,1,0
-1,0,1,19,52,2605,2620,-15,0,6,106,-2,-1,0,0,0,-1
0,1,0,18,70,2630,2605,25,0,20,20,-22,0,0,0,0,0
0,0,0,18,80,2620,2605,15,0,0,0,-4,0,0,0,0,0
-1,1,1,19,64,2720,2630,90,-1,-764,-664,-13,3,0,0,0,-1
0,0,1,20,52,2605,2655,-50,0,19,19,-15,0,0,0,0,0
-2,1,1,22,54,2655,2720,-65,0,36,236,-3,-1,0,0,0,1
-2,0,0,14,80,2630,2605,25,-1,-137,63,-5,0,0,0,0,-2
0,2,2,26,57,2605,2655,-50,0,-136,-136,-9,0,0,0,1,-1
-2,1,0,20,56,2605,2605,0,-1,-820,-620,-7,-2,0,0,-2,1
0,0,0,16,80,2630,2620,10,0,116,116,-3,0,0,0,1,-1
-1,0,0,17,80,2720,2605,115,1,518,618,11,-2,0,0,-2,-1
0,2,2,28,37,2630,2655,-25,0,-11,-11,-2,0,0,0,0,0
0,1,0,12,80,2655,2620,35,1,1201,1201,0,2,0,0,0,2
1,0,0,9,80,2605,2605,0,0,7,-93,-6,-1,0,0,-1,-1
0,2,2,28,23,2620,2605,15,0,13,13,-3,0,0,0,0,0
0,1,1,14,80,2605,2630,-25,-1,-40,-40,-8,1,0,0,0,1
-5,1,1,25,42,2605,2720,-115,0,18,518,6,-2,0,0,0,0
0,0,1,16,70,2600,2625,-25,0,42,42,-6,1,0,1,3,0
0,0,1,12,80,2625,2630,-5,-1,-532,-532,-4,1,0,0,0,0
0,1,1,22,48,2600,2630,-30,0,9,9,-6,-1,0,0,0,0
0,0,1,18,79,2655,2620,35,1,10000,10000,11,1,0,0,0,0
-2,1,2,24,26,2620,2605,15,-1,-291,-91,5,1,-1,1,0,1
1,0,1,7,80,2655,2605,50,1,652,552,-2,0,0,0,-1,1
0,1,0,18,80,2720,2605,115,0,25,25,-3,-1,0,0,1,0
-3,1,0,15,74,2625,2620,5,-1,-740,-440,4,-2,0,0,-1,-1
1,0,1,19,80,2600,2720,-120,1,555,455,-2,2,0,-1,-3,0
0,1,1,26,32,2605,2625,-20,0,12,12,-5,0,0,0,0,0
0,1,1,22,45,2625,2600,25,0,0,0,1,1,0,0,0,0
0,0,0,16,73,2630,2620,10,0,5,5,7,-2,0,0,0,0
0,1,1,20,48,2720,2625,95,0,-55,-55,1,2,0,0,-1,0
0,0,0,14,80,2605,2630,-25,0,8,8,-12,0,0,1,2,0
1,0,1,17,80,2630,2600,30,1,596,496,-1,1,0,-1,2,0
0,2,2,26,47,2620,2605,15,0,26,26,6,0,0,0,-1,1
1,0,0,15,75,2720,2630,90,1,531,431,0,2,0,0,2,2
0,1,1,16,80,2600,2620,-20,0,321,321,13,-1,0,0,0,0
0,2,2,26,35,2605,2600,5,0,27,27,5,0,0,0,-1,0
-2,0,0,16,80,2630,2625,5,-1,-136,64,-19,1,0,-1,2,-1
0,2,2,32,27,2620,2720,-100,0,58,58,7,0,0,0,0,0
0,0,0,16,80,2605,2720,-115,0,33,33,-1,-1,0,1,1,-1
0,0,0,16,51,2625,2605,20,0,-2,-2,-4,1,0,0,0,0
1,0,0,19,56,2720,2600,120,1,1338,1238,9,-2,0,0,-1,-1
1,1,2,23,59,2600,2625,-25,1,761,661,6,-1,-1,0,-4,-1
0,1,0,20,77,2630,2605,25,0,32,32,10,0,0,1,1,-1
-1,2,1,23,47,2625,2720,-95,0,31,131,4,0,1,1,2,-1
-1,1,1,17,80,2600,2630,-30,0,-3,97,-14,1,0,0,0,0
3,2,1,27,29,2630,2720,-90,0,0,-300,22,0,1,0,-1,0
5,1,1,19,53,2600,2605,-5,0,-23,-523,19,2,0,0,0,0
0,2,1,20,40,2625,2630,-5,0,25,25,1,-2,1,-1,-1,1
-3,0,0,9,80,2625,2720,-95,1,-526,-226,-13,1,0,0,-1,1
1,1,1,15,80,2655,2625,30,0,107,7,0,0,0,0,1,-2
-4,1,0,18,80,2720,2625,95,1,383,783,11,-1,0,0,-2,0
1,0,1,13,80,2625,2655,-30,1,484,384,-2,2,0,0,0,1
1,0,0,17,57,2720,2625,95,1,849,749,32,1,0,0,1,0
0,1,1,12,80,2625,2720,-95,0,40,40,2,2,0,0,2,1
0,0,0,16,80,2600,2620,-20,1,127,127,6,-1,0,2,5,-1
0,2,1,12,80,2620,2600,20,0,40,40,4,0,1,0,-2,0
2,1,0,14,69,2600,2620,-20,1,678,478,5,0,0,0,-2,0
0,1,0,18,80,2620,2600,20,-1,268,268,4,2,0,0,1,0
0,1,1,14,80,2600,2620,-20,0,-29,-29,3,0,0,0,3,1
0,0,1,12,80,2620,2600,20,0,285,285,12,1,0,0,0,2
0,1,1,22,56,2600,2620,-20,0,22,22,-10,1,0,1,2,-1
1,1,1,17,75,2620,2600,20,1,1711,1611,40,-1,0,-1,-3,1
2,0,1,18,80,2600,2620,-20,1,295,95,9,-1,0,0,-1,0
1,1,1,17,80,2605,2605,0,1,624,524,12,1,0,0,0,-2
0,1,2,18,64,2605,2605,0,0,-34,-34,-11,-1,-1,0,0,0
0,1,2,20,72,2605,2605,0,-1,-659,-659,-10,1,-1,0,1,0
-1,1,0,19,61,2605,2605,0,0,0,100,14,0,0,0,3,0
-1,0,1,15,80,2605,2605,0,0,43,143,-10,-1,0,0,0,-1
0,1,1,28,37,2605,2605,0,0,9,9,-2,1,0,0,0,0
0,0,0,12,80,2690,2600,90,-1,-333,-333,2,0,0,0,1,0
0,1,1,22,61,2600,2690,-90,0,-9,-9,-4,-2,0,0,1,-1
2,2,0,24,35,2690,2600,90,0,-1,-201,20,0,1,0,1,1
-3,0,0,17,80,2600,2690,-90,0,1,301,-9,1,0,0,-1,1
0,2,1,24,42,2690,2600,90,0,24,24,10,0,1,0,0,0
-2,0,1,16,80,2600,2690,-90,-1,0,200,-21,1,0,0,0,2
2,1,1,14,80,2690,2600,90,1,543,343,-4,1,0,0,0,1
-3,0,0,15,78,2600,2690,-90,0,-14,286,-7,1,0,0,1,0
1,1,0,17,59,2690,2600,90,1,566,466,6,0,0,0,2,0
2,0,1,12,80,2600,2690,-90,0,0,-200,-34,-1,0,0,-1,-1
0,1,0,16,63,2690,2600,90,1,770,770,7,0,0,0,0,1
1,0,1,15,80,2620,2635,-15,1,511,411,9,0,0,0,0,1
0,1,1,14,54,2635,2620,15,0,0,0,5,0,0,0,-2,1
0,0,0,22,39,2620,2635,-15,0,20,20,-5,1,0,0,0,0
1,1,0,15,80,2635,2620,15,0,52,-48,2,-2,0,0,-1,0
0,0,0,20,43,2620,2635,-15,0,15,15,12,-1,0,0,0,0
1,0,0,13,80,2635,2620,15,1,445,345,5,-2,0,0,-2,2
0,1,1,22,41,2635,2710,-75,0,31,31,3,-1,0,0,0,0
0,1,1,24,30,2605,2605,0,0,53,53,22,-1,0,0,1,0
0,1,2,26,67,2645,2620,25,0,28,28,11,-2,-1,-1,0,0
-1,0,0,21,44,2605,2600,5,0,-22,78,-2,1,0,0,0,-1
1,0,0,19,60,2620,2635,-15,0,59,-41,2,-1,0,-1,-3,-1
0,1,1,24,40,2625,2645,-20,0,23,23,6,0,0,0,1,-1
-1,1,0,13,80,2710,2625,85,1,31,131,1,0,0,0,1,-1
0,1,1,14,80,2625,2620,5,0,31,31,-9,0,0,0,0,-1
-3,1,2,23,46,2635,2625,10,0,8,308,-16,0,-1,0,0,0
0,2,1,28,30,2600,2605,-5,0,115,115,12,0,1,0,0,0
-3,0,0,17,72,2625,2625,0,0,1,301,-20,0,0,0,1,-1
0,0,0,12,80,2605,2645,-40,-1,-295,-295,-5,2,0,0,1,1
1,1,1,11,72,2605,2710,-105,0,31,-69,0,3,0,0,-1,0
-9,1,1,19,58,2710,2620,90,0,24,924,-13,0,0,0,0,0
3,0,0,13,80,2645,2600,45,1,469,169,11,-1,0,0,1,1
0,1,2,16,80,2635,2605,30,0,12,12,3,-1,-1,0,-1,2
0,0,0,26,61,2605,2620,-15,0,2,2,-5,-1,0,0,-1,1
1,1,1,11,80,2625,2710,-85,0,13,-87,8,2,0,0,0,1
-5,1,1,23,44,2605,2625,-20,-1,-676,-176,3,1,0,1,0,-2
-1,1,1,11,80,2600,2635,-35,0,-14,86,5,1,0,0,-1,0
-5,1,1,9,80,2645,2605,40,0,-13,487,-13,1,0,0,0,1
0,0,0,16,80,2620,2625,-5,1,698,698,9,-2,0,0,0,0
0,2,1,22,67,2625,2600,25,0,37,37,-10,1,1,0,-1,0
-1,1,2,23,38,2605,2710,-105,0,21,121,-8,0,-1,0,1,-1
0,2,2,22,37,2605,2625,-20,0,17,17,12,0,0,0,0,0
0,1,1,28,31,2645,2635,10,0,65,65,3,0,0,0,0,0
-1,0,0,15,77,2625,2645,-20,-1,-588,-488,-11,0,0,0,0,-1
1,0,0,9,80,2710,2600,110,1,699,599,-1,1,0,0,0,1
0,1,1,18,80,2620,2605,15,0,21,21,-3,0,0,0,2,-1
0,0,0,20,35,2635,2605,30,0,0,0,1,0,0,0,0,0
0,1,2,28,33,2600,2620,-20,0,7,7,-4,0,-1,0,0,0
-2,1,1,18,58,2635,2625,10,0,0,200,7,1,0,0,2,0
0,1,1,24,61,2605,2625,-20,0,13,13,-20,1,0,0,0,-1
0,2,2,28,26,2710,2645,65,0,27,27,0,1,0,0,0,0
2,1,0,14,71,2625,2600,25,1,1282,1082,19,-2,0,0,2,0
0,2,1,28,57,2625,2605,20,0,109,109,11,-2,1,0,0,0
0,0,0,14,78,2635,2600,35,0,0,0,-10,-1,0,0,0,0
0,2,1,18,80,2600,2635,-35,-1,634,634,15,-2,1,0,0,0
2,1,1,16,79,2600,2600,0,1,668,468,4,-1,0,0,3,1
-3,0,2,15,76,2605,2605,0,0,-432,-132,-24,0,-1,-1,-1,1
-5,1,1,19,50,2645,2620,25,0,-12,488,-6,-1,0,0,-1,-1
0,0,0,12,80,2605,2690,-85,-1,-389,-389,-1,1,0,0,-1,1
0,1,1,20,49,2640,2600,40,0,-24,-24,31,2,0,-1,-2,0
0,2,2,26,35,2645,2640,5,0,8,8,4,0,0,0,0,0
0,1,1,14,80,2600,2605,-5,0,106,106,-3,-1,0,0,-2,0
2,0,0,18,79,2605,2645,-40,1,1612,1412,32,2,0,0,-1,1
0,2,2,24,36,2620,2605,15,0,27,27,-11,0,0,0,0,0
0,0,1,16,69,2690,2600,90,1,10000,10000,38,2,0,0,0,0
1,2,2,25,50,2645,2690,-45,-1,-789,-889,-34,1,0,0,0,1
1,0,0,13,80,2605,2600,5,1,58,-42,2,-2,0,0,-1,0
0,1,1,20,43,2640,2605,35,0,15,15,5,1,0,0,0,0
1,2,2,27,23,2605,2605,0,0,-27,-127,15,-1,0,0,0,1
2,1,1,18,59,2645,2605,40,1,648,448,7,3,0,0,2,-1
0,1,1,14,74,2640,2620,20,0,17,17,-2,-1,0,0,0,-1
-2,1,1,16,66,2690,2605,85,-1,-183,17,5,0,0,0,2,-1
9,1,1,19,57,2620,2605,15,0,24,-876,13,0,0,0,0,0
0,1,1,16,65,2690,2620,70,0,0,0,9,-3,0,0,2,-1
0,1,1,16,42,2600,2645,-45,0,22,22,19,1,0,0,1,0
3,0,1,17,79,2605,2605,0,1,712,412,14,2,0,-1,3,1
-3,1,2,17,56,2640,2605,35,0,0,300,-13,-2,-1,0,0,-1
1,0,0,13,66,2690,2640,50,0,0,-100,10,0,0,0,0,0
1,0,0,11,80,2605,2620,-15,1,451,351,5,2,0,0,3,0
0,1,2,18,80,2605,2690,-85,-1,-242,-242,7,-1,-1,0,0,-2
0,1,1,22,34,2605,2600,5,0,31,31,2,-2,0,0,0,0
0,2,2,24,37,2645,2605,40,0,11,11,-5,0,0,0,0,0
1,0,0,9,80,2605,2640,-35,0,0,-100,2,0,0,0,-1,0
1,0,0,17,73,2620,2600,20,0,-52,-152,3,1,0,-1,-1,1
0,1,1,16,80,2605,2605,0,0,-4,-4,-2,1,0,0,-1,-1
1,0,0,13,80,2605,2640,-35,0,57,-43,11,1,0,0,0,1
0,0,0,12,80,2605,2600,5,0,13,13,-1,-1,0,0,0,0
1,0,0,13,80,2600,2640,-40,1,247,147,-10,-1,0,1,4,0
2,0,1,14,80,2605,2605,0,1,261,61,-3,-1,0,-1,-1,1
-1,2,0,17,72,2605,2640,-35,-1,-875,-775,7,0,1,-1,-1,-1
0,0,0,16,55,2645,2605,40,0,0,0,-6,1,0,0,-1,-1
0,0,0,20,40,2640,2645,-5,0,59,59,-9,-2,0,0,0,0
2,0,0,14,71,2605,2600,5,1,981,781,38,0,0,0,-1,1
-2,0,1,14,67,2600,2645,-45,1,10000,10200,41,1,0,0,-1,0
0,2,2,24,47,2605,2645,-40,0,15,15,-1,2,0,0,1,-1
-3,2,1,15,80,2615,2625,-10,0,-218,82,-8,0,1,1,1,1
-5,1,2,23,80,2625,2610,15,0,6,506,-9,0,-1,0,0,0
0,2,2,30,17,2610,2615,-5,0,20,20,-5,0,0,0,0,0
-5,0,0,17,65,2610,2625,-15,0,0,500,-2,-2,0,0,-2,-2
-2,1,0,20,64,2625,2610,15,-1,-965,-765,-10,-1,0,0,-1,1
0,0,1,16,60,2610,2625,-15,0,6,6,-5,0,0,0,0,0
1,1,0,13,80,2625,2610,15,1,407,307,5,1,0,1,0,-2
1,0,1,17,80,2610,2625,-15,1,83,-17,6,0,0,-1,-4,0
2,1,0,20,60,2625,2610,15,0,0,-200,-38,-2,0,1,0,-1
0,1,1,18,72,2700,2710,-10,0,26,26,-4,0,0,0,1,0
-1,2,0,17,80,2710,2700,10,0,-65,35,5,-1,1,0,1,-1
1,2,2,17,61,2700,2710,-10,1,603,503,6,0,0,0,-1,0
0,1,1,18,80,2710,2700,10,0,32,32,2,-1,0,0,0,0
0,2,2,28,42,2700,2710,-10,0,0,0,4,-1,0,0,0,0
0,0,0,10,80,2710,2700,10,-1,-49,-49,-2,3,0,0,1,1
0,1,0,16,80,2700,2710,-10,1,319,319,11,1,0,0,0,1
0,2,2,28,39,2710,2700,10,0,11,11,-4,0,0,0,0,0
0,1,1,18,80,2700,2710,-10,1,47,47,3,2,0,0,0,0
0,2,2,28,29,2710,2700,10,0,-20,-20,17,0,0,0,-1,0
1,0,0,15,80,2700,2710,-10,0,32,-68,-9,1,0,1,1,0
0,0,1,20,41,2710,2700,10,0,21,21,-8,0,0,0,1,0
0,0,1,14,66,2700,2710,-10,0,14,14,-1,0,0,0,0,1
0,2,2,26,31,2710,2700,10,0,70,70,0,0,0,0,1,-1
1,1,1,13,80,2700,2710,-10,0,30,-70,3,1,0,0,0,1
-1,0,0,15,70,2710,2700,10,0,-4,96,-23,0,0,0,0,1
-1,1,1,19,44,2700,2710,-10,0,14,114,11,0,0,0,1,0
0,0,0,22,43,2710,2700,10,0,0,0,44,0,0,0,0,0
0,0,0,10,80,2700,2710,-10,0,0,0,-6,0,0,0,0,-1
-1,1,1,25,29,2710,2700,10,0,0,100,2,-2,0,0,0,-1
0,0,0,12,61,2700,2710,-10,0,0,0,-6,0,0,0,0,-1
0,0,1,26,39,2710,2700,10,0,46,46,4,-1,0,1,1,-1
0,1,1,20,44,2700,2710,-10,0,-1,-1,7,0,0,0,0,0
0,1,1,22,33,2710,2700,10,0,31,31,-7,0,0,0,0,0
0,2,2,26,42,2700,2710,-10,0,140,140,11,1,0,-1,-1,-1
1,1,1,17,46,2710,2700,10,0,8,-92,1,0,0,0,-1,0
1,1,1,13,80,2700,2710,-10,1,81,-19,-4,0,0,0,1,0
-1,2,0,21,49,2710,2700,10,0,4,104,11,1,1,0,1,-1
0,2,2,28,26,2700,2710,-10,0,18,18,-1,0,0,0,1,0
0,0,0,16,40,2710,2700,10,0,15,15,-3,0,0,-1,0,-1
1,0,1,19,70,2700,2710,-10,0,25,-75,0,0,0,-1,1,0
1,0,0,9,80,2710,2700,10,1,209,109,17,1,0,0,0,2
0,1,1,20,39,2700,2710,-10,0,-12,-12,6,0,0,0,0,0
0,1,1,26,40,2710,2700,10,0,0,0,5,0,0,0,-1,0
0,1,1,22,34,2700,2710,-10,0,5,5,12,0,0,0,0,1
1,1,1,15,80,2710,2700,10,0,23,-77,-2,0,0,1,0,-1
-3,1,1,25,30,2700,2710,-10,0,-5,295,-3,-1,0,0,0,0
0,0,1,22,50,2710,2700,10,0,15,15,16,0,0,0,1,0
0,0,1,16,80,2700,2710,-10,0,19,19,-3,-1,0,0,1,0
0,0,0,12,80,2710,2700,10,0,73,73,6,0,0,1,-3,1
1,0,1,9,80,2700,2710,-10,0,29,-71,1,0,0,0,1,0
0,0,1,16,52,2710,2700,10,0,38,38,-7,0,0,0,1,0
0,1,1,22,42,2700,2710,-10,0,-22,-22,10,0,0,0,1,0
9,0,0,13,75,2710,2700,10,0,9,-891,24,-1,0,-1,-4,0
0,0,0,14,72,2700,2710,-10,0,11,11,1,-1,0,0,0,0
-1,1,0,21,80,2710,2700,10,0,22,122,16,0,0,1,-1,0
1,1,1,21,64,2700,2710,-10,-1,-720,-820,-10,-1,0,0,0,1
1,0,0,13,80,2710,2700,10,1,161,61,-1,2,0,0,1,0
0,1,2,26,33,2630,2615,15,0,1,1,6,-1,-1,-1,1,-1
0,2,2,28,35,2620,2615,5,0,80,80,10,-1,0,0,0,0
0,2,2,26,23,2615,2625,-10,0,25,25,-9,2,0,0,0,0
3,1,1,27,19,2615,2615,0,0,15,-285,7,-1,0,0,0,0
0,1,1,26,27,2600,2610,-10,0,0,0,6,0,0,0,0,0
1,0,0,11,80,2600,2630,-30,1,118,18,1,-1,0,0,3,-1
3,2,1,27,33,2635,2610,25,0,28,-272,5,0,1,0,0,0
0,0,0,24,38,2615,2635,-20,0,10,10,-4,0,0,0,0,0
0,0,1,24,41,2635,2630,5,0,-17,-17,2,0,0,0,-1,1
0,1,1,10,80,2615,2620,-5,0,17,17,4,-1,0,0,0,-1
1,2,1,17,80,2620,2600,20,1,480,380,6,3,1,0,1,0
0,1,1,24,50,2630,2615,15,0,36,36,20,0,0,0,-2,-1
0,2,2,30,36,2610,2635,-25,0,39,39,5,0,0,0,0,0
1,2,2,25,35,2625,2620,5,0,0,-100,-2,-2,0,0,0,1
0,1,1,24,39,2600,2630,-30,0,35,35,10,0,0,0,0,0
0,2,1,20,51,2615,2610,5,0,10,10,-15,0,1,0,0,0
0,0,1,12,80,2630,2625,5,0,21,21,-8,1,0,0,0,1
9,2,1,21,45,2620,2610,10,0,27,-873,33,1,1,0,0,0
0,2,2,26,37,2635,2615,20,0,0,0,3,-2,0,0,2,-1
0,1,1,14,71,2610,2600,10,1,573,573,3,0,0,-1,-2,1
1,2,2,19,61,2600,2635,-35,0,-14,-114,11,-1,0,0,2,2
0,2,2,30,20,2625,2610,15,0,-20,-20,14,0,0,0,0,0
-1,1,1,19,67,2610,2630,-20,1,770,870,36,1,0,0,0,-1
-2,0,1,14,80,2610,2610,0,1,413,613,-10,-1,0,0,1,0
-1,1,1,15,80,2615,2600,15,1,24,124,11,2,0,1,3,-1
1,1,1,15,80,2635,2625,10,1,392,292,-9,-1,0,0,-1,1
0,0,0,16,80,2625,2615,10,-1,-369,-369,4,1,0,0,-1,-1
0,2,2,28,34,2610,2635,-25,0,81,81,-1,-1,0,0,0,-1
2,1,0,16,61,2615,2610,5,1,797,597,17,-1,0,0,-2,0
2,1,0,20,55,2600,2625,-25,1,643,443,10,-1,0,0,0,1
1,1,1,15,80,2610,2600,10,0,156,56,-9,0,0,1,2,0
2,0,0,12,80,2620,2630,-10,1,486,286,8,1,0,0,1,0
0,1,1,28,20,2610,2620,-10,0,21,21,-4,-1,0,0,0,0
0,0,1,20,45,2625,2610,15,0,0,0,4,0,0,0,0,0
0,0,0,16,62,2630,2610,20,0,2,2,-4,-1,0,-1,0,0
0,2,2,30,21,2620,2635,-15,0,17,17,-7,0,0,0,0,0
0,1,1,14,80,2605,2635,-30,-1,0,0,-8,1,0,0,-1,0
0,2,1,22,66,2710,2600,110,0,26,26,14,2,1,0,0,0
0,1,0,12,80,2600,2710,-110,0,7,7,4,0,0,0,2,0
2,1,1,14,80,2710,2600,110,1,531,331,8,2,0,0,1,0
-1,1,1,13,80,2600,2710,-110,-1,-484,-384,-6,-1,0,0,-3,0
2,0,0,14,72,2710,2600,110,0,0,-200,7,2,0,0,3,-1
0,1,1,16,80,2600,2710,-110,0,9,9,-4,0,0,1,1,-1
0,1,1,24,27,2710,2600,110,0,24,24,12,-1,0,0,-1,1
0,2,1,26,55,2600,2710,-110,0,-50,-50,-6,-1,1,0,-1,1
0,2,1,16,80,2710,2600,110,1,353,353,-5,0,1,-1,-1,0
1,0,1,15,75,2600,2710,-110,0,-35,-135,-6,1,0,0,1,-1
-3,1,0,15,51,2710,2600,110,0,0,300,29,1,0,0,-2,0
-1,0,0,15,80,2600,2710,-110,-1,-531,-431,-15,-1,0,-1,-2,2
0,1,2,22,30,2710,2600,110,0,41,41,-3,-1,-1,0,1,0
0,2,1,24,48,2630,2620,10,0,324,324,8,0,1,-1,0,0
0,1,0,12,80,2635,2620,15,0,52,52,10,0,0,0,2,-2
0,0,1,16,80,2630,2615,15,0,31,31,-3,1,0,0,0,1
3,1,0,21,55,2635,2615,20,1,799,499,7,0,0,-1,-3,1
0,2,1,24,80,2615,2620,-5,1,859,859,2,-2,1,0,-1,0
0,0,0,16,80,2635,2630,5,0,56,56,17,0,0,1,2,0
1,0,0,11,73,2610,2635,-25,0,1,-99,10,2,0,0,1,0
-3,0,2,23,44,2600,2610,-10,0,-14,286,6,-1,-1,0,1,0
0,0,1,22,50,2630,2700,-70,0,47,47,5,0,0,0,0,0
0,0,0,14,80,2615,2630,-15,-1,-613,-613,3,0,0,-1,-1,-1
0,2,1,20,39,2600,2630,-30,0,42,42,12,0,1,-1,-3,1
-1,0,0,11,80,2635,2615,20,0,5,105,-4,-1,0,0,0,-1
2,0,1,14,80,2610,2630,-20,1,810,610,1,0,0,0,0,1
6,1,2,20,52,2610,2700,-90,-1,-920,-1520,-51,2,-1,0,1,-3
0,0,1,14,80,2630,2635,-5,0,22,22,4,-1,0,0,0,-1
0,0,0,20,38,2630,2610,20,0,8,8,14,0,0,0,0,0
0,1,1,18,49,2700,2615,85,0,0,0,-11,-1,0,0,2,-1
0,1,1,26,43,2610,2635,-25,0,78,78,-12,0,0,1,2,1
0,0,0,12,80,2600,2610,-10,0,42,42,-1,-2,0,0,0,0
-1,2,1,15,80,2610,2630,-20,1,518,618,13,-1,1,0,3,-2
3,0,0,11,80,2615,2600,15,1,416,116,0,1,0,-1,0,1
0,1,0,18,80,2630,2615,15,-1,-46,-46,-11,2,0,0,1,1
5,2,1,21,63,2700,2615,85,1,849,349,-1,2,1,0,1,-2
-1,0,0,17,53,2615,2600,15,1,1012,1112,13,-1,0,0,-1,-1
-1,1,1,17,73,2610,2610,0,0,0,100,3,0,0,1,1,-1
0,1,1,26,30,2630,2700,-70,0,40,40,9,0,0,0,0,0
1,0,1,15,75,2700,2635,65,1,10000,9900,42,0,0,0,0,1
0,1,1,22,63,2630,2615,15,0,43,43,2,1,0,1,2,0
-5,0,1,13,80,2600,2630,-30,-1,-688,-188,-10,0,0,0,0,1
1,0,0,11,80,2610,2615,-5,0,33,-67,-2,0,0,0,0,1
2,0,0,12,80,2635,2600,35,1,321,121,3,2,0,0,-1,2
0,0,0,18,47,2615,2610,5,0,17,17,-5,0,0,0,0,1
1,1,1,17,80,2630,2630,0,0,12,-88,-1,2,0,0,-1,0
-1,0,0,15,80,2610,2615,-5,0,-160,-60,-4,1,0,0,0,-2
0,0,0,12,80,2630,2635,-5,0,-40,-40,4,1,0,-1,-3,1
1,1,0,19,80,2630,2610,20,-1,-290,-390,0,0,0,-2,0,0
-4,0,1,14,80,2615,2615,0,0,0,400,8,-1,0,1,3,0
0,1,1,26,40,2610,2635,-25,0,217,217,16,2,0,0,1,-1
0,1,1,20,41,2610,2700,-90,0,2,2,0,0,0,0,0,0
0,1,1,22,29,2615,2630,-15,0,3,3,6,0,0,0,0,0
1,1,0,15,59,2635,2615,20,0,9,-91,0,1,0,0,3,0
1,1,1,25,43,2700,2600,100,0,0,-100,11,-2,0,-2,-2,1
-3,1,0,15,80,2615,2610,5,-1,-690,-390,-9,0,0,1,1,-1
0,0,1,18,53,2610,2600,10,0,5,5,0,0,0,0,0,0
0,2,2,24,41,2610,2615,-5,0,0,0,4,0,0,0,0,0
0,1,1,24,48,2630,2610,20,0,41,41,-15,0,0,0,1,-1
0,1,1,20,70,2615,2610,5,-1,-1153,-1153,-3,1,0,1,2,1
3,2,2,23,41,2610,2620,-10,1,616,316,16,-1,0,0,-2,1
-1,0,1,15,80,2610,2635,-25,-1,-482,-382,-1,0,0,-1,0,0
0,2,2,28,20,2600,2610,-10,0,-45,-45,0,0,0,0,-1,1
0,1,2,28,30,2615,2635,-20,0,21,21,1,0,-1,0,0,0
0,1,1,26,41,2635,2600,35,0,38,38,21,0,0,0,-1,-1
-3,0,0,13,80,2610,2630,-20,-1,-545,-245,-3,-1,0,2,2,-2
0,1,1,26,31,2610,2610,0,0,1,1,7,0,0,0,0,0
0,2,2,26,34,2615,2600,15,0,61,61,14,0,0,0,1,0
-1,0,1,19,80,2620,2610,10,-1,-684,-584,-31,2,0,0,0,-1
0,1,1,22,39,2630,2635,-5,0,5,5,4,0,0,0,0,0
3,1,1,25,31,2600,2630,-30,0,10,-290,7,0,0,0,0,0
0,1,0,14,61,2635,2620,15,0,5,5,14,0,0,0,-2,0
0,2,2,30,26,2610,2610,0,0,34,34,14,0,0,0,0,0
0,2,2,28,25,2620,2600,20,0,114,114,-6,1,0,0,0,0
0,0,0,24,35,2615,2630,-15,0,17,17,7,0,0,0,-1,1
1,1,1,13,80,2635,2610,25,0,8,-92,-5,2,0,0,2,0
-3,1,2,25,24,2610,2615,-5,0,13,313,6,-1,-1,0,0,0
0,2,2,30,32,2630,2620,10,0,85,85,5,-1,0,0,0,0
0,0,0,26,27,2615,2620,-5,0,9,9,1,0,0,0,0,0
3,0,1,13,77,2610,2600,10,1,854,554,17,0,0,1,0,-2
-1,1,0,11,80,2630,2610,20,0,161,261,0,0,0,1,-2,0
0,1,1,30,20,2610,2610,0,0,35,35,-2,0,0,0,0,0
0,1,1,28,21,2610,2620,-10,0,38,38,5,0,0,0,0,1
-1,1,2,21,47,2635,2610,25,0,27,127,15,0,-1,1,2,-1
0,1,1,24,35,2640,2625,15,0,16,16,4,0,0,0,0,0
3,0,1,19,60,2605,2715,-110,-1,-972,-1272,-49,-1,0,0,0,0
0,1,1,16,77,2715,2605,110,1,1332,1332,10,-1,0,0,0,0
0,1,1,16,80,2605,2715,-110,0,-102,-102,2,-1,0,0,0,0
0,0,0,16,80,2715,2605,110,1,207,207,-1,0,0,0,0,0
3,0,1,11,79,2605,2715,-110,0,18,-282,3,-1,0,0,-2,1
0,0,0,16,55,2715,2605,110,0,0,0,0,-1,0,-1,-1,0
2,1,1,16,80,2615,2615,0,-1,-376,-576,-22,-1,0,0,1,-2
1,1,0,15,62,2720,2635,85,0,0,-100,4,2,0,0,-2,0
-1,1,1,11,80,2630,2635,-5,0,-15,85,3,1,0,0,-1,0
-1,1,1,19,68,2615,2630,-15,-1,-606,-506,-27,-2,0,0,-1,-1
0,1,0,16,63,2635,2650,-15,0,-1,-1,-3,1,0,0,-1,1
0,1,1,18,80,2640,2600,40,0,88,88,-2,0,0,0,0,0
1,0,0,19,70,2635,2630,5,0,5,-95,-17,1,0,0,0,0
2,1,0,16,67,2650,2640,10,1,977,777,-2,2,0,0,0,2
0,0,0,10,80,2650,2630,20,0,0,0,4,0,0,-1,3,1
0,1,1,16,78,2600,2635,-35,0,0,0,-1,0,0,-1,0,-1
-4,1,1,18,80,2635,2650,-15,1,10000,10400,0,2,0,0,1,-2
1,1,0,17,80,2600,2630,-30,0,67,-33,17,0,0,0,-1,1
0,1,1,28,23,2615,2600,15,0,9,9,2,0,0,0,0,0
0,2,1,24,57,2635,2630,5,1,768,768,8,0,1,0,-1,1
-2,0,0,18,80,2635,2600,35,-1,-58,142,1,0,0,0,0,0
0,2,1,16,80,2635,2635,0,0,36,36,0,-1,1,0,0,1
0,1,1,16,80,2615,2650,-35,0,-20,-20,-1,0,0,0,1,0
1,0,0,15,80,2640,2615,25,0,212,112,12,-1,0,0,0,0
0,2,1,22,49,2640,2635,5,0,-8,-8,2,0,1,0,-1,0
0,1,1,18,80,2630,2615,15,0,4,4,7,-2,0,-1,-1,1
1,1,1,19,80,2635,2640,-5,-1,4,-96,-14,1,0,0,1,-1
0,2,2,22,38,2635,2615,20,-1,-599,-599,-40,-1,0,0,0,1
1,1,1,15,80,2600,2650,-50,0,31,-69,12,1,0,0,-1,0
-1,1,2,17,80,2630,2640,-10,-1,-540,-440,-14,2,-1,0,-1,0
1,1,0,13,80,2615,2635,-20,0,174,74,-1,0,0,0,-1,0
1,0,0,11,80,2715,2720,-5,1,484,384,-9,-1,0,0,-3,0
-1,1,0,15,80,2720,2715,5,0,-238,-138,6,-1,0,0,1,-1
0,1,1,22,40,2715,2720,-5,0,3,3,15,0,0,0,0,0
0,1,1,18,80,2720,2715,5,1,153,153,2,1,0,0,1,0
-1,2,2,17,80,2715,2720,-5,-1,-234,-134,8,0,0,0,1,0
1,0,0,17,54,2720,2715,5,0,38,-62,-9,0,0,-1,0,1
-3,1,0,15,62,2715,2720,-5,0,0,300,5,0,0,0,0,-1
1,0,0,7,80,2720,2715,5,0,2,-98,-1,1,0,0,-1,0
0,1,2,20,80,2715,2720,-5,0,82,82,7,0,-1,0,-1,-1
1,0,0,15,73,2720,2715,5,0,0,-100,-2,0,0,0,0,-2
-4,1,1,20,49,2715,2720,-5,1,735,1135,40,1,0,-1,0,0
0,0,1,22,36,2720,2715,5,0,-2,-2,-5,0,0,0,0,0
0,1,1,18,48,2715,2720,-5,0,13,13,-3,2,0,1,2,0
0,2,1,16,64,2720,2715,5,0,19,19,-19,1,1,-1,-2,-1
0,1,0,20,44,2715,2720,-5,0,2,2,-4,0,0,0,0,0
1,1,0,15,80,2720,2715,5,-1,-10000,-10100,-33,1,0,-1,2,-1
0,0,0,16,57,2715,2720,-5,0,7,7,-6,-1,0,0,0,0
0,2,2,26,45,2720,2715,5,0,-47,-47,3,-1,0,0,1,-1
0,0,0,16,80,2715,2720,-5,1,663,663,9,0,0,-1,-2,1
0,1,1,18,80,2720,2715,5,0,11,11,11,0,0,0,0,0
-1,0,1,17,80,2715,2720,-5,0,39,139,4,0,0,-1,-3,0
0,0,0,12,80,2720,2715,5,1,359,359,0,0,0,0,1,-1
0,1,1,20,80,2715,2720,-5,0,38,38,-24,0,0,0,0,0
0,1,2,18,80,2720,2715,5,-1,-884,-884,-43,0,-1,0,-1,1
1,1,0,15,80,2720,2715,5,-1,-10000,-10100,-33,1,0,-1,2,-1
0,1,1,20,34,2605,2625,-20,0,17,17,4,0,0,-1,-1,0
0,1,0,14,80,2605,2630,-25,0,469,469,13,2,0,0,2,0
1,0,1,15,80,2650,2605,45,0,0,-100,-38,0,0,0,1,1
1,0,0,13,80,2630,2625,5,0,180,80,-7,1,0,0,1,-1
-4,0,0,14,80,2625,2650,-25,-1,-417,-17,-12,-2,0,0,-1,1
2,1,0,18,55,2630,2650,-20,1,681,481,-14,2,0,0,-1,0
0,1,1,18,61,2625,2605,20,0,75,75,11,0,0,0,-1,1
1,1,1,13,80,2630,2605,25,0,30,-70,7,3,0,0,0,1
0,1,1,26,39,2605,2650,-45,0,61,61,-7,-1,0,0,0,0
-1,0,0,13,80,2625,2630,-5,-1,-277,-177,-2,-1,0,0,-1,0
0,1,1,14,80,2650,2625,25,0,22,22,0,-1,0,0,2,0
-2,1,0,16,80,2650,2630,20,-1,-2,198,-3,0,0,0,-2,-3
0,2,2,30,27,2635,2635,0,0,-22,-22,-8,-1,0,0,0,0
3,0,0,19,80,2615,2630,-15,1,530,230,-4,2,0,-1,1,3
0,1,2,22,54,2635,2615,20,-1,-1013,-1013,-15,-1,-1,0,-1,-2
0,0,0,12,80,2615,2635,-20,0,11,11,-4,0,0,0,1,1
-1,2,1,19,80,2630,2635,-5,0,0,100,3,-2,1,0,0,-1
1,1,1,17,49,2650,2615,35,0,-6,-106,-2,-1,0,0,-2,0
7,0,1,17,79,2635,2630,5,1,1044,344,8,-2,0,0,-1,1
1,0,0,9,80,2635,2635,0,0,54,-46,3,0,0,0,-3,1
0,1,0,16,72,2630,2650,-20,0,0,0,2,1,0,0,0,0
1,0,0,13,80,2650,2635,15,1,455,355,3,1,0,-1,0,-2
0,2,2,32,19,2635,2650,-15,0,22,22,-5,1,0,0,0,0
1,2,2,19,57,2650,2615,35,1,574,474,13,2,0,0,2,-1
0,1,2,26,22,2615,2600,15,0,16,16,1,-1,-1,1,1,-1
0,1,1,26,38,2600,2635,-35,0,17,17,13,-1,0,0,0,0
0,1,1,24,29,2615,2635,-20,0,18,18,12,0,0,0,0,0
2,1,1,20,79,2720,2600,120,1,365,165,3,0,0,0,-1,-1
-3,0,0,19,69,2640,2600,40,0,0,300,10,2,0,1,3,-1
-1,0,0,13,80,2640,2720,-80,0,-4,96,-3,-1,0,1,3,-2
-1,2,0,21,78,2600,2720,-120,-1,-444,-344,-5,0,1,0,2,-1
0,1,1,18,43,2600,2640,-40,0,4,4,22,0,0,0,0,0
-1,2,2,25,31,2720,2640,80,0,5,105,5,0,0,0,0,0
0,0,0,10,80,2625,2610,15,0,6,6,-15,-1,0,0,0,-1
0,1,1,24,37,2600,2625,-25,0,-10,-10,-4,0,0,0,1,0
0,2,2,30,29,2610,2600,10,0,12,12,17,-1,0,0,0,0
-1,0,0,13,80,2640,2700,-60,-1,-104,-4,1,0,0,0,0,0
7,1,1,17,69,2700,2640,60,1,876,176,5,-2,0,0,0,0
-1,1,1,15,80,2640,2700,-60,1,2236,2336,21,1,0,0,1,-2
0,1,1,12,80,2700,2640,60,0,-14,-14,-9,-2,0,0,-1,0
1,0,0,9,68,2640,2700,-60,0,44,-56,-3,0,0,0,-1,-1
0,1,1,16,79,2700,2640,60,1,656,656,7,2,0,0,0,1
2,1,0,18,59,2645,2645,0,1,676,476,16,-1,0,0,1,1
-7,0,0,11,80,2605,2645,-40,1,470,1170,-23,0,0,0,-1,-1
0,1,0,12,80,2645,2605,40,0,-5,-5,1,0,0,0,-2,0
1,1,0,19,57,2645,2645,0,1,10000,9900,16,-1,0,0,0,0
-1,0,0,13,80,2645,2605,40,0,1,101,18,0,0,0,0,0
0,1,1,26,26,2605,2645,-40,0,-5,-5,-4,0,0,0,0,0
1,0,0,15,80,2615,2740,-125,1,808,708,-3,-1,0,0,1,0
1,1,1,15,80,2600,2705,-105,1,250,150,5,0,0,0,-1,0
0,2,2,22,41,2700,2720,-20,0,-20,-20,2,0,0,0,0,0
0,0,0,14,80,2720,2700,20,0,55,55,1,-1,0,0,2,-1
5,1,1,21,69,2700,2720,-20,0,-1,-501,14,0,0,0,0,0
1,0,0,15,80,2720,2700,20,1,433,333,1,0,0,0,-1,0
1,1,2,19,63,2700,2720,-20,1,665,565,-8,-1,-1,0,2,1
0,1,1,14,80,2720,2700,20,0,-4,-4,-6,-1,0,-1,-3,0
-1,0,0,13,80,2700,2720,-20,0,0,100,-6,0,0,0,-1,-2
-2,0,0,16,61,2720,2700,20,1,837,1037,2,0,0,0,-1,0
0,2,2,26,40,2700,2720,-20,0,4,4,-5,0,0,0,-1,0
0,1,0,14,80,2720,2700,20,0,32,32,3,-1,0,0,0,0
-2,0,0,8,80,2700,2720,-20,0,-5,195,-8,0,0,0,0,-1
5,1,1,17,67,2720,2700,20,0,36,-464,25,1,0,0,1,0
-1,1,1,17,80,2700,2720,-20,0,10,110,6,1,0,0,-2,-1
0,0,1,14,80,2720,2700,20,1,247,247,-1,-1,0,0,0,0
0,1,1,18,58,2700,2720,-20,0,18,18,-3,0,0,0,1,-1
3,0,1,13,80,2720,2700,20,1,913,613,1,0,0,0,1,0
1,1,1,19,61,2700,2720,-20,1,732,632,-10,0,0,0,1,0
0,1,0,16,80,2720,2700,20,-1,-122,-122,-2,-1,0,1,-2,-1
1,1,0,11,80,2700,2720,-20,1,308,208,-11,0,0,0,0,1
0,1,1,22,42,2720,2700,20,0,23,23,9,0,0,0,0,0
0,1,1,16,80,2700,2720,-20,0,17,17,-1,0,0,0,1,0
1,0,1,17,80,2720,2700,20,1,381,281,3,0,0,0,-1,0
1,0,0,19,64,2700,2720,-20,0,0,-100,1,1,0,-1,-2,-1
0,0,0,12,80,2720,2700,20,0,0,0,4,0,0,1,1,1
-2,1,1,20,57,2610,2625,-15,1,713,913,24,0,0,0,-1,1
2,0,1,16,80,2645,2610,35,1,302,102,-14,0,0,1,-1,-1
0,2,2,30,49,2605,2700,-95,0,6,6,3,0,0,0,0,0
-1,1,1,19,80,2625,2635,-10,-1,-482,-382,-7,-1,0,0,0,0
-3,0,1,13,80,2635,2605,30,-1,-632,-332,-16,1,0,0,2,-1
3,1,0,15,77,2645,2610,35,1,522,222,2,1,0,-1,0,3
-3,0,1,13,80,2625,2625,0,-1,-658,-358,-23,1,0,2,3,0
0,1,1,16,80,2610,2700,-90,-1,0,0,-3,1,0,-1,-3,1
0,2,1,24,33,2610,2610,0,0,40,40,-2,0,1,1,-2,1
0,1,1,20,80,2700,2635,65,0,3,3,-2,0,0,0,0,0
-1,0,0,13,80,2605,2625,-20,-1,-266,-166,5,0,0,0,-2,0
0,1,1,22,29,2625,2645,-20,0,8,8,-5,0,0,0,0,0
1,0,1,9,80,2645,2605,40,0,63,-37,1,-2,0,0,2,-1
0,1,1,16,71,2610,2635,-25,0,0,0,2,0,0,0,0,0
-1,1,1,9,80,2610,2625,-15,0,-10,90,-5,-1,0,-1,-2,-2
-1,0,0,17,46,2625,2700,-75,0,35,135,5,1,0,1,0,-1
0,1,1,16,72,2625,2610,15,0,8,8,-6,0,0,0,0,-1
6,0,0,16,80,2605,2610,-5,1,937,337,-18,-1,0,0,1,0
1,0,0,15,80,2635,2625,10,0,63,-37,-2,0,0,0,1,0
0,0,0,16,66,2700,2645,55,0,0,0,-6,-1,0,0,1,-1
2,1,1,16,80,2625,2605,20,0,103,-97,3,0,0,-1,-1,1
-5,0,0,17,80,2610,2625,-15,0,28,528,-13,1,0,0,-1,0
0,0,1,26,80,2610,2700,-90,0,0,0,-5,1,0,-1,-1,1
0,0,0,22,80,2645,2635,10,0,55,55,13,-1,0,0,0,0
1,1,0,13,80,2635,2610,25,1,336,236,-18,-1,0,1,3,0
1,1,0,15,80,2605,2610,-5,1,345,245,-20,0,0,0,1,0
-1,1,1,13,80,2700,2625,75,0,0,100,1,3,0,0,4,-1
1,2,1,21,80,2625,2645,-20,1,388,288,4,1,1,0,0,1
1,1,1,15,80,2635,2625,10,0,27,-73,5,1,0,0,-1,0
0,1,1,20,80,2625,2610,15,0,-21,-21,1,1,0,0,0,0
0,2,2,26,80,2610,2645,-35,1,438,438,6,-1,0,0,-3,1
1,1,1,15,68,2700,2605,95,0,24,-76,-34,0,0,0,0,1
0,1,0,14,65,2625,2625,0,0,0,0,-4,1,0,0,0,-1
0,0,1,14,80,2610,2645,-35,1,906,906,6,1,0,0,-2,0
-1,1,1,19,47,2605,2635,-30,1,614,714,29,-1,0,1,-3,-2
-1,1,0,17,80,2700,2610,90,0,-47,53,10,-3,0,0,-1,0
-1,1,1,21,80,2635,2700,-65,-1,-527,-427,-2,0,0,0,1,0
0,1,1,24,41,2610,2610,0,1,516,516,-10,0,0,2,3,1
0,0,0,24,39,2645,2625,20,0,0,0,42,0,0,0,0,0
1,0,1,15,80,2625,2605,20,1,181,81,10,0,0,-1,-1,0
-2,0,1,14,72,2700,2625,75,-1,-519,-319,-6,0,0,0,1,-2
0,0,0,10,80,2625,2610,15,0,18,18,1,0,0,1,3,0
0,2,2,28,33,2605,2645,-40,0,39,39,-3,0,0,0,-1,0
-2,1,1,12,80,2635,2610,25,-1,-316,-116,-12,0,0,0,0,1
0,2,2,24,80,2645,2700,-55,0,91,91,-3,-1,0,0,0,0
0,1,1,20,80,2610,2605,5,1,24,24,10,1,0,0,3,-1
-1,0,1,15,80,2610,2625,-15,0,35,135,4,-2,0,0,0,0
0,0,1,20,80,2625,2635,-10,1,493,493,2,0,0,0,-1,0
0,1,1,18,51,2700,2610,90,0,37,37,10,-1,0,0,-2,-1
0,1,1,16,80,2605,2625,-20,1,230,230,5,0,0,0,-1,0
0,0,1,10,69,2625,2610,15,0,22,22,0,0,0,0,0,0
0,0,0,14,80,2635,2645,-10,-1,-267,-267,-8,0,0,0,-2,0
-1,1,1,19,80,2610,2605,5,0,88,188,2,0,0,0,-2,0
0,0,1,14,57,2645,2625,20,0,9,9,-4,0,0,0,0,0
1,1,0,17,80,2610,2635,-25,1,273,173,7,1,0,0,1,0
0,0,0,12,80,2700,2635,65,0,252,252,-5,1,0,1,1,-3
-1,1,1,19,80,2645,2645,0,-1,-453,-353,-5,-1,0,-1,0,-1
0,1,1,10,80,2645,2645,0,0,24,24,-3,-1,0,0,2,-1
2,1,1,12,80,2645,2645,0,0,56,-144,7,2,0,0,-1,1
-1,0,0,7,80,2645,2645,0,0,0,100,-9,0,0,0,1,-1
1,0,0,9,80,2645,2645,0,1,368,268,1,0,0,0,1,-1
-2,0,1,12,76,2645,2645,0,-1,-1322,-1122,-29,-2,0,0,0,0
0,2,2,22,37,2645,2645,0,1,1420,1420,2,-1,0,0,-1,0
1,0,0,15,80,2645,2645,0,0,0,-100,10,1,0,0,-1,0
-5,2,2,23,47,2645,2645,0,1,10000,10500,7,0,0,0,2,2
3,1,2,25,31,2625,2605,20,0,4,-296,19,0,-1,0,-1,0
1,1,1,17,66,2605,2625,-20,0,-12,-112,2,0,0,0,2,2
-7,0,1,13,78,2605,2605,0,-1,-1321,-621,-39,-1,0,1,-3,-2
0,2,2,28,28,2610,2610,0,0,58,58,0,0,0,0,0,0
0,1,1,26,45,2610,2700,-90,0,-23,-23,-8,0,0,0,-1,1
1,1,0,19,43,2610,2605,5,1,469,369,6,-2,0,0,1,0
0,1,1,14,80,2645,2645,0,0,290,290,11,-2,0,1,3,-1
0,0,0,22,67,2605,2610,-5,0,3,3,2,-2,0,0,1,-1
0,0,0,14,80,2700,2645,55,1,139,139,5,0,0,0,2,1
0,2,2,26,43,2610,2610,0,0,-63,-63,18,0,0,0,0,1
0,1,1,14,64,2645,2605,40,-1,-756,-756,1,-2,0,0,2,-1
0,1,2,20,56,2645,2700,-55,0,9,9,-12,0,-1,0,1,0
0,1,1,28,43,2610,2610,0,0,-18,-18,14,2,0,-1,-1,1
1,1,1,21,80,2610,2645,-35,-1,-339,-439,-9,2,0,-1,-3,2
1,0,1,13,80,2605,2645,-40,1,969,869,6,1,0,0,-3,0
3,2,1,25,37,2610,2610,0,0,-2,-302,7,0,1,0,0,0
1,2,1,19,80,2700,2605,95,1,176,76,6,0,1,0,0,1
1,1,1,15,80,2645,2610,35,1,645,545,6,2,0,0,0,0
0,1,2,24,69,2645,2610,35,0,-148,-148,-17,1,-1,0,0,0
1,1,1,9,75,2610,2645,-35,1,604,504,3,0,0,0,1,-1
0,1,1,22,36,2610,2700,-90,0,24,24,-6,0,0,0,0,0
0,2,1,30,51,2610,2645,-35,0,126,126,13,0,1,-1,-1,1
0,1,1,20,50,2605,2610,-5,0,7,7,11,1,0,0,0,0
-1,2,0,11,80,2700,2610,90,0,0,100,11,-2,1,0,0,-2
0,0,1,14,80,2645,2610,35,-1,-771,-771,-9,0,0,0,1,-1
1,1,0,17,67,2700,2610,90,1,764,664,13,1,0,0,1,1
3,0,0,11,78,2645,2645,0,1,826,526,-1,0,0,0,-2,1
0,1,1,18,65,2605,2610,-5,1,1132,1132,24,-1,0,0,1,1
0,1,1,24,28,2610,2610,0,0,36,36,14,-1,0,0,0,0
0,1,1,30,27,2610,2605,5,0,5,5,-6,1,0,0,0,0
0,1,1,24,45,2645,2700,-55,0,11,11,16,0,0,0,0,0
-1,0,1,15,80,2700,2645,55,1,34,134,-12,0,0,0,1,-1
0,1,2,20,58,2610,2610,0,0,-6,-6,1,2,-1,0,0,0
1,1,1,17,80,2605,2645,-40,0,32,-68,7,-1,0,0,0,1
0,0,0,18,56,2645,2605,40,0,28,28,0,1,0,0,1,0
0,1,1,26,39,2645,2610,35,0,-21,-21,0,0,0,0,0,0
3,2,1,29,19,2610,2610,0,0,45,-255,40,0,1,0,0,0
-2,0,1,12,80,2610,2645,-35,-1,-451,-251,-2,0,0,0,0,-1
-3,1,1,21,80,2610,2645,-35,1,245,545,8,0,0,0,1,0
1,1,1,13,80,2605,2700,-95,0,19,-81,0,0,0,0,1,0
1,2,2,29,21,2700,2610,90,0,11,-89,5,0,0,0,1,1
0,2,2,28,51,2605,2610,-5,0,49,49,8,0,0,1,1,-1
-2,0,1,16,80,2645,2610,35,1,463,663,-5,-2,0,0,1,0
0,2,2,30,26,2645,2610,35,0,23,23,10,0,0,0,0,0
0,2,1,30,22,2610,2605,5,0,46,46,-3,1,1,-1,0,0
0,2,2,30,24,2610,2700,-90,0,76,76,13,0,0,0,0,0
0,0,0,16,63,2610,2645,-35,0,27,27,-3,-1,0,0,1,0
0,2,2,24,80,2620,2615,5,1,258,258,6,-1,0,0,0,-1
0,2,2,26,25,2615,2620,-5,0,52,52,10,-1,0,0,0,0
0,1,1,30,17,2620,2620,0,0,28,28,9,-1,0,0,0,0
0,2,1,26,59,2710,2735,-25,0,0,0,-3,-1,1,0,0,0
-1,0,0,15,64,2735,2710,25,-1,-1058,-958,-10,1,0,1,2,-1
0,2,2,28,58,2710,2735,-25,0,-19,-19,10,0,0,0,0,0
2,1,0,12,80,2735,2710,25,1,391,191,1,2,0,0,-2,1
2,1,1,16,75,2710,2735,-25,1,1224,1024,42,2,0,-1,1,0
0,2,2,24,55,2735,2710,25,0,13,13,3,0,0,0,1,0
0,0,1,12,80,2710,2735,-25,0,70,70,1,1,0,0,0,-1
0,1,2,28,80,2735,2710,25,1,242,242,10,1,-1,0,0,0
0,0,0,14,80,2710,2735,-25,0,39,39,-1,2,0,0,-2,1
0,1,1,24,39,2735,2710,25,0,14,14,8,-1,0,0,0,0
-1,1,0,17,80,2710,2735,-25,-1,-200,-100,9,0,0,-1,0,1
0,2,2,30,41,2735,2710,25,0,32,32,2,-1,0,0,0,0
-5,1,0,13,72,2710,2735,-25,0,7,507,-21,0,0,0,-2,0
0,2,1,26,41,2735,2710,25,0,87,87,1,0,1,0,0,0
0,1,1,10,80,2710,2735,-25,0,32,32,4,1,0,0,0,1
-1,1,0,15,80,2735,2710,25,-1,-324,-224,-4,1,0,0,1,-1
0,0,0,12,80,2710,2735,-25,0,0,0,0,0,0,0,1,0
0,0,0,8,80,2735,2710,25,0,28,28,5,0,0,0,0,1
1,0,0,13,80,2710,2735,-25,0,54,-46,7,0,0,0,-2,0
0,0,0,14,74,2735,2710,25,0,0,0,-2,-1,0,0,0,0
-1,1,1,23,56,2710,2735,-25,0,1,101,7,0,0,0,-1,1
0,2,2,22,37,2735,2710,25,0,32,32,10,0,0,0,0,0
0,1,1,20,80,2710,2735,-25,1,115,115,0,1,0,0,1,1
1,1,0,13,80,2735,2710,25,1,71,-29,14,1,0,0,1,1
-1,1,1,23,50,2605,2615,-10,0,78,178,-1,1,0,0,-1,0
0,1,1,22,38,2600,2610,-10,0,21,21,-2,0,0,0,0,0
0,1,1,20,80,2610,2620,-10,-1,27,27,-7,-1,0,0,0,0
0,0,1,22,35,2600,2620,-20,0,48,48,-2,1,0,1,0,0
0,1,1,16,80,2600,2625,-25,1,100,100,6,2,0,1,-3,1
0,1,0,16,65,2600,2645,-45,0,0,0,-1,0,0,0,0,1
1,0,0,15,73,2645,2620,25,1,635,535,-2,1,0,0,-1,1
0,2,2,26,34,2645,2600,45,0,1,1,-19,0,0,0,-1,0
1,1,1,13,80,2625,2600,25,0,139,39,1,0,0,0,1,0
0,1,0,18,46,2645,2610,35,0,11,11,0,-1,0,0,-1,0
-3,0,1,25,38,2600,2645,-45,0,-4,296,-10,0,0,0,0,0
1,1,1,15,50,2600,2620,-20,0,-21,-121,-9,0,0,0,-1,0
-2,1,1,26,37,2610,2625,-15,1,600,800,0,3,0,0,0,0
1,0,0,15,59,2645,2610,35,0,203,103,35,2,0,0,-1,1
3,1,0,15,69,2600,2600,0,0,0,-300,10,0,0,0,0,0
-3,0,0,19,56,2620,2645,-25,0,-3,297,-8,-1,0,0,0,0
0,1,0,12,80,2610,2600,10,0,20,20,0,2,0,0,0,0
-2,0,0,12,80,2645,2625,20,-1,-93,107,-12,1,0,0,-1,0
0,1,1,20,44,2600,2620,-20,0,61,61,2,0,0,0,-1,1
0,0,0,18,65,2625,2645,-20,0,4,4,5,-1,0,0,-1,0
2,1,1,14,65,2610,2620,-10,1,693,493,-6,-1,0,0,-1,-1
0,0,0,22,55,2645,2600,45,0,0,0,8,0,0,0,1,0
1,1,0,15,77,2645,2645,0,1,650,550,10,1,0,0,1,0
0,2,2,26,24,2600,2610,-10,0,30,30,-17,2,0,0,0,0
0,1,0,16,80,2620,2625,-5,0,0,0,-1,1,0,0,1,0
-1,1,0,15,50,2620,2645,-25,-1,-604,-504,-23,-2,0,0,0,-1
-1,1,0,13,80,2645,2600,45,0,-150,-50,-6,1,0,0,-3,1
2,2,1,12,80,2625,2600,25,1,364,164,11,0,1,0,0,-1
0,2,2,28,25,2610,2645,-35,0,-36,-36,11,1,0,0,0,0
1,0,0,11,75,2600,2645,-45,1,546,446,-3,-2,0,0,-1,-2
0,0,1,18,80,2600,2625,-25,-1,-624,-624,-5,0,0,-1,-1,2
0,1,1,16,55,2620,2600,20,0,8,8,3,2,0,0,0,0
0,0,0,14,80,2645,2600,45,0,87,87,-4,0,0,0,0,0
-1,0,0,13,80,2625,2610,15,-1,-156,-56,2,1,0,0,0,0
0,0,0,10,80,2645,2620,25,0,3,3,-3,0,0,0,0,0
0,2,2,24,34,2600,2600,0,0,7,7,1,1,0,0,-2,1
0,0,1,14,49,2610,2645,-35,0,1,1,2,0,0,0,0,0
0,0,1,10,80,2620,2600,20,0,31,31,-3,1,0,0,0,0
1,1,1,17,80,2600,2610,-10,1,318,218,7,-2,0,-1,0,0
0,1,0,14,80,2625,2645,-20,0,18,18,0,1,0,0,0,0
0,2,2,30,25,2600,2645,-45,0,-48,-48,11,0,0,0,0,0
0,1,1,16,57,2620,2610,10,0,4,4,20,1,0,0,-2,2
0,0,0,18,60,2645,2625,20,-1,-10000,-10000,-17,-1,0,-1,-2,2
-2,0,1,20,77,2625,2620,5,1,10000,10200,14,1,0,2,0,0
-1,2,0,15,80,2645,2645,0,0,42,142,7,0,1,-1,2,0
-2,0,0,14,80,2610,2600,10,0,0,200,-46,1,0,0,-2,0
2,1,0,14,80,2615,2620,-5,1,489,289,1,1,0,0,-1,1
0,0,0,20,53,2620,2600,20,0,46,46,2,0,0,0,0,0
0,1,2,24,38,2600,2615,-15,0,-17,-17,18,0,-1,0,-1,0
0,2,2,28,34,2625,2620,5,0,-21,-21,19,0,0,0,0,0
-4,0,0,14,80,2620,2615,5,-1,-212,188,-9,1,0,0,0,-1
0,1,1,26,52,2600,2625,-25,0,44,44,-8,-2,0,0,0,0
0,1,0,14,53,2600,2625,-25,0,5,5,-2,0,0,0,0,0
-1,0,0,9,80,2630,2620,10,1,633,733,-2,-1,0,0,1,-1
0,0,0,12,80,2630,2630,0,-1,-526,-526,-26,-2,0,0,-2,1
0,0,0,16,77,2630,2620,10,1,2019,2019,4,0,0,-1,0,2
0,1,1,20,33,2620,2625,-5,0,34,34,12,0,0,0,0,0
5,0,0,15,61,2625,2630,-5,0,0,-500,10,-1,0,0,-1,-1
0,0,1,14,80,2630,2630,0,-1,-550,-550,-2,-1,0,0,1,1
-1,0,1,13,71,2630,2625,5,0,0,100,31,0,0,0,1,1
0,2,1,18,57,2630,2630,0,1,474,474,6,-1,1,0,0,0
0,1,1,24,80,2625,2630,-5,0,27,27,-1,0,0,0,0,0
-1,2,0,21,80,2620,2620,0,1,407,507,15,1,1,1,3,-1
0,2,1,18,54,2620,2630,-10,1,980,980,1,1,1,0,-1,-1
2,0,0,12,80,2630,2620,10,1,267,67,0,1,0,0,2,-1
1,1,0,21,80,2620,2625,-5,0,117,17,3,-1,0,0,1,0
0,1,0,18,80,2630,2620,10,1,153,153,10,0,0,0,1,0
0,2,0,18,69,2630,2620,10,1,787,787,8,0,1,0,0,-1
0,1,0,14,54,2675,2715,-40,0,34,34,12,-1,0,1,2,-1
0,1,1,22,50,2750,2675,75,0,10,10,-7,-2,0,0,0,0
0,1,1,14,73,2715,2750,-35,0,6,6,7,0,0,0,0,-1
0,1,0,20,47,2715,2675,40,0,22,22,0,0,0,0,0,0
1,0,1,13,77,2750,2715,35,1,136,36,-5,2,0,-1,0,2
0,0,0,10,80,2675,2750,-75,0,35,35,-16,0,0,0,-2,1
0,1,1,14,80,2675,2715,-40,0,0,0,-1,1,0,-1,1,0
2,0,1,18,80,2750,2675,75,1,614,414,-4,0,0,0,-1,0
0,0,0,12,80,2715,2750,-35,0,-37,-37,-2,1,0,0,0,0
-1,1,1,11,80,2715,2675,40,0,0,100,-7,0,0,0,0,-1
0,1,0,16,80,2750,2715,35,1,186,186,12,0,0,0,1,0
0,0,0,20,48,2675,2750,-75,0,0,0,-2,0,0,0,-2,1
3,2,1,17,61,2610,2630,-20,0,1,-299,3,0,1,0,-1,-1
0,1,1,24,32,2675,2715,-40,0,48,48,-5,1,0,0,0,0
-1,0,0,7,80,2675,2610,65,0,-2,98,2,0,0,0,1,-1
4,0,0,16,75,2715,2630,85,1,908,508,9,0,0,-1,2,1
-1,1,1,21,51,2630,2675,-45,1,1124,1224,37,1,0,1,1,-1
0,2,1,20,73,2610,2715,-105,1,594,594,9,1,1,1,-1,0
1,1,1,15,80,2715,2675,40,1,67,-33,7,2,0,0,0,0
4,0,1,18,63,2630,2610,20,1,944,544,11,3,0,0,-2,0
-4,1,0,16,80,2715,2610,105,0,414,814,-1,3,0,0,-2,0
-3,0,1,19,62,2675,2630,45,-1,-657,-357,-23,0,0,0,1,-1
3,1,0,17,55,2610,2675,-65,1,759,459,52,0,0,0,0,0
0,2,1,26,21,2630,2715,-85,0,67,67,-11,1,1,0,0,0
0,1,0,22,54,2620,2620,0,0,70,70,2,1,0,0,-1,0
-2,1,1,14,80,2715,2605,110,0,0,200,1,0,0,0,2,-1
0,1,1,24,62,2620,2605,15,0,60,60,4,0,0,0,-1,0
0,0,1,18,80,2715,2630,85,0,-19,-19,-13,2,0,0,0,1
0,0,0,18,45,2620,2605,15,0,14,14,13,0,0,0,0,0
-1,1,1,19,78,2610,2750,-140,-1,-715,-615,-16,-1,0,0,0,-1
0,1,1,20,55,2610,2620,-10,0,-206,-206,1,-1,0,0,-2,-2
0,1,1,22,49,2645,2620,25,0,-3,-3,5,-1,0,-1,-1,0
9,1,0,17,47,2620,2715,-95,0,14,-886,11,0,0,0,0,0
0,1,1,14,80,2630,2610,20,1,18,18,-4,1,0,0,-2,0
1,0,1,13,80,2645,2620,25,1,358,258,5,1,0,0,-1,1
0,2,2,26,25,2620,2750,-130,0,-38,-38,9,-2,0,-1,0,-1
2,0,1,20,80,2630,2620,10,0,325,125,6,-1,0,0,-2,0
3,1,0,17,80,2630,2620,10,1,628,328,-1,-1,0,0,0,0
0,1,0,14,80,2750,2625,125,0,2,2,4,1,0,0,0,1
1,1,2,23,80,2715,2645,70,1,271,171,-1,1,-1,0,-1,0
-3,0,0,13,80,2630,2675,-45,0,1,301,-18,1,0,0,-2,-1
-4,1,1,14,80,2675,2625,50,-1,-794,-394,-8,0,0,0,-2,0
0,1,0,20,74,2620,2625,-5,0,0,0,3,0,0,0,0,0
1,0,1,13,75,2750,2605,145,1,577,477,-3,0,0,1,0,-1
0,1,1,14,80,2605,2645,-40,0,153,153,7,-1,0,1,-1,-1
-1,1,1,11,80,2675,2750,-75,-1,-401,-301,-2,0,0,0,3,-1
0,0,0,10,80,2715,2610,105,0,169,169,3,1,0,0,3,2
0,0,0,22,38,2620,2715,-95,0,29,29,-2,-1,0,1,1,-1
0,1,0,16,80,2625,2645,-20,0,14,14,-36,0,0,0,0,0
0,1,1,20,54,2625,2610,15,0,153,153,-12,0,0,0,-1,0
-1,1,2,13,80,2630,2750,-120,-1,-688,-588,-9,3,-1,0,1,0
0,0,0,14,68,2605,2625,-20,0,21,21,9,-1,0,0,0,0
0,0,0,10,80,2610,2620,-10,0,27,27,12,0,0,0,-2,0
0,0,1,20,49,2610,2605,5,0,15,15,8,0,0,0,1,-1
0,2,2,30,28,2675,2620,55,0,-15,-15,-6,0,0,0,0,0
-1,0,2,15,80,2610,2675,-65,0,17,117,-15,1,-1,0,-1,-1
0,1,1,18,80,2605,2630,-25,0,27,27,7,-1,0,0,0,0
1,1,2,25,41,2625,2630,-5,0,34,-66,-8,0,-1,-1,-3,1
0,1,1,16,80,2630,2645,-15,0,-4,-4,9,1,0,0,0,0
-1,1,1,15,80,2620,2750,-130,-1,-140,-40,-3,0,0,-1,1,-1
-2,0,0,12,80,2675,2605,70,-1,-471,-271,1,0,0,0,0,0
0,0,0,20,80,2645,2610,35,0,68,68,-9,0,0,1,2,1
1,1,1,11,80,2675,2620,55,0,26,-74,-3,1,0,0,-1,2
1,0,0,13,80,2675,2715,-40,-1,-1,-101,-4,1,0,-1,1,1
1,2,2,29,41,2625,2715,-90,0,70,-30,2,0,0,-1,2,0
3,2,1,21,62,2640,2625,15,-1,-794,-1094,-3,1,1,0,2,-1
1,0,0,15,80,2715,2640,75,1,385,285,-11,0,0,0,0,1
-5,2,2,23,46,2605,2640,-35,0,-18,482,-18,1,0,0,0,0
-2,0,0,14,80,2630,2620,10,-1,-416,-216,-14,-1,0,0,1,-1
0,1,1,22,52,2610,2610,0,0,25,25,5,0,0,0,0,0
0,1,2,26,58,2610,2615,-5,0,35,35,2,1,-1,1,0,0
0,1,1,26,53,2675,2610,65,0,14,14,13,0,0,0,0,0
1,1,1,17,51,2620,2645,-25,0,6,-94,10,0,0,0,-1,0
-1,0,1,13,80,2615,2675,-60,-1,-108,-8,-10,-2,0,0,1,0
0,0,0,20,59,2610,2615,-5,0,81,81,4,0,0,0,0,1
0,0,0,14,65,2610,2630,-20,0,12,12,0,0,0,0,0,0
-1,1,0,13,80,2645,2610,35,-1,40,140,-11,-1,0,-1,-2,-2
-1,0,1,19,78,2630,2675,-45,-1,-507,-407,1,-1,0,0,0,0
-3,0,0,17,80,2610,2630,-20,1,219,519,-27,-1,0,0,0,-1
1,0,0,15,80,2675,2645,30,1,307,207,-4,-1,0,0,1,0
1,1,0,19,71,2645,2610,35,1,608,508,12,0,0,0,1,0
1,2,2,25,42,2620,2610,10,0,-2,-102,-20,0,0,0,1,0
0,2,2,30,51,2630,2615,15,0,23,23,14,0,0,0,0,0
4,0,0,16,55,2675,2620,55,0,0,-400,20,0,0,0,2,0
-1,0,0,15,80,2615,2645,-30,-1,-170,-70,-32,1,0,0,1,-2
-1,2,1,25,41,2620,2610,10,0,20,120,8,0,1,0,0,0
-1,0,0,13,80,2615,2620,-5,-1,-109,-9,-20,0,0,0,0,-2
0,0,0,10,70,2630,2645,-15,0,3,3,6,-1,0,0,0,0
-2,1,0,16,70,2610,2675,-65,-1,-861,-661,2,-2,0,0,-1,-2
0,2,1,22,43,2620,2620,0,0,-20,-20,-6,0,1,1,-1,0
1,0,1,13,80,2630,2610,20,1,314,214,-2,-1,0,-1,-3,0
0,0,1,22,53,2610,2625,-15,0,-39,-39,1,0,0,0,0,0
0,1,2,18,80,2610,2630,-20,-1,-544,-544,-39,-2,-1,0,-3,0
0,0,0,18,56,2625,2610,15,0,97,97,-2,-1,0,0,-2,2
2,0,1,10,80,2630,2610,20,0,33,-167,-9,0,0,0,0,0
-5,1,1,15,80,2610,2625,-15,1,264,764,-14,-2,0,0,-1,-1
0,0,1,18,80,2610,2630,-20,0,59,59,-5,0,0,0,0,-1
0,0,0,12,80,2625,2610,15,0,4,4,-11,-1,0,0,1,0
0,1,0,18,80,2610,2625,-15,0,2,2,2,0,0,0,0,0
1,0,1,15,62,2630,2610,20,0,361,261,2,-1,0,0,2,0
-1,1,0,19,70,2625,2610,15,0,-73,27,-3,-1,0,0,2,-2
-1,0,0,15,70,2645,2725,-80,-1,-698,-598,-8,-1,0,0,1,0
0,0,1,24,51,2630,2605,25,0,16,16,3,1,0,0,0,0
-4,0,2,14,80,2715,2630,85,-1,-10000,-9600,-46,1,-1,0,1,-1
-1,0,0,15,80,2630,2610,20,-1,-513,-413,-5,1,0,0,2,-2
0,1,1,22,36,2605,2630,-25,0,10,10,3,0,0,0,-1,1
9,1,1,23,27,2630,2715,-85,0,2,-898,8,2,0,0,0,0
-1,0,0,17,72,2630,2630,0,0,77,177,2,-1,0,1,1,0
0,0,0,14,59,2610,2605,5,0,-3,-3,-4,0,0,-1,0,0
1,1,1,21,80,2715,2610,105,1,333,233,-3,1,0,0,1,0
0,1,0,20,41,2610,2630,-20,0,-50,-50,0,-1,0,-1,1,-1
0,0,1,8,72,2605,2715,-110,0,6,6,-2,0,0,0,0,0
4,1,1,14,61,2620,2750,-130,0,0,-400,3,-1,0,-1,-2,0
0,0,0,16,65,2600,2620,-20,0,0,0,0,-1,0,0,-1,0
-1,0,1,11,80,2620,2600,20,-1,-248,-148,-1,0,0,0,-1,0
0,1,1,24,39,2600,2600,0,0,16,16,2,0,0,0,0,0
1,0,0,11,80,2615,2600,15,0,0,-100,3,0,0,-1,-3,1
1,0,0,9,80,2640,2600,40,0,0,-100,6,-1,0,0,-1,0
-2,1,1,20,42,2600,2615,-15,0,-1,199,-43,1,0,0,0,1
1,1,2,19,62,2615,2640,-25,0,13,-87,2,1,-1,0,-1,1
0,2,1,26,29,2600,2600,0,0,9,9,1,1,1,-1,-1,1
1,1,1,13,80,2600,2615,-15,0,29,-71,-5,0,0,0,1,0
4,0,0,16,61,2600,2640,-40,0,2,-398,1,0,0,0,-4,2
0,1,1,24,46,2625,2630,-5,0,-4,-4,7,0,0,0,1,0
0,1,2,18,66,2630,2625,5,0,-14,-14,5,-1,-1,0,2,-1
2,1,2,20,53,2625,2630,-5,1,651,451,10,0,-1,0,0,-1
1,0,0,13,80,2630,2625,5,-1,-1049,-1149,-2,-2,0,0,-2,-1
1,1,1,21,74,2625,2630,-5,0,210,110,0,1,0,-1,0,1
0,1,1,20,48,2675,2630,45,0,9,9,-5,1,0,0,1,0
1,1,1,15,80,2630,2610,20,1,643,543,5,0,0,0,-1,1
4,1,1,22,61,2630,2630,0,0,20,-380,-4,1,0,0,-1,0
0,1,1,20,80,2675,2715,-40,-1,-78,-78,0,-1,0,0,0,1
-1,1,1,19,80,2675,2610,65,1,531,631,3,0,0,1,5,-1
0,2,2,32,23,2610,2715,-105,0,58,58,6,0,0,0,0,0
-9,1,1,17,80,2630,2675,-45,0,18,918,-11,1,0,0,0,-1
0,0,0,16,80,2630,2715,-85,0,15,15,-5,0,0,0,1,0
0,1,1,12,80,2610,2630,-20,0,-5,-5,-4,1,0,0,0,0
-5,0,1,19,80,2715,2630,85,0,-165,335,-18,0,0,0,1,0
0,1,0,12,80,2630,2675,-45,0,0,0,4,2,0,0,1,0
0,1,1,28,45,2610,2630,-20,0,24,24,6,-2,0,0,0,0
-7,0,0,9,80,2715,2675,40,1,434,1134,-19,-1,0,0,1,0
0,1,0,14,80,2630,2630,0,0,5,5,6,1,0,0,0,0
0,1,1,28,41,2610,2675,-65,0,1,1,-1,0,0,1,0,1
0,0,1,18,80,2715,2610,105,1,27,27,4,0,0,0,-1,1
1,1,1,11,80,2675,2630,45,1,245,145,9,0,0,0,1,2
2,1,0,14,71,2715,2630,85,1,579,379,5,-1,0,0,-1,-1
-1,0,1,17,61,2630,2610,20,1,951,1051,14,1,0,1,3,0
0,2,2,28,29,2630,2715,-85,0,-29,-29,-3,0,0,0,0,0
-1,0,1,15,60,2610,2640,-30,0,0,100,-18,-1,0,1,5,-2
-2,0,0,16,77,2640,2610,30,1,362,562,-3,0,0,-1,1,0
0,0,0,14,61,2610,2640,-30,0,17,17,11,0,0,0,1,0
-3,2,1,17,58,2640,2610,30,-1,-652,-352,5,-2,1,1,-2,-2
0,1,1,16,71,2610,2640,-30,1,785,785,10,0,0,0,0,0
0,2,2,16,55,2640,2610,30,0,13,13,13,1,0,0,1,-1
0,0,1,10,80,2650,2610,40,0,26,26,7,1,0,0,0,0
-2,0,1,20,74,2615,2630,-15,-1,-853,-653,-2,1,0,-1,3,-1
1,0,0,13,80,2610,2630,-20,1,656,556,-3,0,0,0,1,-3
1,0,0,13,80,2650,2615,35,1,150,50,-11,-1,0,0,0,1
0,1,0,16,80,2630,2650,-20,0,1,1,7,1,0,-1,-1,1
-1,0,0,11,80,2615,2610,5,-1,-67,33,9,2,0,0,-1,0
3,0,1,19,80,2610,2650,-40,1,737,437,8,2,0,0,3,1
-5,0,0,13,80,2630,2615,15,1,146,646,-6,1,0,0,-1,0
-1,2,2,25,59,2610,2615,-5,0,59,159,4,1,0,0,1,-1
0,1,0,10,80,2630,2610,20,0,61,61,0,1,0,0,-2,0
-3,0,0,13,80,2615,2650,-35,-1,-666,-366,-2,1,0,1,3,-1
0,0,0,14,80,2610,2610,0,0,0,0,-8,0,0,0,1,0
0,1,0,18,80,2610,2610,0,0,0,0,3,1,0,0,2,-1
1,1,1,23,69,2610,2610,0,1,674,574,-12,0,0,0,0,0
0,1,2,20,80,2610,2610,0,0,22,22,14,1,-1,0,0,-1
0,0,1,16,80,2610,2610,0,-1,-160,-160,-9,-2,0,0,2,1
1,1,1,17,80,2610,2610,0,1,39,-61,1,0,0,-1,-3,2
-2,0,1,12,80,2625,2610,15,-1,-220,-20,-1,2,0,0,0,1
-1,1,0,15,80,2610,2600,10,-1,-348,-248,-6,-2,0,0,1,1
-2,0,1,12,80,2610,2610,0,-1,-542,-342,-12,-1,0,1,2,0
0,0,2,18,57,2775,2630,145,1,709,709,-1,2,-1,0,2,0
1,0,0,19,80,2775,2650,125,1,362,262,1,0,0,0,2,1
-5,2,2,23,46,2635,2615,20,0,24,524,-42,1,0,0,0,0
0,0,0,24,38,2635,2620,15,0,13,13,-9,1,0,0,0,0
0,1,1,18,80,2605,2635,-30,0,35,35,0,0,0,0,0,0
1,1,1,19,80,2620,2615,5,-1,-146,-246,13,0,0,0,1,0
0,2,2,28,28,2615,2605,10,0,80,80,19,0,0,0,1,0
1,0,0,9,80,2635,2655,-20,1,606,506,-5,0,0,0,1,-1
3,0,0,25,35,2655,2615,40,0,16,-284,3,1,0,0,0,0
0,2,2,28,30,2620,2605,15,0,17,17,8,-1,0,0,1,-1
0,1,1,24,27,2605,2655,-50,0,33,33,10,0,0,0,0,0
0,1,0,24,41,2620,2610,10,0,78,78,11,-1,0,0,0,0
1,0,0,17,80,2610,2615,-5,1,559,459,-6,0,0,0,2,0
0,0,1,24,80,2610,2650,-40,0,-25,-25,3,0,0,0,0,0
0,0,2,18,80,2610,2650,-40,0,0,0,-26,0,-1,1,4,-4
0,1,1,14,80,2610,2610,0,0,20,20,-4,0,0,0,1,0
1,1,2,15,65,2610,2640,-30,0,4,-96,-4,-1,-1,-1,-1,0
0,0,0,20,70,2640,2650,-10,0,0,0,-32,0,0,1,-2,-2
-4,1,1,18,80,2650,2610,40,-1,-391,9,-3,2,0,0,0,-3
0,2,2,26,30,2610,2635,-25,0,-8,-8,1,0,0,0,0,0
1,1,1,15,80,2615,2640,-25,1,419,319,-31,2,0,-1,-5,3
1,1,1,13,80,2610,2610,0,0,110,10,-11,0,0,0,-1,0
3,1,0,17,80,2650,2750,-100,1,604,304,4,0,0,0,-1,1
-2,1,0,18,59,2610,2610,0,0,8,208,43,1,0,-1,-1,1
0,1,1,22,63,2610,2610,0,0,9,9,13,-1,0,0,0,0
0,0,0,12,80,2750,2610,140,1,35,35,-5,-1,0,0,-2,1
1,1,1,13,80,2610,2615,-5,0,544,444,9,0,0,0,2,0
0,1,1,24,48,2750,2610,140,0,-28,-28,0,-1,0,-1,0,1
0,2,1,16,80,2635,2610,25,1,160,160,12,0,1,0,1,0
3,1,0,21,51,2610,2615,-5,0,-4,-304,6,-1,0,0,0,0
-1,0,1,13,80,2650,2635,15,-1,-590,-490,10,0,0,0,2,0
-2,0,0,12,80,2640,2750,-110,-1,-696,-496,-3,0,0,1,2,-2
2,0,0,14,80,2750,2610,140,1,615,415,4,1,0,0,3,1
1,1,0,19,47,2635,2610,25,0,31,-69,3,0,0,0,-1,1
-1,0,1,19,80,2610,2640,-30,-1,-258,-158,-16,1,0,0,1,1
-1,1,2,19,50,2640,2635,5,-1,-790,-690,-25,0,-1,0,-2,-1
0,0,0,14,80,2610,2610,0,-1,-20,-20,-29,-1,0,0,-2,1
0,1,0,16,63,2635,2610,25,0,24,24,0,0,0,0,1,0
-1,0,0,13,80,2650,2610,40,0,-1,99,-6,-2,0,0,0,-2
-1,1,2,19,74,2615,2750,-135,-1,-507,-407,4,0,-1,0,-1,0
0,1,1,18,80,2610,2640,-30,-1,-423,-423,-11,0,0,0,0,0
-1,1,1,13,80,2615,2635,-20,-1,-268,-168,-2,0,0,0,0,0
0,2,2,20,47,2610,2610,0,0,0,0,4,-1,0,0,-1,1
2,0,1,16,80,2640,2610,30,1,609,409,11,0,0,0,0,0
-3,0,1,9,80,2610,2615,-5,1,18,318,-10,0,0,0,0,1
0,2,1,18,58,2635,2750,-115,0,14,14,-5,-1,1,-1,0,0
-1,0,1,15,80,2615,2650,-35,-1,-439,-339,-10,0,0,0,1,0
0,0,0,12,80,2750,2610,140,0,0,0,4,0,0,0,2,0
0,0,0,14,80,2610,2750,-140,0,0,0,0,-1,0,0,-1,0
1,0,1,13,80,2610,2640,-30,0,47,-53,-1,1,0,0,0,1
0,0,0,14,65,2750,2610,140,0,4,4,-5,0,0,0,0,0
-1,1,1,17,62,2640,2610,30,-1,-326,-226,1,2,0,0,0,0
-3,0,1,17,80,2610,2640,-30,0,155,455,-2,1,0,-1,-1,1
4,0,0,14,80,2750,2610,140,0,0,-400,-23,-1,0,0,1,0
2,1,0,14,80,2640,2610,30,1,93,-107,-1,1,0,0,-1,1
-1,0,0,19,73,2610,2750,-140,1,1247,1347,41,2,0,0,0,1
-1,0,0,19,80,2610,2640,-30,0,141,241,22,0,0,0,-3,-1
0,0,0,10,80,2750,2610,140,0,-1,-1,-5,0,0,0,0,1
-1,0,0,11,80,2640,2610,30,0,0,100,-7,-1,0,0,-1,0
0,1,0,14,80,2610,2750,-140,-1,11,11,-9,0,0,0,0,0
-3,0,1,17,60,2610,2640,-30,-1,-1741,-1441,-5,2,0,0,1,0
2,0,0,10,80,2750,2610,140,1,465,265,12,1,0,0,0,0
-1,1,0,11,80,2640,2610,30,-1,-74,26,6,0,0,0,-1,0
1,1,1,13,80,2610,2750,-140,0,21,-79,1,1,0,0,-1,0
-1,0,1,21,39,2600,2640,-40,0,-4,96,18,-2,0,0,-1,0
0,1,1,18,80,2600,2600,0,-1,-715,-715,0,1,0,1,2,2
1,1,1,21,55,2640,2600,40,1,809,709,9,0,0,-1,-2,-2
0,1,1,14,69,2620,2600,20,0,223,223,-1,0,0,0,0,0
0,1,1,20,80,2610,2610,0,1,124,124,9,0,0,1,2,0
2,0,0,12,71,2610,2605,5,1,49,-151,4,0,0,0,0,0
-3,0,0,15,78,2630,2610,20,-1,296,596,0,1,0,-1,0,2
-1,2,2,25,52,2610,2620,-10,0,2,102,20,1,0,1,2,-1
-4,0,1,14,80,2610,2610,0,0,31,431,-20,1,0,0,-1,1
0,1,1,20,55,2615,2610,5,0,57,57,12,0,0,0,-3,1
3,1,0,15,61,2650,2600,50,0,0,-300,1,-1,0,-1,0,0
1,1,1,21,80,2605,2610,-5,1,286,186,-9,1,0,0,0,-1
1,1,1,19,80,2630,2615,15,1,336,236,9,0,0,0,0,1
0,2,1,26,31,2600,2600,0,0,-33,-33,10,-1,1,0,-2,1
0,0,1,12,80,2610,2750,-140,-1,-886,-886,-36,-2,0,0,1,-1
-1,0,0,9,80,2610,2600,10,-1,-663,-563,1,1,0,0,-2,-1
-1,0,0,11,76,2615,2620,-5,-1,-522,-422,4,-1,0,0,-1,0
-1,0,0,17,68,2610,2630,-20,-1,-10000,-9900,-44,1,0,0,0,0
2,0,1,18,67,2750,2610,140,1,759,559,-2,-1,0,-1,-4,1
2,0,0,14,80,2650,2610,40,1,889,689,1,2,0,-1,1,-1
0,0,0,10,80,2610,2650,-40,1,480,480,-20,-1,0,0,0,0
0,1,1,10,80,2620,2610,10,0,0,0,-3,1,0,0,0,0
0,0,1,16,80,2605,2750,-145,0,0,0,4,0,0,0,0,0
2,2,1,24,47,2610,2600,10,0,-15,-215,-3,2,1,0,-1,1
0,2,1,20,71,2630,2620,10,0,5,5,-8,1,1,0,0,0
1,0,0,17,72,2615,2600,15,0,0,-100,-30,-1,0,-1,1,1
-1,1,0,21,53,2610,2610,0,0,0,100,1,-2,0,1,-1,-2
-1,1,1,15,80,2750,2610,140,1,198,298,11,-1,0,1,3,-1
2,1,2,24,80,2650,2605,45,1,327,127,-8,-1,-1,0,-1,-1
1,1,0,13,80,2600,2610,-10,0,0,-100,-4,1,0,0,-2,-2
-3,1,0,19,76,2600,2610,-10,-1,-10000,-9700,-14,-1,0,-1,1,1
0,0,1,14,66,2605,2600,5,0,24,24,-19,0,0,0,1,1
0,1,1,14,71,2610,2610,0,0,0,0,-7,0,0,0,1,0
0,0,1,14,80,2610,2650,-40,0,9,9,1,1,0,0,0,0
0,1,0,18,51,2615,2610,5,0,-11,-11,14,0,0,0,0,0
-1,1,0,11,66,2610,2605,5,-1,-523,-423,-3,1,0,0,-3,1
0,1,0,16,80,2600,2610,-10,0,-5,-5,-10,0,0,0,0,2
0,1,1,26,22,2630,2600,30,0,-7,-7,6,-1,0,0,0,0
0,1,2,30,23,2600,2620,-20,0,-109,-109,0,0,-1,0,0,0
1,0,0,23,80,2610,2610,0,0,245,145,2,2,0,-1,0,-1
0,1,0,14,67,2610,2615,-5,1,518,518,1,2,0,0,-2,1
0,1,1,20,80,2750,2650,100,0,0,0,-13,0,0,-1,0,0
0,0,1,26,27,2610,2610,0,0,-10,-10,9,0,0,0,0,0
-4,0,1,14,80,2630,2610,20,-1,-449,-49,-28,-3,0,1,-2,0
-1,0,1,25,39,2610,2610,0,0,-2,98,12,1,0,0,1,1
-1,1,0,13,80,2615,2605,10,-1,-200,-100,13,1,0,0,-1,-1
0,0,0,28,51,2600,2750,-150,0,3,3,7,0,0,-1,0,0
0,1,2,26,27,2605,2610,-5,0,49,49,4,-1,-1,-1,1,0
-1,0,1,17,75,2650,2600,50,1,10000,10100,2,0,0,0,1,-2
0,2,1,16,80,2610,2630,-20,1,55,55,9,2,1,-1,-1,-1
0,0,0,16,80,2610,2615,-5,0,-9,-9,-6,1,0,-1,0,0
0,2,2,24,36,2610,2620,-10,0,24,24,-15,0,0,0,0,0
1,0,0,15,80,2750,2610,140,1,269,169,2,2,0,1,4,-1
0,0,1,12,80,2620,2610,10,-1,-165,-165,-2,0,0,0,0,-1
0,1,0,28,31,2610,2610,0,0,46,46,3,-1,0,1,0,0
0,2,2,28,23,2630,2605,25,0,29,29,1,0,0,0,0,0
-2,0,1,16,80,2610,2650,-40,-1,-286,-86,9,0,0,0,1,0
1,0,0,17,80,2610,2600,10,-1,-9,-109,-4,-1,0,-1,-2,-1
0,1,1,24,80,2610,2630,-20,0,-129,-129,-13,1,0,0,-2,1
0,1,1,14,80,2600,2610,-10,0,0,0,-6,0,0,-1,0,1
2,0,1,20,61,2605,2620,-15,0,-43,-243,8,0,0,0,0,2
0,1,1,12,80,2750,2615,135,1,66,66,-1,0,0,0,0,-2
0,1,0,18,80,2610,2750,-140,-1,-123,-123,10,1,0,0,2,-1
0,1,1,28,25,2615,2650,-35,0,29,29,6,0,0,0,0,0
0,2,2,32,41,2620,2610,10,0,28,28,-9,0,0,0,0,0
0,1,1,28,19,2600,2610,-10,0,3,3,1,0,0,0,0,0
-1,1,0,17,80,2750,2630,120,-1,-81,19,6,-1,0,1,1,-2
0,2,0,18,69,2600,2615,-15,1,10000,10000,15,0,1,0,2,2
-1,1,2,23,44,2650,2610,40,0,-24,76,1,-1,-1,0,1,0
0,1,0,24,32,2605,2600,5,0,40,40,3,0,0,0,1,0
0,1,0,10,80,2650,2620,30,0,8,8,8,0,0,-1,0,1
-3,0,1,17,52,2610,2610,0,0,9,309,12,2,0,0,1,0
0,2,2,26,23,2605,2610,-5,0,23,23,3,0,0,0,1,-1
0,1,0,20,80,2600,2630,-30,1,380,380,-34,2,0,0,2,0
0,1,1,28,21,2600,2610,-10,0,31,31,8,0,0,0,0,0
0,1,1,24,29,2615,2610,5,0,14,14,12,0,0,0,0,0
2,2,1,24,80,2630,2650,-20,1,632,432,8,2,1,0,1,0
-10,0,0,10,80,2610,2610,0,-1,-489,511,-20,0,0,0,0,0
-5,1,1,19,80,2620,2750,-130,1,305,805,0,2,0,0,0,1
-5,0,2,17,80,2610,2600,10,-1,-10000,-9500,-44,0,-1,0,0,-2
0,1,1,26,29,2615,2750,-135,0,8,8,8,2,0,0,0,0
1,1,0,13,80,2750,2615,135,1,393,293,16,1,0,-1,-2,3
-2,2,2,20,64,2615,2750,-135,-1,-880,-680,-17,-2,0,0,0,-1
0,2,1,18,78,2750,2615,135,0,-1,-1,-2,1,1,0,-1,0
1,0,1,15,64,2615,2750,-135,0,0,-100,4,-2,0,0,0,0
0,0,0,14,67,2610,2615,-5,1,671,671,23,0,0,1,4,-2
2,0,1,16,79,2635,2610,25,1,653,453,1,-1,0,0,0,-1
1,1,0,17,73,2610,2635,-25,0,0,-100,-5,0,0,0,1,0
0,1,1,14,80,2610,2605,5,0,1,1,0,-1,0,1,1,-1
1,1,1,17,58,2635,2615,20,0,2,-98,2,2,0,0,0,1
-2,2,2,22,80,2605,2610,-5,-1,82,282,8,-1,0,1,3,1
0,2,2,20,61,2775,2610,165,1,995,995,44,1,0,0,1,0
1,0,0,13,75,2635,2605,30,1,728,628,21,2,0,0,2,-1
1,1,1,19,54,2610,2775,-165,0,10,-90,-11,0,0,-1,0,-1
0,1,1,24,48,2605,2615,-10,0,15,15,5,-1,0,1,2,-2
0,0,1,20,80,2775,2635,140,1,631,631,18,-1,0,0,1,0
0,1,0,24,39,2610,2610,0,0,0,0,4,1,0,1,2,0
2,1,1,18,51,2775,2615,160,1,612,412,19,3,0,0,0,1
2,2,2,24,48,2605,2775,-170,-1,-680,-880,0,0,0,0,0,0
0,0,1,26,29,2615,2610,5,0,-93,-93,-9,-1,0,-1,-1,1
0,1,1,20,52,2615,2610,5,0,65,65,-4,0,0,0,0,0
-2,1,0,16,80,2610,2635,-25,1,468,668,3,-2,0,0,-1,0
0,0,0,22,57,2605,2610,-5,0,11,11,-5,-1,0,-1,-3,2
2,1,0,20,52,2635,2610,25,-1,-478,-678,-39,-1,0,-1,-2,3
0,1,1,26,30,2610,2775,-165,0,-4,-4,0,0,0,0,0,0
0,1,1,26,35,2610,2605,5,0,213,213,12,0,0,-1,0,0
1,1,1,21,50,2615,2635,-20,0,-146,-246,-2,2,0,0,1,-2
0,1,0,18,57,2775,2610,165,1,467,467,11,1,0,0,2,0
-1,2,2,23,38,2605,2635,-30,0,10,110,2,0,0,1,2,-1
0,2,2,26,39,2615,2605,10,0,82,82,-1,2,0,0,0,0
5,0,0,13,70,2635,2775,-140,0,0,-500,-23,1,0,0,1,0
-1,1,1,19,62,2615,2775,-160,-1,-557,-457,15,0,0,0,1,-1
1,1,1,23,41,2610,2610,0,0,0,-100,-20,0,0,0,0,1
4,1,1,16,59,2775,2605,170,1,795,395,14,0,0,0,1,-1
0,0,0,16,80,2610,2615,-5,0,43,43,3,1,0,0,-2,2
-1,1,1,13,80,2605,2600,5,0,30,130,4,0,0,0,2,-2
0,1,1,18,51,2625,2605,20,0,63,63,-1,0,0,0,0,0
-1,0,0,11,80,2605,2610,-5,0,12,112,-8,0,0,1,0,-2
9,1,1,11,75,2610,2600,10,1,1065,165,18,0,0,0,0,0
0,1,0,14,80,2600,2625,-25,0,0,0,6,-1,0,1,0,-3
3,1,0,23,31,2610,2625,-15,0,35,-265,21,0,0,0,0,0
0,0,0,14,80,2615,2655,-40,0,37,37,1,-1,0,0,0,-1
0,2,1,24,51,2620,2605,15,1,613,613,7,0,1,0,1,0
1,1,0,19,51,2605,2615,-10,0,20,-80,13,0,0,0,3,0
0,2,0,14,67,2605,2655,-50,1,882,882,5,-2,1,0,0,-1
0,0,0,18,56,2620,2615,5,0,9,9,-31,-2,0,0,0,0
0,1,0,16,80,2655,2620,35,0,62,62,1,0,0,0,0,0
3,2,2,25,51,2655,2615,40,0,-6,-306,0,0,0,0,-1,0
0,1,1,12,75,2605,2620,-15,0,4,4,-11,1,0,0,0,0
0,2,1,26,36,2615,2605,10,0,73,73,0,1,1,0,0,0
0,0,0,10,80,2655,2605,50,-1,-642,-642,-14,-2,0,1,0,0
1,0,0,11,80,2615,2620,-5,0,29,-71,1,1,0,0,0,1
0,1,2,26,32,2620,2655,-35,0,-10,-10,-3,0,-1,0,2,-1
1,0,0,13,80,2645,2600,45,1,364,264,14,-1,0,0,1,-1
0,0,0,14,80,2635,2605,30,0,-121,-121,6,-2,0,0,0,1
1,1,2,17,45,2775,2655,120,1,639,539,36,3,-1,0,0,1
0,0,0,12,73,2600,2605,-5,1,647,647,8,-1,0,0,-2,1
-6,1,1,20,74,2655,2645,10,-1,-683,-83,0,0,0,0,-1,-2
4,1,0,18,80,2600,2600,0,1,692,292,6,1,0,0,-1,0
0,0,1,16,80,2755,2775,-20,0,1,1,-24,1,0,1,0,0
0,2,2,20,80,2660,2635,25,0,19,19,5,-2,0,0,0,-1
0,2,2,32,33,2605,2620,-15,0,7,7,-3,0,0,0,0,0
0,1,0,26,36,2620,2600,20,0,-3,-3,-1,1,0,0,0,0
0,0,0,16,57,2645,2755,-110,0,2,2,5,-2,0,0,0,0
3,2,2,27,31,2620,2605,15,0,3,-297,9,-1,0,0,0,0
1,0,1,15,80,2775,2605,170,0,29,-71,8,0,0,0,-1,0
0,0,0,16,77,2600,2655,-55,1,640,640,7,1,0,0,0,-1
-2,1,1,18,80,2660,2775,-115,-1,-464,-264,15,0,0,-1,2,1
0,2,2,26,32,2600,2620,-20,0,30,30,3,0,0,0,0,0
0,0,0,14,80,2605,2645,-40,0,347,347,-6,1,0,1,-1,-1
-1,1,0,17,80,2755,2600,155,0,-2,98,-31,0,0,1,3,-2
-1,1,0,15,80,2655,2620,35,0,-36,64,0,0,0,0,-2,1
1,1,1,21,80,2645,2660,-15,-1,-492,-592,-1,0,0,-1,1,1
-1,1,1,17,80,2620,2655,-35,1,184,284,17,-1,0,0,-1,1
-1,0,0,13,56,2600,2605,-5,0,0,100,-22,2,0,0,2,-2
0,1,1,18,69,2775,2635,140,0,21,21,0,-1,0,-1,1,-2
2,1,1,16,67,2605,2620,-15,1,826,626,19,3,0,0,3,1
0,1,2,28,35,2660,2600,60,0,-51,-51,-5,0,-1,1,1,-1
0,0,0,16,80,2635,2645,-10,0,5,5,-5,2,0,0,0,0
1,0,1,21,80,2755,2620,135,1,150,50,19,0,0,0,1,0
1,1,1,15,75,2620,2605,15,1,10000,9900,37,-1,0,0,2,-1
0,0,0,10,80,2605,2600,5,0,13,13,2,0,0,0,-2,1
-1,1,2,27,37,2620,2660,-40,0,-784,-684,19,1,-1,0,1,2
0,0,0,18,80,2600,2635,-35,0,0,0,0,1,0,0,0,0
-2,0,0,12,80,2660,2620,40,0,0,200,-22,0,0,1,2,0
0,0,0,14,80,2635,2620,15,1,482,482,-2,0,0,1,-1,-1
1,0,0,11,80,2655,2605,50,0,26,-74,6,-1,0,0,-1,0
0,1,2,30,33,2775,2645,130,0,8,8,12,0,-1,0,0,0
0,1,1,24,29,2605,2755,-150,0,33,33,19,0,0,0,0,0
0,1,1,18,41,2620,2635,-15,0,-1,-1,1,-1,0,0,0,0
-3,0,1,19,68,2600,2655,-55,-1,-10000,-9700,-39,2,0,0,0,1
-1,0,0,21,80,2600,2775,-175,-1,-446,-346,-14,1,0,0,-1,0
-2,1,0,10,80,2775,2620,155,0,-5,195,-12,0,0,1,-1,0
0,1,0,22,80,2645,2600,45,-1,-12,-12,2,1,0,0,2,0
1,1,1,23,39,2605,2605,0,0,76,-24,0,0,0,0,0,-1
-2,0,0,18,80,2755,2600,155,1,859,1059,12,1,0,0,-3,0
5,0,0,21,53,2605,2660,-55,0,7,-493,9,0,0,0,0,0
-1,1,2,25,46,2620,2775,-155,0,58,158,2,0,-1,0,0,0
0,0,0,16,43,2655,2755,-100,0,14,14,-7,1,0,0,3,-1
1,1,0,21,33,2600,2605,-5,0,27,-73,-7,0,0,0,-2,2
-1,0,0,9,80,2620,2645,-25,0,0,100,4,0,0,0,3,-1
-2,0,0,10,80,2605,2655,-50,-1,-278,-78,-2,0,0,0,1,-1
-2,2,1,20,69,2660,2600,60,1,764,964,3,-1,1,0,-1,0
0,0,0,14,71,2635,2605,30,0,4,4,2,0,0,0,0,0
0,0,0,12,80,2645,2620,25,1,277,277,-24,0,0,0,-2,1
1,1,2,21,62,2600,2620,-20,-1,-1045,-1145,0,0,-1,0,0,-1
-1,1,1,17,59,2755,2605,150,0,8,108,2,0,0,1,1,-3
0,2,1,20,80,2655,2660,-5,0,74,74,10,0,1,0,1,-1
0,0,0,22,41,2600,2635,-35,0,-22,-22,33,0,0,0,0,0
-2,1,0,20,66,2620,2600,20,-1,-369,-169,6,0,0,1,2,-2
0,0,0,16,64,2635,2655,-20,0,3,3,1,1,0,1,1,-2
1,0,0,11,80,2620,2620,0,1,104,4,-11,0,0,0,1,0
0,1,1,20,50,2775,2605,170,0,5,5,3,0,0,0,0,0
0,1,1,26,26,2660,2755,-95,0,0,0,7,0,0,0,-1,0
2,1,1,16,80,2605,2660,-55,1,608,408,1,-2,0,0,1,1
0,2,0,16,80,2755,2635,120,1,66,66,3,1,1,0,-1,0
0,1,1,26,24,2605,2645,-40,0,37,37,-8,0,0,0,0,0
0,1,1,12,80,2600,2775,-175,0,0,0,-5,0,0,0,0,1
1,1,1,19,41,2635,2620,15,0,9,-91,12,0,0,0,-1,0
2,0,0,12,80,2600,2605,-5,1,430,230,4,0,0,-1,0,2
0,2,2,22,43,2610,2775,-165,0,6,6,15,1,0,-1,-1,-1
0,1,1,18,49,2600,2610,-10,0,6,6,28,1,0,1,0,0
0,1,0,18,80,2605,2620,-15,0,-24,-24,-5,1,0,1,1,0
0,1,0,14,80,2610,2605,5,0,43,43,0,1,0,0,0,1
0,2,2,22,63,2635,2660,-25,0,-62,-62,-5,0,0,0,1,-1
5,1,1,17,59,2660,2635,25,1,964,464,12,2,0,0,0,1
0,0,1,18,80,2775,2635,140,0,63,63,-5,-3,0,0,0,1
0,1,1,10,80,2635,2600,35,0,0,0,-6,-2,0,0,-2,-1
1,1,2,19,80,2620,2660,-40,1,597,497,-2,-2,-1,0,3,0
-3,0,0,11,74,2635,2775,-140,-1,-538,-238,6,0,0,1,1,0
1,1,1,21,80,2775,2620,155,1,255,155,15,1,0,0,-1,0
0,2,2,22,37,2600,2635,-35,0,4,4,1,2,0,0,0,0
0,0,1,14,80,2610,2635,-25,-1,-6,-6,-7,1,0,0,0,0
0,1,1,22,80,2620,2600,20,0,7,7,-10,1,0,0,-1,1
1,2,2,27,43,2635,2610,25,0,56,-44,4,0,0,-1,-3,2
5,0,1,19,79,2605,2660,-55,1,10000,9500,8,0,0,1,2,0
0,1,2,18,80,2635,2605,30,0,0,0,-12,-2,-1,-1,0,0
-1,0,1,11,80,2660,2775,-115,-1,23,123,-1,0,0,0,0,0
0,1,1,22,45,2635,2635,0,0,17,17,0,-1,0,0,-1,1
-1,0,1,21,54,2600,2660,-60,0,21,121,22,0,0,0,-2,-1
0,0,1,14,80,2605,2775,-170,-1,-204,-204,-2,0,0,-1,-4,-1
2,1,1,20,69,2635,2605,30,1,703,503,17,1,0,1,1,-1
0,1,0,14,73,2660,2610,50,-1,-467,-467,12,-1,0,0,1,-1
0,0,1,14,80,2775,2600,175,1,522,522,15,1,0,0,-2,0
0,2,1,26,37,2620,2635,-15,0,15,15,-3,1,1,0,0,0
0,0,0,14,80,2600,2625,-25,0,164,164,1,2,0,1,2,-2
-1,1,0,19,80,2605,2640,-35,-1,-76,24,-2,2,0,0,0,0
-6,2,1,16,60,2605,2600,5,0,13,613,-31,0,1,1,2,1
0,0,0,14,80,2640,2610,30,0,3,3,-7,1,0,-1,-2,1
-5,0,1,11,80,2600,2640,-40,-1,-638,-138,-39,-1,0,0,1,-1
0,1,0,16,70,2610,2625,-15,0,9,9,-8,1,0,0,1,0
-1,0,0,9,80,2625,2605,20,0,-3,97,2,0,0,0,1,0
-5,2,0,17,74,2610,2600,10,-1,-604,-104,14,0,1,0,1,1
2,1,1,16,80,2605,2610,-5,1,344,144,3,1,0,0,0,-1
0,1,0,14,76,2640,2625,15,0,8,8,4,1,0,0,-2,0
1,1,0,17,79,2640,2605,35,1,200,100,17,-1,0,0,0,1
2,1,0,16,80,2625,2600,25,1,213,13,-8,-1,0,0,0,1
-1,2,1,15,80,2610,2640,-30,0,12,112,-2,-1,1,0,0,-1
0,2,2,28,31,2600,2605,-5,0,-109,-109,14,-1,0,0,0,0
-1,0,0,19,60,2625,2610,15,-1,996,1096,6,-1,0,0,1,0
-6,0,1,14,60,2640,2600,40,0,0,600,-20,-1,0,1,2,-1
1,1,0,17,65,2605,2625,-20,1,604,504,10,0,0,0,0,0
0,1,0,28,32,2600,2610,-10,0,-20,-20,-1,0,0,1,0,0
0,2,1,26,29,2610,2605,5,0,7,7,20,1,1,0,0,0
0,2,1,20,59,2625,2640,-15,1,784,784,25,0,1,0,-1,0
1,0,0,11,80,2610,2600,10,-1,0,-100,4,-1,0,0,-1,-2
1,1,1,13,80,2615,2600,15,0,292,192,2,1,0,0,1,0
1,1,1,17,80,2615,2610,5,1,435,335,11,0,0,0,1,0
-3,0,1,13,80,2615,2600,15,1,348,648,-8,1,0,0,0,0
0,0,1,12,80,2680,2635,45,1,85,85,5,-1,0,0,-3,1
0,1,1,20,51,2635,2680,-45,1,10000,10000,4,1,0,0,-1,-1
0,2,1,16,75,2635,2680,-45,0,-88,-88,-2,-2,1,0,1,0
-2,0,0,12,80,2635,2680,-45,-1,-468,-268,-1,0,0,1,2,1
0,1,1,10,80,2680,2635,45,0,14,14,-20,0,0,0,-2,-1
0,0,0,12,72,2680,2635,45,-1,-878,-878,-18,0,0,0,0,0
-1,0,1,13,80,2680,2730,-50,0,-121,-21,-2,0,0,0,2,0
0,1,1,24,80,2730,2680,50,1,-33,-33,-6,-1,0,0,0,0
0,1,1,12,80,2680,2730,-50,0,1,1,-8,1,0,0,0,0
2,1,1,14,75,2730,2680,50,1,10000,9800,51,0,0,0,1,1
-3,2,1,17,72,2680,2730,-50,-1,-884,-584,-9,-1,1,1,-2,-2
0,0,0,12,80,2730,2680,50,0,0,0,-8,0,0,0,1,-1
-1,0,1,13,80,2680,2730,-50,0,-210,-110,2,0,0,0,2,0
0,1,1,24,80,2730,2680,50,1,-22,-22,-6,-1,0,0,0,0
-2,2,1,18,75,2680,2730,-50,0,0,200,24,0,1,0,1,-2
1,0,1,13,80,2730,2680,50,0,293,193,-4,-1,0,0,2,0
0,1,1,12,80,2680,2730,-50,0,8,8,-8,1,0,0,0,0
2,1,1,14,75,2730,2680,50,1,10000,9800,51,0,0,0,1,1
-4,1,2,18,80,2680,2730,-50,-1,0,400,8,0,-1,0,1,1
0,1,1,24,62,2635,2665,-30,0,55,55,2,-1,0,0,0,0
0,0,0,14,80,2615,2640,-25,1,100,100,6,0,0,0,-1,-1
2,2,1,20,63,2615,2610,5,1,668,468,6,1,1,1,4,-3
5,0,2,19,70,2615,2635,-20,-1,-1109,-1609,1,-1,-1,0,0,-1
0,1,1,20,80,2635,2645,-10,-1,-212,-212,-2,0,0,1,0,0
0,0,0,12,80,2635,2615,20,0,0,0,-2,2,0,0,0,0
0,1,0,20,62,2625,2635,-10,0,5,5,14,0,0,0,1,0
-1,0,1,13,80,2665,2800,-135,-1,0,100,1,0,0,-1,-2,1
0,1,1,22,40,2645,2665,-20,0,1,1,11,0,0,0,0,0
0,2,1,20,71,2640,2610,30,1,1972,1972,25,2,1,0,-1,1
1,1,1,17,80,2605,2625,-20,1,605,505,11,1,0,1,3,-2
0,0,1,14,80,2615,2800,-185,0,-7,-7,7,0,0,0,-1,1
0,0,2,18,80,2645,2615,30,-1,-31,-31,-21,0,-1,0,1,0
-1,0,1,13,80,2800,2635,165,1,430,530,-3,2,0,0,0,-1
-1,1,0,19,54,2605,2800,-195,-1,-664,-564,-38,-1,0,0,-1,0
0,0,0,12,80,2610,2625,-15,1,106,106,-4,0,0,0,-1,-1
-2,0,1,10,80,2625,2665,-40,-1,-564,-364,1,0,0,0,-2,-1
0,0,0,18,48,2610,2665,-55,0,7,7,9,0,0,0,-1,1
-1,1,0,13,54,2800,2625,175,0,-41,59,0,0,0,0,0,-1
4,1,0,20,63,2635,2610,25,1,866,466,9,-1,0,1,1,0
-1,0,0,9,80,2605,2615,-10,0,3,103,-7,0,0,0,-1,0
-2,2,1,20,70,2635,2605,30,-1,-404,-204,-14,1,1,0,1,-1
0,0,0,22,49,2640,2625,15,0,27,27,7,1,0,1,2,1
2,0,0,18,80,2610,2800,-190,1,508,308,-10,0,0,0,0,0
0,1,2,26,42,2605,2610,-5,-1,-38,-38,9,0,-1,0,0,0
1,1,1,17,80,2615,2800,-185,-1,-392,-492,-10,1,0,-1,1,2
3,0,0,17,80,2665,2640,25,1,76,-224,-8,0,0,0,-1,0
0,1,1,16,80,2800,2645,155,0,32,32,5,1,0,0,-2,1
1,0,1,11,80,2640,2800,-160,0,10,-90,4,0,0,0,-2,0
1,0,0,9,80,2610,2645,-35,0,333,233,4,0,0,-1,-1,1
1,1,1,11,80,2615,2605,10,0,46,-54,1,1,0,0,-1,0
-1,1,0,19,80,2640,2635,5,-1,-586,-486,-2,-1,0,1,1,-1
1,2,2,15,60,2730,2800,-70,0,7,-93,-2,0,0,0,-1,0
-4,1,1,16,80,2800,2730,70,1,788,1188,3,1,0,0,0,1
1,1,2,17,80,2730,2800,-70,0,-51,-151,-1,2,-1,0,0,-1
-2,1,0,16,80,2800,2730,70,0,0,200,11,1,0,0,0,-1
0,1,1,16,71,2730,2800,-70,0,2,2,-1,0,0,0,0,0
-1,1,1,15,80,2800,2730,70,0,52,152,18,1,0,0,-1,-1
0,0,0,14,80,2730,2800,-70,1,381,381,2,1,0,0,2,-1
2,1,0,14,80,2800,2730,70,0,-48,-248,-27,0,0,0,2,-1
2,2,1,16,67,2730,2800,-70,0,6,-194,12,-2,1,0,-1,0
0,2,2,24,35,2800,2730,70,0,13,13,37,1,0,0,0,0
9,1,1,21,48,2730,2800,-70,0,0,-900,-23,-2,0,0,1,-1
0,1,1,18,73,2800,2730,70,0,-37,-37,7,1,0,0,0,0
0,0,0,14,80,2730,2800,-70,0,0,0,1,0,0,0,0,1
0,0,0,12,80,2800,2730,70,0,0,0,-11,1,0,0,2,-2
0,1,1,16,66,2730,2800,-70,0,0,0,-32,0,0,0,0,2
1,1,1,13,80,2800,2730,70,1,74,-26,-3,0,0,0,1,-1
0,1,1,20,79,2730,2800,-70,1,556,556,6,0,0,0,-1,1
1,0,1,19,80,2800,2730,70,1,302,202,19,0,0,0,0,0
1,2,1,23,78,2730,2800,-70,0,-161,-261,-17,-1,1,0,0,1
5,1,1,15,80,2800,2730,70,1,786,286,13,1,0,0,0,0
1,1,1,19,80,2730,2800,-70,0,118,18,7,0,0,0,-1,-1
0,0,1,12,80,2800,2730,70,0,5,5,-9,1,0,-1,-1,2
2,2,1,20,57,2730,2800,-70,1,677,477,9,0,1,0,1,-1
4,2,0,20,71,2800,2730,70,0,274,-126,-7,0,1,0,-1,1
1,1,1,19,80,2600,2655,-55,1,314,214,-2,0,0,0,1,1
-5,0,0,15,80,2650,2600,50,-1,-587,-87,-11,-3,0,0,1,-1
0,1,1,26,43,2655,2600,55,0,-13,-13,6,-1,0,0,-1,1
0,1,1,14,80,2680,2610,70,1,33,33,-5,-2,0,0,-2,2
7,0,0,17,71,2600,2640,-40,1,828,128,16,2,0,-1,-1,3
0,2,2,32,13,2615,2615,0,0,52,52,-9,2,0,0,0,0
2,0,0,16,79,2600,2600,0,1,465,265,5,1,0,0,1,-1
0,1,1,18,54,2600,2630,-30,0,12,12,-3,0,0,0,0,0
0,1,2,24,52,2635,2600,35,0,0,0,11,1,-1,1,1,-1
-1,1,1,19,80,2630,2600,30,1,285,385,2,-1,0,0,-1,-1
0,0,1,14,80,2600,2630,-30,1,20,20,4,1,0,0,1,0
-3,1,0,17,72,2600,2680,-80,-1,-10000,-9700,-13,0,0,0,-2,0
0,1,1,18,80,2640,2600,40,1,214,214,-13,-1,0,0,0,0
1,2,2,25,37,2600,2680,-80,0,-17,-117,19,-1,0,0,0,1
0,2,2,22,51,2600,2615,-15,0,2,2,-4,0,0,0,0,0
1,1,0,11,80,2600,2640,-40,0,140,40,11,1,0,0,0,1
0,2,1,22,43,2680,2680,0,0,-18,-18,6,-1,1,-1,0,2
0,2,2,24,29,2610,2635,-25,0,-44,-44,-11,0,0,0,0,0
0,2,1,26,43,2615,2600,15,0,-40,-40,-5,-1,1,0,0,0
8,0,0,18,79,2600,2610,-10,1,754,-46,12,0,0,0,0,-1
0,2,2,28,29,2680,2630,50,0,1,1,6,0,0,0,1,0
1,0,0,13,80,2640,2615,25,1,198,98,-2,1,0,-1,-2,1
0,1,1,26,23,2615,2680,-65,0,13,13,-20,0,0,0,0,0
3,1,1,15,80,2680,2600,80,1,421,121,1,0,0,0,1,1
-1,2,1,23,43,2640,2680,-40,0,30,130,4,0,1,0,0,1
-1,0,0,13,80,2630,2615,15,0,0,100,-3,-1,0,0,-1,-1
0,0,0,16,80,2615,2600,15,1,59,59,-2,0,0,0,0,0
0,1,0,14,69,2600,2615,-15,0,4,4,-1,0,0,0,1,0
-1,1,1,21,65,2610,2635,-25,1,964,1064,29,-1,0,-1,-1,0
-1,2,2,27,80,2615,2655,-40,1,162,262,13,-1,0,0,0,-2
1,2,1,27,25,2615,2600,15,0,33,-67,16,-2,1,-1,-3,2
-4,0,2,26,26,2680,2615,65,0,-145,255,14,2,-1,2,1,-1
0,2,2,32,32,2680,2640,40,0,217,217,9,0,0,0,0,0
0,1,0,24,51,2615,2610,5,0,7,7,2,-1,0,-1,-1,1
0,2,2,26,32,2640,2615,25,0,4,4,2,0,0,0,0,0
-1,1,1,17,62,2600,2680,-80,0,2,102,-2,0,0,0,1,-1
0,2,2,28,41,2630,2680,-50,0,13,13,-11,1,0,0,0,0
2,0,0,18,80,2680,2615,65,1,622,422,7,0,0,0,0,1
0,2,2,30,19,2615,2600,15,0,32,32,14,-1,0,0,0,0
0,1,1,20,50,2610,2630,-20,0,-57,-57,15,0,0,0,-1,0
-1,2,2,25,34,2615,2680,-65,0,-139,-39,5,1,0,0,3,1
-1,0,0,13,75,2610,2640,-30,1,779,879,-3,-1,0,1,2,-3
0,2,2,28,21,2630,2615,15,0,12,12,5,1,0,0,0,0
0,1,0,16,80,2640,2610,30,-1,-664,-664,10,0,0,0,2,0
-2,2,1,14,80,2615,2615,0,0,10,210,13,0,1,0,2,-1
0,0,0,16,80,2680,2655,25,1,317,317,-31,-2,0,0,0,0
0,2,2,30,23,2610,2680,-70,0,100,100,-6,1,0,0,0,0
0,1,1,16,59,2665,2600,65,1,742,742,-5,-1,0,0,2,0
-1,2,2,29,28,2600,2605,-5,0,21,121,4,0,0,1,0,-1
0,1,1,28,40,2640,2610,30,0,-13,-13,-5,-1,0,-2,-1,1
-3,1,1,21,44,2600,2615,-15,0,-21,279,-16,0,0,0,0,0
2,1,1,26,80,2605,2610,-5,0,-23,-223,-3,-1,0,-1,-1,0
0,0,0,10,80,2640,2600,40,0,18,18,-3,-1,0,0,0,-1
5,2,2,23,51,2615,2605,10,1,676,176,52,0,0,0,0,0
-1,1,0,17,80,2615,2640,-25,-1,-734,-634,-2,0,0,0,-1,1
0,2,2,26,50,2600,2610,-10,0,4,4,8,-1,0,0,0,0
0,1,1,24,40,2640,2605,35,0,11,11,15,-2,0,0,0,0
-6,0,1,22,43,2610,2615,-5,0,0,600,32,2,0,1,3,0
-1,1,1,17,48,2635,2630,5,0,2,102,4,0,0,1,2,-1
2,0,0,18,61,2610,2610,0,1,590,390,9,-1,0,0,0,0
1,0,0,11,80,2680,2610,70,1,606,506,-1,1,0,0,0,2
-1,0,0,11,80,2635,2630,5,0,17,117,2,-2,0,0,1,0
2,2,0,12,72,2600,2680,-80,1,584,384,9,1,1,0,3,1
-1,0,0,17,80,2615,2680,-65,-1,-251,-151,-6,0,0,0,0,-1
-1,0,0,11,80,2630,2665,-35,0,0,100,-2,0,0,0,2,0
0,1,1,16,80,2635,2615,20,-1,-397,-397,-3,0,0,0,1,-1
0,1,0,22,59,2600,2630,-30,0,8,8,-5,0,0,0,0,0
2,1,0,18,56,2635,2665,-30,0,-6,-206,-18,-2,0,0,-1,0
2,0,0,8,80,2630,2680,-50,0,15,-185,1,0,0,0,-2,1
0,2,1,18,72,2600,2635,-35,-1,-1061,-1061,-36,1,1,0,0,0
1,0,0,7,80,2665,2615,50,0,0,-100,-6,-1,0,0,1,-1
0,1,1,14,80,2600,2615,-15,0,0,0,6,1,0,0,0,-1
-10,1,1,12,80,2680,2665,15,-1,-330,670,-31,-1,0,0,1,-2
0,1,1,12,68,2665,2600,65,0,3,3,1,-1,0,0,-2,1
0,1,0,18,71,2615,2630,-15,1,689,689,31,2,0,-1,0,-1
4,1,0,12,80,2635,2680,-45,1,408,8,2,-1,0,0,-1,2
-1,1,0,17,80,2680,2600,80,0,-119,-19,1,1,0,1,1,0
1,0,0,15,80,2630,2635,-5,1,40,-60,13,3,0,0,0,0
0,1,1,18,80,2680,2615,65,0,-232,-232,1,3,0,1,1,-1
0,1,1,16,73,2665,2630,35,0,-47,-47,-4,3,0,0,2,-1
-1,1,1,19,56,2615,2635,-20,-1,-10000,-9900,-41,-1,0,0,1,0
0,1,0,12,78,2630,2600,30,0,31,31,-13,0,0,0,1,-1
1,0,1,15,80,2680,2630,50,0,36,-64,-11,0,0,0,1,1
2,0,0,18,80,2665,2635,30,1,518,318,4,0,0,0,0,0
-5,0,1,19,60,2635,2600,35,0,0,500,5,2,0,1,2,0
1,0,1,13,80,2615,2665,-50,1,170,70,4,0,0,0,1,0
1,1,1,15,80,2665,2680,-15,1,288,188,3,1,0,0,0,0
1,0,0,13,80,2615,2600,15,0,0,-100,-12,0,0,0,0,0
-2,1,1,12,72,2630,2615,15,-1,-528,-328,-8,0,0,0,-2,1
-9,0,0,19,59,2680,2635,45,1,10000,10900,27,1,0,0,2,0
-3,0,1,13,80,2600,2665,-65,-1,-532,-232,-5,0,0,0,1,-1
0,1,0,18,43,2625,2630,-5,0,1,1,11,0,0,0,0,0
2,1,1,20,80,2635,2645,-10,1,372,172,8,-1,0,0,1,-2
0,1,0,16,52,2625,2635,-10,0,-125,-125,-36,0,0,0,0,-1
0,0,1,16,80,2635,2630,5,1,649,649,-12,1,0,0,0,-2
0,1,0,18,59,2600,2605,-5,0,30,30,2,-1,0,0,2,-1
0,1,1,16,58,2600,2645,-45,0,34,34,4,-1,0,0,0,0
3,0,1,9,80,2625,2600,25,1,567,267,1,0,0,-1,-1,-1
1,1,1,15,66,2600,2635,-35,1,650,550,-9,2,0,0,0,1
0,1,1,18,52,2630,2605,25,0,-1,-1,5,0,0,0,1,-1
0,0,0,22,80,2645,2605,40,0,46,46,8,0,0,0,-1,0
2,0,0,14,77,2605,2625,-20,1,611,411,10,2,0,0,1,1
0,1,1,16,49,2600,2630,-30,0,7,7,1,-1,0,0,0,0
1,1,1,13,63,2630,2645,-15,0,6,-94,12,-1,0,0,-1,0
0,1,0,14,80,2635,2605,30,0,47,47,10,1,0,0,1,0
-1,0,0,13,80,2645,2625,20,1,60,160,-11,0,0,0,1,-1
0,0,0,14,60,2730,2610,120,0,2,2,-13,1,0,0,0,0
0,1,1,24,32,2605,2610,-5,0,45,45,4,-1,0,0,0,0
-1,1,1,19,80,2730,2620,110,0,1,101,6,0,0,1,2,-1
0,1,1,22,29,2605,2620,-15,0,-6,-6,11,-1,0,0,0,0
2,1,0,22,70,2730,2630,100,1,316,116,3,0,0,0,-2,1
1,0,0,11,80,2620,2610,10,1,130,30,2,0,0,0,1,1
0,2,2,22,44,2605,2630,-25,0,17,17,4,-1,0,0,1,-1
1,0,0,11,80,2630,2610,20,1,0,-100,0,-1,0,0,-1,0
-1,0,0,15,73,2630,2620,10,0,0,100,26,-1,0,0,1,-1
1,1,1,23,47,2605,2730,-125,0,69,-31,-15,1,0,0,0,0
0,0,0,16,80,2635,2680,-45,0,0,0,3,1,0,0,-1,0
0,0,0,12,80,2645,2625,20,0,26,26,0,0,0,0,1,1
0,0,0,14,80,2635,2645,-10,0,8,8,-1,0,0,0,1,-1
0,0,1,20,68,2680,2625,55,0,-312,-312,8,0,0,0,2,1
0,1,1,18,79,2625,2635,-10,1,657,657,13,1,0,0,1,1
3,2,1,25,51,2645,2680,-35,1,596,296,9,-1,1,0,2,1
1,0,0,17,80,2625,2645,-20,1,775,675,1,1,0,0,1,1
0,0,1,16,80,2680,2635,45,1,552,552,8,1,0,0,1,0
0,0,0,12,69,2635,2625,10,0,0,0,2,0,0,1,2,-2
1,0,0,17,80,2680,2645,35,0,25,-75,-19,0,0,0,-1,1
-1,0,0,19,67,2645,2635,10,1,10000,10100,24,1,0,1,2,-1
0,1,1,24,34,2625,2680,-55,0,84,84,9,0,0,1,1,-1
0,1,1,16,80,2695,2630,65,0,-12,-12,4,0,0,0,-1,0
1,1,0,15,66,2695,2630,65,-1,-741,-841,-24,0,0,0,-3,-1
-2,0,0,16,80,2695,2630,65,1,359,559,-7,2,0,0,3,0
-1,1,0,15,76,2630,2695,-65,-1,-10000,-9900,-2,0,0,0,1,0
1,0,0,15,65,2630,2695,-65,0,-14,-114,-9,-2,0,-1,-1,-1
3,2,0,15,60,2630,2695,-65,0,0,-300,-35,1,1,0,-1,0
-1,1,2,15,56,2615,2610,5,-1,-575,-475,-15,1,-1,0,-2,1
-2,0,0,22,80,2600,2615,-15,-1,-319,-119,-10,1,0,0,1,0
3,0,2,19,80,2680,2615,65,1,649,349,5,1,-1,0,1,0
1,0,0,15,61,2600,2620,-20,0,4,-96,-2,-1,0,1,1,0
5,1,2,27,24,2600,2610,-10,0,0,-500,-36,-2,-1,0,0,-1
-1,0,0,15,73,2600,2615,-15,1,867,967,-3,0,0,0,-1,1
3,1,0,15,80,2615,2600,15,1,679,379,20,0,0,-2,-1,0
0,1,0,10,76,2625,2610,15,1,327,327,0,1,0,0,0,1
0,1,2,28,34,2640,2605,35,0,29,29,11,0,-1,0,0,0
2,1,0,16,59,2615,2630,-15,1,526,326,28,1,0,0,0,0
2,1,0,12,80,2640,2650,-10,1,544,344,11,1,0,0,2,1
0,0,1,22,80,2635,2640,-5,1,198,198,4,1,0,0,0,-1
-1,1,1,17,80,2650,2725,-75,-1,-132,-32,-10,-1,0,1,1,0
2,0,0,10,80,2605,2610,-5,1,589,389,7,0,0,0,1,-1
0,0,2,18,75,2695,2800,-105,1,10000,10000,37,1,-1,1,4,-3
0,1,1,24,44,2700,2630,70,0,-169,-169,0,-1,0,0,0,0
1,0,0,13,80,2640,2650,-10,1,732,632,-3,1,0,0,1,0
-1,0,0,13,80,2650,2630,20,-1,-276,-176,2,-1,0,0,-2,-2
0,1,0,18,73,2610,2695,-85,0,17,17,1,1,0,0,0,0
0,0,1,16,80,2725,2635,90,-1,-547,-547,3,0,0,0,2,-1
7,1,0,17,75,2800,2700,100,1,887,187,9,-1,0,0,-3,0
0,1,1,22,80,2645,2605,40,-1,-51,-51,-2,0,0,-1,-1,0
1,0,1,15,80,2605,2640,-35,1,225,125,-32,3,0,0,1,1
0,1,2,22,58,2630,2800,-170,0,15,15,-3,0,-1,0,0,0
0,0,1,14,80,2650,2650,0,0,27,27,2,-1,0,0,-1,0
1,0,0,11,80,2695,2645,50,0,30,-70,6,0,0,0,-1,-1
0,1,0,12,80,2700,2610,90,0,-11,-11,-21,-1,0,-1,-3,0
0,0,1,20,80,2635,2640,-5,-1,197,197,-5,0,0,1,1,0
-2,0,1,16,80,2645,2700,-55,-1,-357,-157,-4,0,0,0,-1,0
-1,1,1,13,80,2650,2800,-150,-1,-518,-418,-2,0,0,0,1,0
0,0,0,14,80,2725,2605,120,0,14,14,3,-1,0,-1,-3,0
0,1,0,22,65,2610,2630,-20,0,-31,-31,10,0,0,0,0,-1
-3,1,2,21,80,2640,2695,-55,-1,-476,-176,-25,0,-1,-1,-2,0
1,1,1,5,80,2650,2635,15,0,0,-100,8,1,0,0,-1,0
0,0,1,16,80,2800,2610,190,0,354,354,10,0,0,0,0,0
-1,0,0,17,69,2695,2725,-30,1,1,101,7,-1,0,-1,1,-1
0,1,1,20,80,2700,2640,60,1,436,436,0,-1,0,0,0,1
0,0,1,20,80,2630,2645,-15,0,5,5,-2,1,0,0,-1,1
-3,1,0,17,60,2635,2650,-15,-1,-597,-297,-14,1,0,0,0,-3
-2,0,0,14,74,2605,2640,-35,-1,-689,-489,-6,0,0,1,2,-1
0,0,1,10,80,2650,2605,45,0,-29,-29,-7,1,0,0,2,1
1,0,0,15,49,2640,2695,-55,0,0,-100,-6,-1,0,0,-1,0
-1,1,0,15,80,2640,2630,10,0,0,100,12,1,0,-1,1,3
0,0,0,12,80,2650,2610,40,0,4,4,-11,-1,0,0,0,0
0,2,2,26,62,2645,2800,-155,0,-14,-14,-12,-1,0,0,2,-1
0,0,0,12,80,2725,2700,25,1,201,201,-8,0,0,0,1,0
0,1,1,16,80,2695,2650,45,0,0,0,3,0,0,0,1,0
1,0,0,17,57,2800,2640,160,1,583,483,28,0,0,0,-1,0
1,1,0,17,80,2630,2725,-95,0,206,106,11,1,0,0,-1,1
-3,0,1,17,80,2605,2635,-30,-1,-697,-397,-12,-1,0,0,4,-2
0,1,0,18,64,2700,2640,60,-1,-902,-902,2,-1,0,0,0,1
0,0,0,14,80,2610,2645,-35,0,9,9,9,1,0,1,0,1
0,2,2,16,64,2725,2800,-75,0,4,4,11,0,0,0,0,0
1,0,0,17,80,2640,2630,10,1,482,382,11,-1,0,-1,0,1
-2,0,1,12,80,2640,2610,30,-1,-539,-339,0,0,0,0,1,0
0,0,0,22,80,2650,2700,-50,1,707,707,-2,2,0,0,1,0
-1,1,0,9,78,2650,2645,5,0,-8,92,0,1,0,0,0,1
-1,1,2,23,66,2635,2695,-60,-1,-848,-748,-10,-3,-1,0,0,-1
2,1,1,14,75,2630,2650,-20,1,421,221,4,0,0,0,-2,2
1,0,1,13,80,2645,2640,5,1,43,-57,-12,-1,0,0,-1,1
0,2,1,22,67,2800,2640,160,1,699,699,14,0,1,0,0,0
1,0,0,13,80,2610,2725,-115,1,423,323,11,1,0,0,2,0
3,0,1,19,72,2605,2650,-45,1,632,332,-2,2,0,-2,1,3
0,1,2,20,80,2700,2635,65,1,34,34,8,0,-1,0,1,1
-2,0,1,20,80,2650,2800,-150,-1,-629,-429,-5,1,0,0,-2,-1
0,0,0,14,80,2605,2695,-90,0,-54,-54,0,2,0,0,0,0
3,2,1,27,60,2725,2645,80,0,0,-300,-41,-2,1,-1,-1,1
2,1,1,16,80,2650,2640,10,1,661,461,7,-1,0,-1,1,2
4,0,0,14,80,2640,2610,30,0,0,-400,-34,0,0,0,1,-2
2,1,1,24,55,2635,2630,5,1,578,378,33,1,0,0,1,2
0,1,0,14,80,2610,2650,-40,1,70,70,-7,1,0,0,2,0
0,1,0,26,80,2640,2725,-85,-1,0,0,-6,-2,0,-1,-1,1
0,2,1,16,54,2800,2635,165,0,13,13,-1,-1,1,0,-1,0
0,1,1,14,80,2700,2605,95,0,9,9,1,-1,0,0,1,-1
1,1,1,23,80,2695,2650,45,1,169,69,8,-1,0,0,0,-1
-1,1,1,17,73,2645,2640,5,1,10000,10100,18,1,0,-1,0,2
0,1,1,16,80,2605,2630,-25,0,0,0,9,0,0,0,0,0
1,1,0,11,80,2650,2725,-75,0,46,-54,3,1,0,0,-1,-1
0,2,2,18,80,2640,2640,0,1,29,29,4,0,0,0,-1,1
4,0,1,20,43,2635,2610,25,0,-14,-414,43,1,0,1,1,-2
0,2,2,30,35,2695,2700,-5,1,662,662,9,0,0,0,-1,1
0,2,1,22,67,2650,2645,5,0,0,0,8,-2,1,0,-1,0
1,1,1,21,48,2630,2695,-65,0,-158,-258,4,2,0,0,0,1
1,1,0,17,80,2640,2650,-10,1,490,390,3,1,0,0,-1,-1
-1,0,1,17,80,2700,2650,50,-1,-22,78,3,3,0,0,0,-1
0,0,1,14,80,2725,2640,85,1,172,172,-29,1,0,0,0,0
0,1,1,22,80,2645,2635,10,1,194,194,-2,-1,0,0,0,0
0,0,0,6,79,2800,2605,195,0,0,0,0,0,0,0,0,0
-1,0,0,19,80,2610,2635,-25,-1,-403,-303,10,1,0,0,0,-1
-3,1,2,29,28,2635,2610,25,0,0,300,1,0,-1,0,0,0
1,0,1,11,80,2610,2635,-25,1,84,-16,11,0,0,0,1,0
0,0,0,14,57,2635,2610,25,0,0,0,1,0,0,0,0,0
1,0,0,19,69,2610,2635,-25,1,10000,9900,14,1,0,1,0,0
-1,0,0,15,80,2635,2610,25,1,563,663,-11,2,0,-1,1,2
0,0,0,16,54,2610,2635,-25,0,5,5,11,-2,0,0,-1,1
-1,1,1,19,60,2635,2610,25,0,-13,87,-35,-2,0,1,4,-1
-2,1,0,16,72,2625,2635,-10,-1,-584,-384,-4,0,0,0,0,1
2,0,1,10,80,2635,2625,10,0,21,-179,-1,1,0,0,1,-1
1,2,1,19,80,2625,2635,-10,1,326,226,1,-1,1,-1,-3,0
5,1,1,17,80,2635,2625,10,1,1955,1455,-6,-2,0,0,-1,0
-1,0,0,19,80,2625,2635,-10,-1,-256,-156,-3,-1,0,0,-2,0
-2,0,1,16,70,2635,2625,10,1,10000,10200,-1,2,0,0,2,-1
0,1,1,20,36,2620,2700,-80,0,9,9,-2,-2,0,0,0,-1
1,1,1,17,79,2600,2635,-35,1,1068,968,12,1,0,0,1,-1
0,0,0,14,80,2645,2640,5,-1,-382,-382,-5,1,0,0,1,1
1,1,0,15,69,2600,2700,-100,1,506,406,-1,-1,0,1,2,1
0,1,1,20,56,2640,2635,5,-1,-10000,-10000,-49,-1,0,0,-2,0
1,0,1,21,59,2600,2620,-20,0,18,-82,-11,0,0,-1,-1,1
0,1,1,22,48,2640,2700,-60,0,10,10,-4,-1,0,0,0,0
0,0,1,14,80,2640,2620,20,0,31,31,4,0,0,0,0,0
-2,0,0,16,80,2645,2635,10,-1,-565,-365,-2,0,0,0,-1,0
-10,1,2,20,80,2645,2700,-55,-1,-874,126,4,1,-1,0,-1,-1
0,1,1,16,80,2640,2600,40,0,-86,-86,-2,0,0,0,0,0
-9,0,0,15,80,2700,2635,65,1,87,987,-21,1,0,0,0,0
-1,0,1,17,80,2645,2620,25,-1,-51,49,-20,0,0,1,0,-1
1,1,1,23,45,2620,2635,-15,0,15,-85,-5,0,0,-1,-2,0
0,2,2,30,23,2645,2600,45,0,43,43,7,0,0,0,0,0
0,0,0,16,80,2610,2620,-10,0,20,20,-29,0,0,0,1,0
0,1,0,14,67,2800,2635,165,-1,-16,-16,3,0,0,0,0,0
-4,1,1,20,50,2640,2620,20,-1,-891,-491,-18,-1,0,0,0,-1
1,1,2,25,80,2725,2640,85,1,476,376,12,2,-1,0,1,0
0,0,0,14,80,2640,2605,35,0,-3,-3,2,0,0,0,0,0
2,0,2,12,80,2725,2610,115,1,162,-38,-9,1,-1,0,1,1
4,1,0,12,80,2695,2620,75,0,34,-366,-25,2,0,0,1,-1
1,1,1,23,59,2610,2640,-30,0,-341,-441,0,0,0,0,0,0
0,1,1,22,45,2620,2640,-20,0,-13,-13,7,0,0,-1,-1,1
0,0,0,16,80,2645,2640,5,1,859,859,-43,0,0,0,-1,-1
1,1,1,19,47,2630,2695,-65,0,-1,-101,5,0,0,0,1,0
0,2,2,26,40,2695,2650,45,0,25,25,-8,0,0,0,-1,1
1,1,1,21,80,2725,2645,80,1,278,178,17,1,0,0,1,1
5,2,1,23,49,2640,2630,10,0,44,-456,22,0,1,-1,0,0
1,1,2,15,80,2640,2725,-85,0,39,-61,-5,-1,-1,0,-1,0
1,0,0,11,80,2650,2640,10,0,6,-94,0,1,0,0,0,0
-1,0,0,11,80,2605,2695,-90,-1,-37,63,-7,0,0,0,0,-2
0,1,1,24,44,2645,2640,5,0,2,2,4,0,0,0,0,0
-1,0,0,17,54,2695,2610,85,0,7,107,5,0,0,0,1,-1
1,1,0,11,80,2640,2640,0,1,211,111,5,0,0,-1,-1,1
3,2,1,29,35,2620,2630,-10,0,8,-292,-3,0,1,0,0,0
-2,1,1,16,80,2640,2605,35,-1,-156,44,-2,2,0,0,2,0
-1,0,0,15,65,2725,2640,85,1,564,664,0,1,0,0,2,-1
1,0,0,15,80,2610,2640,-30,0,0,-100,-16,1,0,1,4,0
-3,0,1,13,78,2650,2620,30,-1,-1039,-739,-7,0,0,0,-3,0
4,1,0,14,80,2620,2605,15,1,719,319,-33,0,0,1,0,1
2,0,2,18,80,2695,2645,50,1,565,365,3,1,-1,0,1,0
0,0,0,16,80,2630,2650,-20,0,69,69,4,-1,0,0,1,-2
0,1,1,28,57,2605,2630,-25,0,115,115,7,1,0,-1,-1,1
-5,1,1,19,80,2645,2640,5,1,47,547,-6,-1,0,0,1,-1
1,1,1,11,78,2640,2695,-55,0,5,-95,-11,-1,0,-1,0,1
-3,0,0,19,80,2610,2620,-10,0,15,315,-1,0,0,0,1,0
0,2,1,20,80,2695,2725,-30,0,30,30,-4,1,1,0,0,0
2,1,1,16,69,2650,2605,45,1,689,489,5,1,0,-1,0,0
0,0,1,18,80,2640,2640,0,0,0,0,-9,0,0,0,-1,0
-2,1,0,14,66,2630,2610,20,-1,-531,-331,-2,0,0,-1,-2,1
1,1,0,23,47,2725,2640,85,1,137,37,10,-1,0,0,0,1
0,0,0,16,56,2645,2620,25,0,-1,-1,9,0,0,-1,-2,1
-4,0,2,10,80,2640,2695,-55,-1,-653,-253,-13,2,-1,0,0,1
1,2,1,19,51,2610,2650,-40,1,618,518,25,3,1,1,2,0
2,0,0,14,80,2605,2610,-5,0,383,183,4,1,0,0,0,-1
0,0,1,26,80,2620,2640,-20,0,-50,-50,-9,1,0,0,0,0
0,1,1,26,60,2640,2640,0,0,4,4,-4,1,0,0,1,-1
1,1,1,21,80,2630,2645,-15,1,340,240,-3,0,0,0,-1,0
-4,1,1,18,74,2725,2620,105,0,-2,398,-16,1,0,-1,-1,1
2,2,1,24,35,2645,2650,-5,0,-61,-261,14,0,1,0,2,-2
2,0,1,18,80,2640,2630,10,1,758,558,8,1,0,0,0,1
0,0,0,16,49,2620,2640,-20,0,2,2,-14,0,0,0,0,0
1,0,0,15,80,2650,2640,10,1,10000,9900,-4,0,0,-1,-2,-1
-3,1,1,21,44,2630,2725,-95,0,5,305,-15,0,0,0,-2,1
0,1,0,22,80,2605,2645,-40,-1,-47,-47,1,1,0,0,-1,0
3,1,1,13,80,2695,2640,55,1,521,221,-6,1,0,0,0,-1
0,1,2,20,75,2725,2650,75,1,10000,10000,36,0,-1,1,1,1
10,0,0,18,57,2645,2610,35,0,11,-989,19,-1,0,0,0,-1
1,1,1,15,65,2640,2605,35,1,958,858,-4,0,0,0,0,0
0,0,0,18,55,2640,2630,10,1,908,908,8,2,0,1,1,0
-3,0,1,17,80,2610,2640,-30,0,2,302,1,0,0,0,0,0
-1,1,1,19,80,2605,2725,-120,0,-10,90,7,2,0,0,1,-1
-1,1,1,21,42,2650,2640,10,-1,-734,-634,-9,-2,0,0,0,0
1,1,1,21,55,2695,2645,50,1,745,645,23,0,0,0,-1,0
-2,0,1,18,72,2645,2695,-50,-1,-446,-246,-7,1,0,-1,-2,1
-1,2,1,23,55,2695,2645,50,1,723,823,12,-1,1,0,1,0
-1,1,0,17,80,2645,2695,-50,-1,-437,-337,2,-1,0,0,0,-1
1,1,1,23,46,2695,2645,50,0,208,108,11,-3,0,1,1,-1
1,1,1,17,61,2700,2620,80,0,0,-100,-10,1,0,0,1,0
0,0,0,12,80,2630,2620,10,0,68,68,-17,0,0,0,2,-1
-3,1,1,19,71,2620,2630,-10,0,0,300,24,1,0,1,2,-1
3,0,2,15,80,2620,2700,-80,1,333,33,-1,2,-1,0,-1,0
1,1,1,17,80,2700,2620,80,1,42,-58,-22,1,0,0,-1,2
3,0,0,17,80,2630,2620,10,1,872,572,6,-1,0,0,-2,0
-1,1,0,13,80,2620,2700,-80,0,-116,-16,10,0,0,1,2,-1
0,0,0,14,80,2620,2630,-10,0,110,110,-4,0,0,1,3,-1
-2,2,2,24,54,2630,2620,10,1,1043,1243,25,-1,0,2,2,-1
-3,2,2,15,80,2700,2620,80,0,-1,299,-11,1,0,0,0,1
0,1,2,22,52,2620,2630,-10,0,-1,-1,-12,0,-1,0,1,-1
1,0,0,15,80,2620,2700,-80,-1,0,-100,2,0,0,0,0,-1
1,0,0,17,80,2700,2620,80,0,0,-100,-3,-1,0,0,0,1
0,1,1,16,80,2630,2620,10,0,-1,-1,1,2,0,0,0,0
2,1,0,14,80,2620,2700,-80,1,395,195,9,-2,0,0,0,0
0,2,1,22,62,2620,2700,-80,0,-7,-7,1,-1,1,0,-1,0
2,1,1,12,80,2700,2620,80,1,560,360,2,0,0,0,0,-1
1,1,1,15,80,2615,2640,-25,0,3,-97,15,-1,0,0,0,0
-1,2,1,15,70,2630,2800,-170,-1,-1165,-1065,-19,0,1,0,0,-2
0,0,0,12,80,2725,2650,75,0,13,13,-6,2,0,0,-1,0
-2,0,0,10,80,2635,2635,0,-1,-446,-246,-4,-1,0,1,4,-2
3,1,1,21,57,2650,2640,10,0,2,-298,5,-1,0,0,-1,0
0,1,1,20,80,2635,2630,5,-1,330,330,17,1,0,-1,0,0
1,1,1,15,80,2800,2615,185,1,10000,9900,10,1,0,0,1,0
0,1,0,10,80,2725,2635,90,0,4,4,1,-1,0,0,2,0
2,0,0,16,80,2640,2800,-160,0,75,-125,-7,1,0,0,0,0
-2,0,1,16,80,2615,2635,-20,-1,-430,-230,1,1,0,0,-1,-1
-2,0,0,20,55,2635,2650,-15,1,721,921,-5,-1,0,0,-1,-1
1,2,1,27,34,2630,2725,-95,0,-8,-108,4,-2,1,-1,-3,2
-1,1,0,13,80,2650,2800,-150,-1,-259,-159,2,1,0,0,-1,-1
6,1,2,18,75,2635,2640,-5,1,742,142,7,1,-1,0,1,0
0,0,1,24,67,2635,2630,5,1,1565,1565,15,-2,0,-1,-3,1
3,0,0,13,80,2725,2615,110,0,0,-300,7,-1,0,0,1,1
-3,0,1,19,57,2800,2635,165,1,10000,10300,12,1,0,1,2,-3
1,0,0,17,77,2630,2650,-20,1,401,301,0,1,0,0,0,2
0,0,0,10,80,2615,2635,-20,0,0,0,0,0,0,0,0,1
0,1,1,16,80,2640,2725,-85,0,23,23,-2,0,0,0,1,0
2,1,1,16,61,2615,2650,-35,0,0,-200,-1,1,0,0,-2,1
0,0,1,18,80,2635,2725,-90,1,72,72,-4,1,0,0,1,0
2,0,0,16,80,2640,2630,10,1,834,634,-19,2,0,0,-1,-1
0,1,0,18,80,2800,2635,165,0,114,114,6,0,0,1,2,1
0,1,1,16,49,2630,2615,15,1,809,809,31,3,0,0,1,1
-1,2,1,15,80,2650,2635,15,-1,-388,-288,-11,0,1,0,-2,0
0,2,2,24,65,2635,2640,-5,1,1258,1258,7,0,0,1,1,-1
-8,1,0,12,80,2725,2800,-75,0,36,836,-22,-1,0,1,0,-1
-9,1,0,17,55,2640,2615,25,0,0,900,34,1,0,0,1,-1
-1,2,2,23,63,2800,2630,170,1,611,711,12,0,0,0,-1,0
-2,1,1,24,48,2650,2725,-75,-1,-581,-381,6,-1,0,0,1,1
0,1,1,18,80,2635,2635,0,0,5,5,9,0,0,0,2,-1
0,1,0,14,80,2630,2635,-5,0,55,55,5,-2,0,0,0,1
1,1,0,17,54,2615,2800,-185,0,10,-90,-22,0,0,-1,-1,1
0,1,1,18,80,2635,2725,-90,0,58,58,0,0,0,-1,2,0
0,1,0,16,69,2640,2650,-10,1,660,660,9,2,0,0,1,1
1,0,1,13,80,2725,2630,95,1,111,11,-2,1,0,0,-2,-3
0,0,0,12,80,2635,2615,20,0,-53,-53,3,-1,0,0,0,0
0,1,1,20,80,2800,2640,160,0,-16,-16,3,0,0,0,1,0
0,2,2,26,25,2650,2635,15,0,38,38,5,0,0,0,1,0
3,1,1,15,80,2630,2635,-5,0,-35,-335,-5,1,0,-1,-3,3
1,1,2,19,80,2640,2635,5,1,46,-54,7,0,-1,0,-1,-1
-9,1,0,15,78,2615,2725,-110,-1,-823,77,-30,0,0,1,3,-2
2,2,1,20,65,2800,2650,150,1,778,578,9,1,1,0,-2,0
0,2,1,20,80,2725,2640,85,-1,0,0,-5,2,1,0,-1,1
3,1,2,15,57,2635,2800,-165,1,597,297,4,0,-1,0,-1,0
0,0,1,12,80,2635,2615,20,0,322,322,-4,0,0,0,2,-1
-1,1,0,17,80,2650,2630,20,-1,0,100,-4,0,0,0,1,0
-1,2,1,23,50,2635,2800,-165,0,0,100,8,-1,1,1,0,-2
0,1,1,20,80,2725,2635,90,1,85,85,15,0,0,0,-1,0
4,2,0,12,79,2630,2640,-10,1,726,326,18,-1,1,-1,-3,0
0,0,0,12,75,2650,2615,35,0,13,13,-2,-1,0,0,-1,0
2,0,0,12,80,2800,2725,75,1,503,303,0,-1,0,0,-1,-2
-4,0,0,14,80,2640,2635,5,-1,0,400,-29,-2,0,1,3,-1
0,0,0,14,80,2615,2630,-15,1,163,163,-3,-1,0,0,1,-2
8,1,1,18,57,2640,2645,-5,0,0,-800,8,-1,0,-1,0,0
0,0,0,20,41,2610,2600,10,0,20,20,9,-2,0,0,0,0
1,1,0,17,61,2600,2640,-40,0,0,-100,-13,0,0,0,0,0
1,1,1,15,75,2645,2600,45,1,742,642,2,0,0,0,1,0
0,2,2,26,41,2610,2640,-30,0,-22,-22,-20,0,0,0,1,0
-2,0,1,14,80,2645,2610,35,0,0,200,-35,0,0,0,-1,1
0,2,2,30,24,2610,2600,10,0,19,19,0,0,0,0,0,0
-1,2,2,29,32,2640,2600,40,0,16,116,5,0,0,1,3,-2
0,1,1,20,80,2600,2645,-45,1,72,72,-2,1,0,0,1,1
0,2,2,28,23,2600,2600,0,0,9,9,-4,0,0,0,0,0
1,1,0,19,80,2605,2615,-10,0,709,609,10,0,0,0,-1,0
-3,0,0,21,80,2620,2605,15,-1,-478,-178,-7,1,0,1,4,-1
0,1,1,24,40,2615,2605,10,0,8,8,0,0,0,0,0,0
1,1,1,13,80,2620,2605,15,0,42,-58,-2,0,0,0,1,-1
0,1,1,28,44,2605,2620,-15,0,39,39,6,0,0,0,0,0
-1,1,1,13,80,2620,2605,15,0,0,100,10,1,0,0,1,0
0,1,1,20,55,2615,2605,10,0,-3,-3,7,-1,0,-1,0,-1
0,2,2,26,47,2605,2615,-10,0,6,6,7,1,0,0,0,0
0,2,1,18,80,2605,2620,-15,0,0,0,-6,1,1,0,0,0
0,0,0,16,80,2620,2605,15,1,83,83,7,1,0,0,1,-1
1,0,0,15,80,2615,2605,10,1,241,141,2,-1,0,0,-1,1
2,0,1,22,80,2605,2620,-15,0,95,-105,1,1,0,0,-1,1
0,0,1,14,80,2605,2615,-10,1,398,398,-5,3,0,-1,-3,1
0,1,1,18,48,2615,2605,10,0,-2,-2,0,0,0,0,0,1
0,1,1,12,80,2620,2605,15,0,7,7,4,-1,0,0,1,-2
1,0,1,15,80,2605,2620,-15,1,474,374,18,2,0,0,2,-1
0,1,1,24,32,2605,2615,-10,0,125,125,0,-2,0,0,0,0
2,1,0,16,80,2620,2605,15,1,656,456,2,0,0,1,3,-2
-2,1,1,20,80,2615,2605,10,1,-402,-202,1,0,0,0,-1,-2
-1,0,0,17,75,2605,2620,-15,1,785,885,1,0,0,0,0,-1
-3,1,1,21,80,2605,2615,-10,0,0,300,-7,0,0,0,-2,0
-2,0,0,14,80,2605,2620,-15,0,11,211,0,0,0,0,-1,-1
2,1,2,22,42,2615,2645,-30,-1,-646,-846,-5,-1,-1,0,3,0
1,2,1,21,57,2635,2630,5,1,645,545,-2,0,1,-1,-5,2
-1,1,0,15,75,2800,2650,150,0,3,103,3,-1,0,0,-1,0
0,1,1,24,38,2725,2615,110,0,21,21,-17,0,0,0,1,0
1,1,0,19,69,2650,2645,5,0,0,-100,-8,0,0,1,1,0
0,0,1,16,74,2635,2800,-165,0,-9,-9,-6,-3,0,0,1,-1
0,1,1,24,45,2615,2630,-15,1,513,513,8,-1,0,0,-2,1
0,0,1,18,80,2725,2650,75,1,275,275,-1,0,0,1,2,0
10,0,0,14,75,2800,2645,155,0,6,-994,29,0,0,-1,2,0
1,2,2,21,49,2645,2725,-80,0,2,-98,-14,0,0,0,0,1
-1,1,0,17,74,2650,2630,20,0,-48,52,1,1,0,0,-1,0
0,1,1,24,50,2615,2635,-20,0,-7,-7,6,0,0,0,2,-1
-5,1,1,19,80,2630,2645,-15,-1,0,500,-12,-1,0,1,2,-1
0,1,2,14,80,2800,2725,75,0,-47,-47,-2,0,-1,0,1,0
0,0,0,14,80,2650,2635,15,0,-10,-10,-11,-1,0,0,1,1
2,0,1,12,61,2725,2630,95,1,663,463,6,-2,0,0,-1,0
1,1,2,23,62,2615,2800,-185,-1,-863,-963,1,1,-1,-1,-3,-2
0,0,1,20,80,2635,2645,-10,0,26,26,-1,2,0,0,1,-1
1,1,0,17,57,2800,2630,170,0,-2,-102,6,0,0,0,2,1
-1,0,1,19,80,2650,2615,35,0,4,104,2,-1,0,0,2,-2
0,1,1,16,60,2725,2635,90,0,-7,-7,-10,1,0,0,0,0
0,0,0,16,68,2640,2620,20,0,24,24,1,1,0,0,-1,0
0,0,0,18,73,2635,2600,35,1,847,847,44,1,0,0,0,-1
1,0,0,17,71,2600,2635,-35,1,803,703,14,1,0,0,2,1
1,0,0,19,63,2600,2610,-10,1,854,754,15,1,0,-1,-3,0
0,1,1,16,80,2600,2635,-35,0,-1,-1,10,1,0,0,-2,1
0,1,1,22,54,2610,2600,10,0,24,24,1,-1,0,0,0,0
0,0,0,8,80,2605,2635,-30,0,0,0,1,-1,0,0,0,-1
6,1,1,14,80,2635,2600,35,1,1140,540,10,1,0,0,1,1
0,1,1,22,80,2635,2605,30,1,92,92,-5,1,0,0,-1,0
-4,2,1,16,80,2635,2600,35,0,-26,374,1,-1,1,0,3,1
2,1,1,16,54,2600,2635,-35,-1,-617,-817,-24,0,0,1,2,3
0,1,1,20,80,2630,2615,15,0,41,41,0,2,0,0,1,0
-1,1,1,21,48,2635,2700,-65,-1,-724,-624,-1,-3,0,0,0,1
0,1,2,18,80,2635,2725,-90,0,-52,-52,3,0,-1,0,1,0
0,1,0,14,80,2695,2605,90,0,61,61,2,-2,0,0,1,-1
0,1,1,16,80,2725,2635,90,0,-193,-193,4,-1,0,0,-1,1
0,0,2,14,80,2615,2630,-15,-1,-376,-376,-7,1,-1,0,1,2
-2,0,0,16,80,2700,2635,65,-1,-220,-20,-23,0,0,1,1,0
1,1,1,13,80,2605,2695,-90,1,159,59,5,1,0,0,0,1
2,1,0,12,80,2695,2605,90,1,648,448,8,-1,0,0,1,0
1,0,0,17,80,2635,2725,-90,0,181,81,0,-1,0,0,-1,1
1,1,1,13,75,2630,2615,15,1,994,894,0,2,0,0,2,0
-2,2,1,22,61,2635,2700,-65,1,10000,10200,17,0,1,1,3,0
0,1,1,14,80,2615,2630,-15,0,0,0,-20,-1,0,0,-2,0
-1,1,1,15,80,2725,2635,90,1,534,634,15,0,0,0,0,1
-1,1,1,17,69,2605,2695,-90,0,-8,92,-7,-2,0,0,-2,0
-1,1,2,15,80,2700,2635,65,0,24,124,-1,1,-1,1,3,-2
3,1,1,19,55,2695,2605,90,1,781,481,9,0,0,0,1,0
2,0,1,18,80,2635,2700,-65,1,346,146,-7,2,0,1,0,1
-1,0,0,13,80,2630,2615,15,0,15,115,12,0,0,0,3,-1
0,0,0,24,80,2635,2725,-90,0,161,161,8,0,0,0,0,1
1,0,0,7,80,2605,2695,-90,0,46,-54,-7,-1,0,0,-1,0
-1,1,1,23,80,2725,2635,90,-1,-111,-11,-6,-1,0,0,0,-1
-9,1,0,17,56,2615,2630,-15,0,-59,841,-21,-1,0,-1,-3,0
3,1,0,17,69,2700,2635,65,1,1149,849,18,2,0,-1,0,1
0,0,0,14,80,2695,2605,90,0,-279,-279,-37,-1,0,0,-2,1
-1,0,0,15,80,2630,2615,15,0,0,100,-33,-1,0,0,-3,-1
-1,2,0,15,66,2635,2700,-65,0,0,100,-29,-2,1,-1,-1,-2
0,1,1,18,80,2635,2725,-90,0,93,93,3,1,0,1,0,-1
2,0,0,16,63,2725,2635,90,1,537,337,6,1,0,0,1,0
2,1,2,16,75,2605,2695,-90,1,703,503,2,2,-1,0,-1,2
1,1,1,19,80,2700,2635,65,-1,-234,-334,2,-2,0,0,3,1
2,1,0,14,78,2695,2605,90,-1,-10000,-10200,-4,-1,0,0,1,2
-3,0,0,15,80,2605,2695,-90,0,2,302,-25,-1,0,0,-1,3
1,0,0,9,80,2615,2655,-40,0,-44,-144,7,1,0,0,2,1
0,0,0,12,62,2630,2600,30,0,4,4,-8,0,0,0,0,1
1,1,1,23,54,2625,2625,0,0,0,-100,-41,-3,0,0,1,-1
-1,1,0,17,58,2600,2665,-65,-1,-10000,-9900,-39,-1,0,0,1,0
4,0,0,18,66,2615,2630,-15,1,862,462,3,1,0,0,2,0
1,0,0,9,80,2630,2655,-25,0,17,-83,1,0,0,0,-1,1
-1,0,0,19,69,2610,2625,-15,1,10000,10100,17,2,0,0,0,1
1,1,0,15,80,2625,2600,25,1,118,18,-4,0,0,0,0,1
0,2,2,28,43,2665,2615,50,0,15,15,-9,0,0,0,-1,0
0,0,0,14,80,2630,2665,-35,-1,-329,-329,-16,-1,0,0,0,0
-1,1,1,19,68,2615,2625,-10,-1,-667,-567,-4,1,0,0,2,0
-3,1,1,15,80,2625,2630,-5,-1,-517,-217,-8,0,0,-1,-1,1
2,0,0,14,80,2665,2655,10,1,556,356,-13,0,0,-1,-2,1
0,0,0,12,80,2610,2600,10,1,846,846,4,0,0,0,0,0
0,1,1,14,80,2655,2625,30,0,-5,-5,-23,0,0,0,1,0
0,2,2,26,41,2665,2625,40,0,24,24,1,1,0,-1,-2,-1
0,2,2,30,36,2615,2610,5,0,33,33,5,-1,0,0,0,0
-9,1,0,21,42,2610,2630,-20,0,2,902,-17,0,0,0,0,0
0,1,1,18,47,2625,2655,-30,0,1,1,6,-1,0,0,0,-1
7,0,0,17,65,2600,2625,-25,0,0,-700,-2,-1,0,0,1,1
1,0,1,15,80,2665,2610,55,0,241,141,-5,1,0,0,1,0
3,0,0,17,77,2610,2625,-15,1,728,428,8,2,0,0,1,0
0,2,2,30,27,2625,2615,10,0,-52,-52,-5,-1,0,0,0,0
0,1,1,20,80,2655,2600,55,0,226,226,12,-2,0,0,2,-1
1,0,0,15,80,2630,2625,5,1,400,300,2,1,0,0,1,0
0,2,1,18,80,2600,2615,-15,1,41,41,3,-1,1,0,0,0
3,0,0,13,79,2610,2655,-45,1,798,498,36,0,0,0,-2,0
-2,0,0,10,80,2625,2665,-40,-1,-430,-230,-8,-2,0,0,0,0
0,2,1,20,80,2630,2715,-85,-1,-82,-82,-5,0,1,0,-1,1
1,1,1,9,80,2625,2640,-15,0,34,-66,0,-1,0,0,1,1
4,1,1,24,65,2715,2625,90,1,866,466,10,2,0,1,2,0
0,2,1,20,80,2715,2640,75,0,43,43,8,1,1,0,1,0
0,0,1,26,29,2640,2630,10,0,88,88,5,0,0,1,3,0
0,0,1,14,72,2630,2625,5,0,0,0,-15,0,0,1,-1,-1
-2,1,1,24,55,2630,2635,-5,0,50,250,45,1,0,1,1,-3
-1,0,0,9,80,2635,2605,30,0,19,119,1,0,0,0,0,-1
1,0,0,13,80,2630,2605,25,1,454,354,12,-1,0,0,-1,0
0,1,1,18,80,2635,2605,30,0,49,49,1,1,0,0,0,0
-2,1,1,22,29,2605,2605,0,0,-588,-388,12,0,0,0,0,1
0,2,2,30,24,2605,2630,-25,0,73,73,-5,0,0,0,0,0
-1,0,1,15,80,2600,2605,-5,-1,-674,-574,0,0,0,0,1,1
0,0,0,14,63,2630,2605,25,0,0,0,-6,0,0,0,-1,2
0,2,2,30,40,2600,2605,-5,0,-19,-19,1,1,0,0,0,0
0,2,2,28,37,2605,2605,0,0,64,64,5,2,0,0,1,-1
3,1,1,19,79,2630,2605,25,1,2929,2629,15,0,0,0,-1,1
0,2,1,28,46,2600,2630,-30,0,45,45,-14,0,1,0,0,0
0,1,1,24,80,2665,2625,40,0,49,49,-11,-1,0,0,1,1
0,1,0,18,80,2635,2610,25,0,-25,-25,-1,1,0,0,1,0
1,0,0,17,80,2625,2655,-30,1,-405,-505,-36,-2,0,0,1,2
8,0,0,12,73,2625,2665,-40,1,854,54,24,2,0,0,-1,1
-1,0,1,13,80,2625,2610,15,-1,-28,72,-12,0,0,0,0,2
-1,1,0,15,80,2625,2635,-10,1,0,100,9,-1,0,0,0,1
0,1,0,14,80,2610,2625,-15,-1,-10000,-10000,-31,-2,0,0,-1,0
1,1,0,13,80,2610,2625,-15,0,271,171,4,2,0,0,-1,0
1,0,0,17,80,2680,2610,70,0,0,-100,-2,-1,0,0,-1,0
1,2,0,17,80,2635,2625,10,1,22,-78,13,0,1,0,1,1
1,0,0,17,59,2665,2625,40,1,10000,9900,40,-1,0,0,1,-1
2,0,1,16,80,2625,2655,-30,0,592,392,4,1,0,-1,2,1
-4,1,0,16,80,2690,2610,80,-1,-939,-539,-32,-1,0,0,0,-2
3,0,1,17,74,2635,2625,10,-1,647,347,2,0,0,0,1,0
-1,0,1,9,80,2610,2635,-25,0,-7,93,5,1,0,0,1,2
0,1,0,18,80,2625,2610,15,-1,355,355,6,1,0,0,-1,1
-6,1,0,20,46,2620,2665,-45,-1,-889,-289,-8,-2,0,0,-1,-1
3,0,1,19,80,2680,2610,70,0,492,192,19,0,0,0,-1,-1
-1,0,1,19,80,2620,2665,-45,1,167,267,-21,2,0,-1,2,2
8,1,0,12,80,2610,2605,5,0,914,114,-15,0,0,0,-1,1
0,1,0,18,80,2610,2690,-80,0,0,0,-9,-1,0,-1,0,1
-2,0,0,16,77,2610,2680,-70,-1,-10000,-9800,-13,0,0,-1,0,-1
0,0,0,16,80,2625,2605,20,1,9,9,0,-2,0,0,0,0
1,0,0,13,80,2665,2625,40,1,35,-65,4,0,0,0,0,1
0,1,1,16,55,2605,2715,-110,0,-5,-5,1,0,0,0,0,0
0,0,0,10,77,2605,2625,-20,0,0,0,3,0,0,0,0,0
-2,1,0,16,80,2625,2655,-30,-1,-618,-418,-15,1,0,0,1,-1
-5,1,1,15,80,2625,2665,-40,0,84,584,2,-2,0,0,-1,-1
0,1,1,14,80,2610,2605,5,0,0,0,0,-2,0,0,0,-1
0,0,0,14,80,2610,2625,-15,-1,-18,-18,1,-1,0,0,-1,-1
3,0,1,13,80,2610,2680,-70,1,713,413,4,1,0,0,-1,2
0,0,2,22,80,2610,2635,-25,1,15,15,7,0,-1,1,0,0
-1,0,0,11,80,2625,2610,15,0,8,108,-9,-1,0,0,-1,-1
-2,1,1,16,66,2640,2625,15,-1,-1162,-962,-45,-1,0,0,3,1
0,0,1,18,80,2665,2620,45,1,170,170,-7,-2,0,-1,0,1
1,0,1,17,80,2625,2625,0,1,519,419,17,1,0,0,-1,0
0,0,0,12,65,2625,2640,-15,0,-9,-9,-7,2,0,-1,-3,0
0,1,1,22,39,2635,2610,25,0,23,23,2,0,0,0,0,0
0,1,1,16,80,2715,2605,110,-1,-20,-20,-1,0,0,0,0,0
-2,2,1,18,51,2690,2625,65,1,1087,1287,42,1,1,0,3,0
1,0,0,15,80,2665,2620,45,1,741,641,-6,0,0,1,0,-2
-2,1,0,12,80,2625,2690,-65,-1,-457,-257,-5,1,0,0,2,-2
1,0,0,11,80,2625,2665,-40,1,567,467,5,-1,0,0,-2,-2
-4,0,1,18,70,2605,2610,-5,-1,-1805,-1405,-21,-1,0,0,-2,-1
0,1,1,18,59,2610,2625,-15,1,773,773,33,0,0,0,0,0
-1,0,0,13,80,2625,2625,0,0,6,106,5,0,0,0,1,0
-3,0,0,15,80,2655,2625,30,-1,-624,-324,-6,1,0,1,3,-1
1,0,0,17,80,2625,2665,-40,0,509,409,-20,0,0,0,0,0
0,1,0,14,80,2625,2635,-10,1,245,245,7,2,0,0,0,0
-1,0,0,15,80,2655,2620,35,1,62,162,4,1,0,0,0,-1
0,0,1,18,67,2625,2610,15,1,424,424,-2,1,0,1,-1,-1
0,1,2,26,44,2605,2610,-5,0,4,4,5,-1,-1,-1,-1,0
-1,0,0,15,80,2655,2625,30,-1,-387,-287,-9,0,0,0,-1,-1
3,0,0,15,80,2610,2625,-15,1,94,-206,0,-1,0,0,-2,0
0,1,1,14,54,2620,2655,-35,0,15,15,5,-2,0,-1,-1,1
-2,1,2,16,80,2600,2615,-15,0,159,359,-26,1,-1,1,-1,-1
1,1,1,17,64,2620,2600,20,-1,-10000,-10100,-16,-1,0,0,0,-3
0,1,1,24,35,2615,2600,15,0,70,70,3,-1,0,0,0,0
-2,1,0,12,80,2615,2620,-5,-1,-355,-155,-23,-1,0,0,-1,1
0,0,1,18,80,2620,2615,5,-1,0,0,2,1,0,-1,-1,-4
0,0,0,12,80,2600,2620,-20,-1,-54,-54,-6,0,0,0,0,1
1,2,2,27,30,2615,2770,-155,-1,-670,-770,15,1,0,0,1,1
-1,1,2,13,74,2615,2770,-155,-1,-542,-442,-5,0,-1,0,-2,0
0,0,0,16,64,2605,2620,-15,0,16,16,2,1,0,0,0,0
2,2,2,18,73,2685,2600,85,1,521,321,13,-1,0,0,0,2
1,1,1,15,47,2635,2780,-145,0,-17,-117,13,0,0,0,-1,0
1,1,1,17,53,2615,2605,10,0,-3,-103,0,0,0,-1,-1,0
-2,1,1,20,59,2635,2630,5,1,10000,10200,46,3,0,0,-1,0
0,1,1,18,80,2780,2720,60,1,86,86,3,-1,0,-1,2,-1
3,2,1,19,59,2605,2635,-30,0,34,-266,10,1,1,0,0,0
1,2,2,31,17,2685,2615,70,0,-75,-175,-10,1,0,0,0,1
0,0,2,20,80,2620,2635,-15,0,0,0,6,1,-1,0,0,0
-1,1,0,11,80,2635,2630,5,-1,-453,-353,-6,-1,0,0,1,0
-2,0,1,14,74,2685,2780,-95,-1,-434,-234,1,0,0,0,-1,1
1,0,0,15,77,2605,2635,-30,0,1,-99,-2,0,0,-1,-1,1
0,1,0,26,42,2620,2605,15,0,18,18,1,-1,0,0,1,-1
0,2,1,24,35,2630,2630,0,0,27,27,3,0,1,0,1,0
1,0,2,17,80,2635,2685,-50,-1,239,139,3,0,-1,0,-1,0
0,1,1,28,47,2630,2620,10,0,-58,-58,0,0,0,0,0,0
-1,0,1,15,80,2670,2635,35,1,446,546,10,-1,0,0,-2,-2
-1,1,0,15,80,2720,2655,65,1,257,357,8,-2,0,0,1,0
0,1,0,22,32,2655,2615,40,1,1320,1320,-35,0,0,0,-2,1
0,0,0,16,52,2615,2720,-105,0,0,0,-23,-1,0,0,1,0
0,0,1,26,23,2655,2615,40,0,-75,-75,5,-2,0,0,0,0
0,2,2,14,80,2780,2615,165,1,216,216,-16,1,0,0,2,-1
1,0,1,15,79,2780,2635,145,0,1,-99,-2,0,0,0,1,1
-1,1,1,17,62,2615,2670,-55,0,0,100,4,-1,0,0,-3,0
0,0,0,14,80,2655,2655,0,0,46,46,-4,-1,0,0,2,0
0,0,0,16,59,2655,2655,0,1,560,560,7,2,0,-1,-1,3
0,2,2,26,45,2615,2635,-20,-1,-1134,-1134,0,0,0,0,0,-2
-1,2,1,23,61,2670,2615,55,1,1150,1250,44,1,1,-1,-1,1
-1,2,1,17,80,2670,2655,15,0,-272,-172,-30,-1,1,0,-1,1
1,0,0,17,48,2670,2720,-50,0,0,-100,-3,-1,0,-1,0,0
1,0,0,11,79,2615,2615,0,0,-1,-101,1,-1,0,0,0,1
3,2,2,27,33,2780,2670,110,1,475,175,9,1,0,-1,-2,0
-2,1,2,16,80,2655,2615,40,0,2,202,0,-1,-1,0,0,-2
-1,1,1,17,80,2655,2655,0,0,-61,39,9,1,0,-1,0,-1
-2,1,1,14,80,2615,2720,-105,-1,-580,-380,-2,1,0,0,0,0
-1,0,1,19,76,2655,2720,-65,-1,-879,-779,-28,0,0,0,-1,0
1,1,1,15,69,2720,2655,65,0,0,-100,0,-2,0,0,-1,1
0,0,0,16,80,2780,2655,125,1,477,477,14,-1,0,0,2,0
0,1,1,16,50,2655,2670,-15,0,1,1,3,0,0,0,-1,1
0,2,1,20,53,2720,2780,-60,0,2,2,8,0,1,-1,-3,1
3,2,1,21,55,2670,2655,15,0,-25,-325,17,1,1,0,0,0
1,1,1,15,80,2655,2615,40,0,0,-100,0,-1,0,-1,-3,3
2,1,1,14,80,2615,2780,-165,1,380,180,8,0,0,-1,-1,0
1,0,1,15,75,2635,2655,-20,1,545,445,4,0,0,-1,-3,-1
-1,0,0,13,80,2655,2780,-125,-1,-420,-320,3,2,0,0,-2,0
-3,1,0,15,75,2655,2780,-125,1,861,1161,6,-1,0,0,2,1
0,1,0,20,80,2635,2655,-20,1,421,421,3,2,0,0,-2,0
-2,1,0,10,80,2615,2655,-40,-1,-409,-209,2,0,0,0,0,0
7,0,0,17,65,2655,2615,40,1,636,-64,32,0,0,0,1,0
1,0,1,13,65,2655,2635,20,1,488,388,-2,0,0,0,1,2
0,1,0,14,77,2635,2720,-85,1,-183,-183,-8,0,0,0,3,0
1,2,2,29,31,2615,2635,-20,0,0,-100,1,1,0,0,2,0
3,0,1,15,67,2600,2655,-55,1,920,620,-5,1,0,0,1,1
0,1,2,20,80,2655,2600,55,1,251,251,14,0,-1,-1,-1,-1
5,0,2,13,67,2655,2600,55,1,751,251,16,-1,-1,0,2,-1
-2,1,1,20,66,2600,2655,-55,-1,-826,-626,-17,-2,0,0,0,0
0,0,0,16,45,2655,2620,35,0,-9,-9,1,0,0,0,-1,1
-1,1,1,19,48,2620,2655,-35,0,9,109,-7,2,0,0,0,-1
-1,2,1,13,76,2655,2615,40,0,2,102,5,0,1,0,1,0
-1,0,0,13,80,2635,2655,-20,-1,-290,-190,-29,-1,0,0,0,0
0,1,1,24,35,2620,2620,0,0,18,18,1,0,0,0,-1,1
3,1,1,21,39,2615,2620,-5,0,6,-294,14,0,0,0,0,0
0,1,1,28,34,2620,2615,5,0,49,49,-6,0,0,0,0,0
1,0,0,15,80,2620,2635,-15,1,117,17,0,1,0,1,0,1
1,0,1,13,80,2635,2620,15,1,242,142,-3,0,0,0,-1,1
2,0,1,12,69,2615,2635,-20,1,452,252,6,-1,0,0,0,0
2,1,2,16,59,2615,2630,-15,1,620,420,19,3,-1,0,2,0
0,2,2,20,69,2630,2630,0,0,23,23,5,-1,0,0,0,0
1,0,0,21,80,2790,2630,160,-1,15,-85,8,0,0,-1,-1,1
-1,0,1,11,80,2720,2655,65,-1,-305,-205,-1,-1,0,0,1,1
0,1,1,14,80,2635,2685,-50,0,0,0,2,-2,0,-1,0,0
4,1,1,22,50,2620,2780,-160,-1,-603,-1003,-35,-1,0,1,-1,-3
-4,1,1,24,80,2610,2725,-115,-1,8,408,-16,0,0,-1,-2,-1
0,1,1,18,78,2620,2630,-10,0,37,37,-5,1,0,1,3,0
0,1,0,12,80,2655,2670,-15,1,152,152,-17,-1,0,0,0,0
0,0,1,14,80,2620,2720,-100,0,0,0,-40,0,0,0,-1,0
0,1,1,16,80,2685,2620,65,-1,54,54,5,-1,0,0,1,0
0,2,1,20,72,2655,2665,-10,-1,-701,-701,-31,0,1,-1,0,3
0,1,1,18,66,2630,2655,-25,-1,-472,-472,-1,1,0,0,1,0
-1,1,0,17,80,2780,2725,55,1,796,896,0,1,0,0,1,0
0,0,2,14,80,2670,2610,60,0,-94,-94,-8,1,-1,0,1,1
-3,1,1,19,80,2635,2655,-20,1,1535,1835,-3,0,0,0,-1,0
2,0,0,8,80,2655,2685,-30,1,282,82,2,0,0,0,-1,0
2,0,0,14,80,2610,2630,-20,1,564,364,-3,0,0,0,1,-1
1,1,1,15,80,2665,2620,45,0,0,-100,-10,1,0,1,1,-1
0,0,0,14,80,2725,2670,55,0,0,0,-4,0,0,0,1,1
-1,0,0,15,80,2720,2780,-60,0,0,100,11,1,0,1,1,-2
1,0,1,13,80,2630,2725,-95,0,59,-41,6,2,0,0,1,0
1,0,1,15,80,2620,2635,-15,1,330,230,11,1,0,0,2,0
-1,1,1,23,51,2685,2610,75,1,761,861,13,1,0,-1,0,0
0,0,0,18,65,2720,2665,55,1,866,866,27,0,0,0,-1,0
0,1,1,10,71,2655,2620,35,0,13,13,2,1,0,0,0,1
0,1,0,14,80,2635,2720,-85,0,6,6,0,1,0,0,0,-1
-1,1,0,17,80,2655,2655,0,0,-64,36,8,1,0,0,1,0
0,1,2,20,80,2665,2780,-115,-1,-171,-171,-6,-1,-1,0,1,-1
-1,1,1,11,80,2670,2630,40,0,-3,97,-5,0,0,0,-1,-1
0,1,1,18,80,2620,2620,0,1,230,230,4,1,0,0,1,0
7,0,1,13,73,2725,2685,40,1,919,219,0,0,0,0,-1,1
1,0,1,13,80,2720,2620,100,0,153,53,10,1,0,0,-1,1
1,0,1,15,80,2665,2635,30,1,209,109,1,-1,0,0,-2,1
0,1,0,16,80,2780,2630,150,0,28,28,-28,-2,0,0,1,-1
2,0,0,12,71,2655,2610,45,1,514,314,3,1,0,0,1,2
1,2,0,17,67,2685,2670,15,1,551,451,-7,-2,1,-1,-2,2
3,1,1,17,80,2620,2655,-35,1,685,385,4,0,0,-1,-3,1
-1,2,1,13,80,2610,2620,-10,-1,-298,-198,-4,0,1,0,1,0
2,2,0,22,47,2620,2665,-45,1,1143,943,17,0,1,-1,-2,2
0,1,1,18,72,2655,2720,-65,-1,-561,-561,-18,0,0,0,-1,1
0,1,0,22,80,2725,2655,70,1,195,195,13,2,0,0,-1,0
0,1,0,12,80,2635,2780,-145,0,16,16,11,-1,0,0,-1,-1
0,0,1,20,64,2630,2685,-55,0,9,9,1,-1,0,0,-2,1
0,1,1,24,44,2720,2610,110,0,76,76,12,1,0,0,-1,0
-2,2,0,20,63,2655,2670,-15,0,0,200,6,-1,1,-1,-3,1
3,0,1,17,80,2780,2685,95,1,610,310,5,1,0,0,-1,-2
1,1,2,23,41,2665,2655,10,0,0,-100,-14,-2,-1,0,-1,1
-3,1,1,21,80,2620,2725,-105,1,413,713,-16,2,0,0,2,-1
1,1,1,19,51,2635,2620,15,0,13,-87,0,0,0,0,0,1
1,2,1,17,80,2610,2665,-55,0,31,-69,-27,1,1,0,-3,1
0,0,0,18,63,2725,2720,5,0,-8,-8,-6,-2,0,0,0,0
0,0,1,16,80,2630,2655,-25,0,84,84,0,0,0,0,0,0
3,1,1,21,50,2655,2635,20,-1,-1038,-1338,-25,0,0,1,0,-2
1,1,2,21,65,2670,2620,50,1,781,681,-17,-1,-1,0,0,2
1,0,1,17,58,2620,2780,-160,0,0,-100,-32,-1,0,0,-1,1
0,1,1,18,47,2665,2725,-60,0,15,15,13,0,0,1,3,-1
-2,2,0,14,78,2635,2610,25,0,105,305,23,0,1,0,2,-1
-4,0,0,16,76,2620,2655,-35,-1,-948,-548,3,1,0,0,1,1
3,1,0,17,71,2720,2670,50,0,-2,-302,24,0,0,0,0,0
0,2,1,14,80,2620,2630,-10,1,116,116,3,0,1,0,1,-2
0,0,0,14,80,2655,2685,-30,1,663,663,-8,-2,0,0,0,0
-3,1,1,15,66,2630,2720,-90,-1,-692,-392,-10,-2,0,0,-2,-1
2,1,2,14,80,2610,2620,-10,1,576,376,1,0,-1,0,-1,0
-2,0,0,14,80,2725,2635,90,-1,-139,61,-4,1,0,0,1,0
-1,1,0,11,80,2655,2780,-125,-1,-282,-182,3,0,0,0,1,1
0,1,1,22,56,2685,2620,65,-1,-731,-731,-1,0,0,1,0,1
0,1,2,24,65,2670,2665,5,0,10,10,-2,0,-1,0,1,0
1,1,0,15,80,2780,2655,125,0,235,135,-6,1,0,0,-1,0
0,0,0,12,80,2655,2610,45,0,-4,-4,-4,0,0,0,0,0
1,0,0,19,69,2720,2685,35,0,-11,-111,-10,1,0,0,2,0
-2,1,1,14,80,2620,2725,-105,-1,-502,-302,-19,-2,0,0,2,-1
1,1,2,11,80,2665,2630,35,0,27,-73,-4,1,-1,0,-1,1
0,1,2,18,80,2635,2670,-35,0,39,39,9,0,-1,1,3,0
-1,0,0,15,74,2630,2635,-5,0,4,104,-1,-1,0,0,1,0
0,0,1,14,80,2685,2665,20,-1,-187,-187,-10,1,0,0,-2,1
2,0,1,14,75,2670,2620,50,1,463,263,-1,0,0,0,0,0
-2,1,0,14,80,2610,2780,-170,-1,-526,-326,-11,0,0,0,0,-1
0,0,0,18,80,2655,2620,35,1,43,43,13,0,0,0,0,0
0,0,0,16,80,2725,2655,70,0,10,10,7,0,0,0,0,0
2,0,1,14,67,2655,2620,35,1,685,485,6,0,0,0,-2,1
2,1,1,18,80,2725,2685,40,1,843,643,11,2,0,0,-2,2
0,1,1,16,80,2720,2670,50,-1,-153,-153,-20,1,0,0,-1,-1
1,0,0,11,80,2670,2720,-50,1,514,414,11,0,0,-1,2,0
1,2,1,17,61,2620,2655,-35,0,0,-100,-6,0,1,0,1,0
0,2,1,26,63,2685,2725,-40,0,0,0,-23,0,1,1,1,0
-1,0,0,11,80,2655,2620,35,0,39,139,-16,0,0,0,0,0
0,2,2,28,35,2720,2670,50,0,19,19,14,-1,0,0,0,0
0,0,0,18,80,2725,2685,40,0,-233,-233,-31,-1,0,0,1,0
0,0,0,16,62,2620,2655,-35,1,10000,10000,-12,0,0,0,-1,1
0,0,1,18,47,2670,2720,-50,0,11,11,-8,0,0,0,-1,-1
1,1,1,13,80,2685,2725,-40,1,24,-76,4,0,0,0,0,-1
0,1,1,12,80,2655,2620,35,1,303,303,4,0,0,-1,0,0
0,2,2,26,51,2720,2670,50,0,-90,-90,-7,1,0,0,0,0
-1,1,1,13,80,2725,2685,40,0,-34,66,-9,-1,0,0,1,-1
0,2,1,14,80,2620,2655,-35,1,577,577,9,0,1,0,1,-1
2,1,0,18,55,2685,2725,-40,1,671,471,1,0,0,0,1,-2
-1,0,0,13,80,2670,2720,-50,0,2,102,-11,1,0,0,1,-1
1,0,0,7,80,2655,2620,35,0,10,-90,-1,0,0,0,-1,0
2,0,0,16,80,2725,2685,40,1,601,401,7,-1,0,0,-1,1
1,1,1,17,80,2720,2670,50,1,169,69,7,-1,0,0,-2,-1
2,1,2,14,71,2685,2725,-40,1,712,512,5,1,-1,0,1,1
1,2,1,21,80,2620,2655,-35,1,619,519,11,0,1,0,0,-1
0,1,0,18,73,2670,2720,-50,1,225,225,8,2,0,0,0,1
0,0,0,14,80,2655,2620,35,0,-129,-129,1,0,0,0,0,-1
-6,0,0,20,80,2725,2685,40,0,-11,589,-4,0,0,0,1,-1
5,1,0,15,59,2620,2655,-35,1,1936,1436,17,1,0,0,2,-1
2,1,0,12,80,2685,2725,-40,1,683,483,2,0,0,0,1,-1
0,0,0,20,47,2620,2655,-35,0,67,67,10,-1,0,0,0,0
3,1,1,21,43,2725,2620,105,0,-194,-494,20,1,0,0,0,0
2,0,0,14,80,2725,2655,70,1,525,325,12,1,0,0,0,2
0,0,0,18,54,2615,2620,-5,0,17,17,-1,2,0,0,0,1
-6,1,0,20,80,2615,2725,-110,-1,-385,215,-18,0,0,-1,-1,1
2,0,0,14,73,2635,2610,25,1,569,369,6,0,0,-1,-3,1
0,1,2,22,71,2630,2600,30,0,11,11,-1,1,-1,0,0,0
0,2,2,28,34,2605,2655,-50,0,-9,-9,-12,0,0,0,1,0
1,1,2,23,57,2780,2620,160,0,19,-81,-9,1,-1,1,-1,-1
0,0,0,14,66,2635,2605,30,0,-6,-6,-3,-1,0,0,-1,-1
-1,1,1,19,53,2615,2685,-70,0,0,100,-14,0,0,0,2,-1
1,0,0,9,80,2615,2625,-10,0,8,-92,-2,-1,0,0,-1,0
-1,0,0,13,77,2600,2605,-5,0,0,100,14,1,0,-1,0,0
-1,1,1,23,54,2610,2720,-110,0,-27,73,2,2,0,0,1,0
0,0,0,20,33,2600,2605,-5,0,13,13,-1,1,0,0,0,0
-1,0,0,15,80,2630,2615,15,0,-73,27,7,-2,0,0,1,-3
0,0,1,12,80,2655,2780,-125,-1,-70,-70,-7,0,0,0,2,3
1,1,0,13,80,2620,2635,-15,1,421,321,6,1,0,0,0,0
0,2,2,20,48,2605,2600,5,0,5,5,-6,1,0,0,0,0
-2,0,0,14,80,2605,2615,-10,0,-8,192,-4,-3,0,1,-2,-2
3,0,1,15,77,2655,2605,50,-1,-596,-896,-11,1,0,0,1,-1
4,0,1,18,74,2620,2620,0,-1,-812,-1212,-39,-1,0,-1,-4,-2
0,0,1,20,51,2605,2605,0,1,732,732,37,2,0,0,0,0
1,0,0,11,73,2625,2615,10,1,481,381,0,-1,0,0,-1,0
-1,1,0,15,80,2655,2780,-125,-1,-1064,-964,-27,-3,0,0,-1,-1
0,2,2,30,24,2620,2610,10,0,-15,-15,4,0,0,0,0,0
-1,1,1,17,80,2605,2720,-115,0,0,100,4,2,0,1,4,0
0,0,0,22,58,2620,2625,-5,0,-54,-54,-2,0,0,-1,1,0
-3,1,1,17,80,2780,2720,60,1,500,800,-7,1,0,0,0,0
1,1,0,13,80,2610,2685,-75,1,261,161,19,2,0,1,-1,0
0,1,1,18,67,2635,2600,35,1,826,826,35,0,0,0,0,0
1,0,0,13,80,2720,2615,105,1,471,371,10,-1,0,0,0,-1
1,0,0,13,80,2655,2615,40,1,268,168,4,1,0,0,-1,1
-6,1,1,14,80,2600,2620,-20,0,-5,595,-19,-1,0,1,3,0
-2,1,2,28,52,2620,2605,15,-1,-571,-371,-7,-1,-1,0,2,0
0,2,2,30,31,2605,2605,0,0,0,0,1,0,0,0,0,0
-1,2,1,21,59,2625,2605,20,0,-275,-175,10,-1,1,0,-3,-1
0,1,1,12,80,2605,2605,0,0,0,0,3,0,0,0,-1,-1
0,2,2,30,21,2615,2605,10,0,49,49,18,0,0,0,0,0
0,2,2,24,42,2605,2670,-65,0,17,17,4,0,0,0,0,0
1,0,0,19,80,2620,2630,-10,0,198,98,11,-1,0,-1,-1,1
-1,1,1,19,80,2615,2615,0,0,8,108,5,0,0,0,-1,-1
-3,2,2,23,42,2635,2720,-85,0,12,312,-11,2,0,0,0,0
0,1,1,18,80,2620,2600,20,0,-102,-102,-1,1,0,0,1,0
1,1,0,15,73,2780,2635,145,1,11,-89,10,0,0,0,2,-1
0,1,1,18,80,2630,2625,5,0,22,22,8,0,0,1,0,-1
1,1,2,21,51,2670,2685,-15,0,-15,-115,-15,0,-1,0,1,0
0,2,1,28,29,2600,2610,-10,0,153,153,-7,-1,1,0,-1,1
-3,1,1,15,80,2655,2655,0,1,208,508,-37,-1,0,0,0,0
1,1,0,13,80,2605,2615,-10,1,800,700,-19,0,0,0,-1,1
0,2,2,30,36,2605,2780,-175,0,71,71,12,-1,0,0,0,0
0,1,1,28,49,2600,2635,-35,0,-168,-168,4,-1,0,0,0,0
-1,0,1,13,80,2615,2620,-5,0,0,100,-1,2,0,0,-1,1
3,2,0,23,54,2655,2720,-65,-1,-907,-1207,-1,1,1,0,0,-1
-2,1,0,18,80,2615,2600,15,-1,-380,-180,-4,0,0,-1,-2,0
0,0,0,18,63,2615,2605,10,0,-114,-114,-13,2,0,0,1,0
0,1,1,14,80,2720,2670,50,0,10,10,3,0,0,1,2,0
-5,1,1,17,70,2635,2610,25,-1,-1011,-511,-14,-2,0,0,4,-2
0,0,1,20,38,2685,2625,60,0,-36,-36,-3,1,0,0,-2,0
0,1,1,16,51,2615,2655,-40,0,31,31,5,0,0,0,0,0
1,0,0,23,80,2610,2630,-20,1,35,-65,2,-1,0,0,0,0
0,1,0,20,80,2630,2615,15,0,0,0,4,1,0,0,0,0
-1,1,0,23,80,2725,2630,95,1,13,113,0,0,0,2,1,-1
1,1,1,19,80,2600,2725,-125,1,85,-15,6,0,0,0,0,1
-2,1,2,20,80,2615,2725,-110,0,-27,173,12,1,-1,1,1,-2
2,0,1,14,80,2725,2610,115,1,492,292,8,1,0,0,1,0
3,0,0,15,79,2720,2725,-5,1,713,413,23,0,0,0,1,-2
-1,0,1,15,80,2615,2610,5,0,22,122,8,0,0,0,0,1
0,1,1,12,80,2725,2670,55,0,-317,-317,-20,1,0,0,-2,0
0,1,1,18,52,2720,2670,50,0,32,32,-9,1,0,0,2,-1
2,0,0,14,78,2610,2670,-60,-1,-10000,-10200,-27,-1,0,0,-2,1
0,1,0,14,80,2725,2720,5,0,0,0,12,-1,0,0,2,0
-3,1,0,17,80,2630,2610,20,0,-10,290,6,1,0,0,2,-1
-1,0,0,17,80,2630,2725,-95,-1,-793,-693,-8,1,0,0,0,-1
0,1,2,18,80,2615,2630,-15,-1,-160,-160,-5,0,-1,0,0,0
-1,1,0,13,80,2725,2600,125,-1,27,127,-11,-2,0,0,2,-1
1,0,1,11,80,2630,2630,0,1,524,424,6,1,0,0,2,0
1,1,0,19,80,2670,2600,70,1,499,399,19,1,0,1,3,1
1,2,1,17,80,2610,2725,-115,1,365,265,10,0,1,0,-1,1
-3,0,0,17,80,2600,2630,-30,0,-114,186,7,2,0,-1,-1,2
0,1,0,16,61,2630,2670,-40,0,1,1,-3,-1,0,0,1,1
0,2,1,16,80,2725,2615,110,-1,144,144,7,1,1,-1,-2,0
-2,1,1,18,80,2630,2725,-95,-1,-233,-33,-2,1,0,1,1,-1
-3,1,2,19,53,2725,2630,95,1,919,1219,10,1,-1,0,1,0
-1,0,2,27,39,2600,2630,-30,0,26,126,8,-1,-1,-1,0,1
0,0,0,14,80,2720,2600,120,0,0,0,0,1,0,0,2,-1
-4,2,1,14,80,2600,2610,-10,-1,-390,10,-13,0,1,1,-1,0
-3,1,0,15,80,2670,2610,60,-1,-557,-257,-20,3,0,0,2,1
0,0,1,12,80,2615,2670,-55,0,10,10,-3,-1,0,0,-1,0
2,0,1,16,80,2720,2615,105,0,141,-59,-13,-1,0,-1,-3,2
-1,0,0,17,77,2615,2630,-15,0,-349,-249,1,0,0,0,1,-1
2,1,0,14,80,2600,2720,-120,0,375,175,-31,-1,0,0,2,-2
0,0,0,12,72,2720,2610,110,0,0,0,-1,-2,0,-1,-1,-1
0,1,0,16,80,2630,2720,-90,0,-8,-8,-1,1,0,0,0,0
1,1,0,15,80,2600,2615,-15,-1,-231,-331,-4,1,0,0,-1,3
-1,1,1,27,80,2610,2600,10,0,15,115,10,1,0,0,0,0
0,1,0,20,80,2670,2630,40,1,138,138,-3,0,0,0,-1,0
-3,1,0,13,80,2615,2720,-105,-1,-747,-447,1,0,0,0,0,1
0,0,0,14,80,2720,2630,90,1,0,0,-8,0,0,0,-1,2
0,2,0,26,80,2720,2670,50,0,73,73,5,-1,1,-1,-1,1
-1,0,0,19,80,2630,2615,15,-1,-737,-637,-11,0,0,0,-1,1
-3,1,1,15,80,2630,2600,30,-1,-630,-330,-5,-1,0,0,-1,0
0,1,1,10,80,2630,2600,30,1,458,458,5,-1,0,1,2,-2
1,1,0,13,80,2670,2725,-55,1,156,56,3,1,0,0,3,1
-1,0,1,21,63,2670,2630,40,1,10000,10100,17,1,0,0,2,2
0,1,0,24,65,2630,2670,-40,1,798,798,8,1,0,0,0,2
1,0,1,13,80,2600,2670,-70,0,26,-74,5,-1,0,-1,-1,0
0,1,0,12,80,2615,2600,15,0,2,2,7,1,0,0,1,1
-1,2,1,17,67,2630,2630,0,-1,-711,-611,-11,-2,1,0,-2,1
-1,0,0,17,71,2630,2720,-90,1,688,788,26,0,0,0,-1,0
0,1,1,14,74,2610,2720,-110,0,0,0,-2,-2,0,0,-1,-1
-5,1,1,15,80,2610,2630,-20,0,0,500,-42,1,0,0,2,-1
0,1,1,18,49,2670,2615,55,0,-8,-8,-6,0,0,0,-2,1
-3,0,0,15,80,2610,2615,-5,0,-896,-596,-4,-2,0,0,0,-1
0,0,0,10,80,2720,2630,90,1,0,0,-14,-1,0,0,1,1
0,0,1,12,63,2630,2610,20,0,2,2,-10,0,0,0,0,0
0,1,0,16,73,2665,2670,-5,1,1001,1001,4,0,0,-1,-3,0
1,1,2,13,80,2725,2620,105,1,497,397,19,1,-1,0,4,-1
-6,0,1,12,72,2655,2655,0,-1,-817,-217,-10,-1,0,0,-2,2
0,0,0,14,77,2655,2655,0,0,0,0,-3,0,0,-1,-1,1
0,2,0,16,80,2655,2655,0,0,0,0,-3,-1,1,0,0,0
4,0,0,14,75,2670,2655,15,1,2764,2364,40,0,0,0,-1,0
0,1,1,16,80,2620,2655,-35,0,-72,-72,8,0,0,0,0,-1
1,0,1,15,74,2665,2725,-60,1,682,582,-11,-1,0,0,0,0
2,0,0,14,80,2655,2655,0,0,123,-77,-24,-1,0,0,-1,-2
0,1,1,12,72,2655,2665,-10,0,0,0,1,2,0,0,2,1
0,0,0,14,80,2655,2620,35,0,23,23,-18,0,0,0,1,-1
-3,0,0,17,80,2725,2670,55,-1,-554,-254,4,-2,0,1,0,1
-2,0,0,12,80,2665,2655,10,-1,-11,189,-14,0,0,1,2,-2
-4,0,2,14,80,2620,2655,-35,-1,-577,-177,-22,1,-1,0,0,0
0,2,1,22,80,2725,2655,70,0,12,12,0,0,1,0,0,0
1,0,1,17,72,2670,2655,15,0,75,-25,6,0,0,-1,-1,0
1,1,0,9,80,2655,2620,35,0,132,32,-2,1,0,0,-1,1
1,0,1,17,80,2655,2665,-10,0,127,27,-4,0,0,0,-1,0
-1,0,1,11,80,2655,2725,-70,0,0,100,-4,0,0,0,1,-2
0,2,2,28,37,2655,2670,-15,0,109,109,22,0,0,0,0,0
-2,0,0,18,49,2670,2620,50,1,669,869,-8,-1,0,0,-1,0
3,1,1,13,79,2655,2655,0,1,597,297,10,-1,0,0,-2,0
1,1,0,9,80,2665,2655,10,1,34,-66,0,1,0,0,1,1
0,2,1,24,80,2725,2655,70,1,241,241,-11,-3,1,0,0,0
0,1,1,20,43,2655,2670,-15,0,20,20,6,-1,0,-1,-2,1
-2,1,0,20,41,2620,2665,-45,0,0,200,32,1,0,-1,-3,1
0,2,2,26,27,2655,2725,-70,0,17,17,0,0,0,0,0,0
2,1,1,16,80,2655,2655,0,1,80,-120,-12,-1,0,-1,-2,2
2,1,1,16,80,2625,2715,-90,1,592,392,0,0,0,0,0,0
0,1,1,16,61,2715,2610,105,1,93,93,12,1,0,0,2,1
2,2,1,12,80,2610,2625,-15,1,529,329,10,0,1,0,1,-1
-2,0,0,14,80,2670,2600,70,-1,-10000,-9800,-45,-2,0,-1,-2,1
0,0,0,14,70,2600,2600,0,0,2,2,-7,-2,0,0,-1,0
-1,1,1,25,80,2600,2625,-25,-1,-135,-35,-12,-1,0,0,-1,0
1,0,0,13,80,2655,2670,-15,1,31,-69,2,1,0,0,1,-1
0,2,1,16,80,2715,2600,115,0,0,0,-10,0,1,-1,-2,0
-2,1,1,12,80,2615,2670,-55,0,-20,180,-5,1,0,1,2,-2
-4,0,1,12,80,2710,2655,55,-1,-588,-188,-6,-2,0,0,-2,-2
0,1,1,12,80,2655,2600,55,0,11,11,-1,0,0,0,0,0
0,0,1,16,66,2635,2670,-35,0,265,265,-24,-2,0,0,1,0
-1,1,0,11,80,2610,2715,-105,0,-119,-19,-1,0,0,0,0,0
0,2,2,28,23,2605,2625,-20,0,13,13,-5,0,0,0,0,0
0,2,1,24,37,2635,2655,-20,0,-3,-3,-1,0,1,0,-2,1
1,1,1,15,80,2625,2615,10,1,432,332,5,-1,0,0,4,2
0,1,0,16,76,2655,2625,30,0,31,31,8,0,0,1,0,0
3,0,2,15,80,2635,2665,-30,0,45,-255,-16,0,-1,0,0,1
0,1,0,8,80,2665,2615,50,0,-50,-50,11,-2,0,0,-1,-2
3,0,1,19,47,2625,2630,-5,1,477,177,2,1,0,0,0,0
0,2,2,30,31,2665,2625,40,0,11,11,-1,0,0,0,0,0
0,1,1,20,41,2630,2615,15,0,28,28,2,0,0,0,-1,1
3,1,0,13,73,2665,2655,10,1,751,451,-5,-1,0,0,-3,0
2,1,1,16,66,2655,2630,25,0,51,-149,4,-1,0,0,-2,1
0,0,0,14,80,2635,2625,10,0,77,77,6,1,0,0,2,-1
3,1,0,19,45,2630,2635,-5,0,20,-280,5,0,0,0,1,-1
1,0,1,19,59,2665,2630,35,0,6,-94,-12,1,0,1,1,0
3,1,1,21,41,2615,2635,-20,1,687,387,0,2,0,1,0,-2
0,1,1,22,50,2655,2615,40,0,1,1,-9,-1,0,-1,1,0
-1,1,0,15,80,2605,2630,-25,0,-5,95,-3,-3,0,-1,-1,-2
0,1,1,22,80,2605,2605,0,0,25,25,-18,1,0,0,0,0
0,2,2,30,17,2605,2630,-25,0,20,20,16,0,0,0,0,0
0,1,1,14,80,2655,2655,0,-1,14,14,10,1,0,0,-2,0
-1,0,1,19,79,2630,2685,-55,1,10000,10100,30,1,0,0,2,1
0,0,0,16,80,2780,2630,150,1,20,20,-4,0,0,0,0,1
-1,0,0,11,80,2655,2670,-15,0,17,117,-1,-1,0,0,-1,0
-2,0,0,14,80,2635,2670,-35,-1,-813,-613,-1,0,0,-1,-1,1
-7,1,1,17,72,2665,2655,10,-1,-2298,-1598,-1,2,0,1,-2,1
3,1,1,19,80,2780,2655,125,1,415,115,-3,-2,0,-1,-3,0
2,0,0,14,80,2780,2670,110,1,478,278,9,0,0,0,0,1
0,1,1,20,67,2635,2655,-20,1,692,692,10,1,0,0,1,0
-1,1,1,19,80,2635,2725,-90,1,304,404,2,1,0,-1,-2,-2
-2,1,2,18,74,2655,2780,-125,-1,-10000,-9800,5,0,-1,0,-1,-2
0,1,2,14,80,2655,2635,20,-1,-8,-8,-5,0,-1,0,-2,1
4,1,1,20,77,2670,2780,-110,1,905,505,7,0,0,-1,0,1
0,0,0,10,80,2670,2635,35,0,0,0,-4,-2,0,0,0,-2
-1,0,0,17,80,2685,2630,55,1,88,188,5,-1,0,0,-1,-1
-2,0,1,14,80,2670,2655,15,1,0,200,2,3,0,0,0,1
-1,0,1,11,80,2630,2780,-150,-1,-296,-196,2,0,0,0,-2,2
1,1,1,15,80,2655,2665,-10,1,509,409,12,-2,0,0,-1,-1
0,1,1,16,80,2655,2655,0,0,513,513,2,-1,0,0,-1,0
0,1,1,16,80,2725,2635,90,1,-19,-19,3,1,0,0,0,-2
1,2,0,23,74,2780,2670,110,1,812,712,26,0,1,0,-1,1
0,0,1,16,67,2635,2725,-90,1,-47,-47,-3,1,0,0,-2,1
-4,0,0,12,66,2670,2780,-110,-1,-573,-173,1,-2,0,0,1,-1
0,2,2,20,77,2620,2605,15,0,11,11,4,0,0,0,1,0
1,0,1,11,80,2625,2630,-5,0,-10,-110,2,0,0,-1,-3,1
-1,1,2,21,80,2670,2655,15,1,431,531,11,-2,-1,2,-1,0
0,1,1,24,47,2720,2665,55,0,12,12,-9,2,0,0,0,0
0,1,1,24,74,2620,2720,-100,0,101,101,1,1,0,0,1,0
-1,1,2,15,58,2630,2665,-35,-1,-859,-759,-6,-1,-1,0,3,0
-1,0,0,15,80,2780,2670,110,-1,-211,-111,-1,0,0,0,0,0
1,1,1,19,57,2670,2625,45,0,-11,-111,-1,0,0,0,2,1
1,2,0,19,53,2665,2620,45,1,943,843,-15,1,1,-1,1,2
0,1,1,22,55,2720,2655,65,0,0,0,3,-1,0,0,0,0
3,0,1,17,63,2780,2720,60,1,641,341,26,-1,0,0,0,-1
-5,2,2,25,54,2655,2665,-10,0,-9,491,-17,2,0,0,0,0
0,1,1,18,80,2630,2620,10,1,398,398,2,-1,0,0,-3,-2
2,0,1,18,80,2620,2655,-35,1,554,354,11,0,0,1,2,0
0,1,2,18,80,2665,2780,-115,0,57,57,-4,0,-1,0,-1,-1
1,1,2,19,80,2670,2630,40,1,18,-82,13,0,-1,0,1,-1
-3,2,1,17,80,2720,2625,95,1,610,910,7,-1,1,1,0,0
0,2,2,32,35,2625,2665,-40,0,43,43,10,1,0,0,0,0
1,0,0,13,80,2630,2665,-35,1,350,250,7,1,0,0,-3,-1
5,2,1,21,55,2780,2620,160,1,805,305,-1,1,1,0,2,-1
0,1,1,12,80,2720,2670,50,0,0,0,2,0,0,0,0,-1
0,2,1,26,52,2655,2780,-125,0,33,33,-3,0,1,0,0,0
0,1,0,12,80,2620,2625,-5,-1,-52,-52,-4,-2,0,0,-1,-1
0,2,2,24,31,2630,2780,-150,0,-37,-37,-1,0,0,0,0,0
3,1,0,15,80,2630,2665,-35,-1,-246,-546,6,0,0,0,-1,1
1,0,0,11,80,2670,2665,5,0,15,-85,-4,0,0,0,1,0
-1,0,1,15,65,2780,2625,155,0,2,102,13,-1,0,1,1,-2
-4,0,0,18,80,2620,2670,-50,-1,-725,-325,1,-2,0,0,0,-1
-1,0,1,13,80,2720,2630,90,0,-18,82,-27,-1,0,0,1,2
1,1,1,23,49,2620,2620,0,0,508,408,20,-1,0,0,1,0
1,0,0,11,80,2620,2635,-15,1,186,86,13,0,0,0,2,1
4,1,2,24,49,2620,2620,0,0,45,-355,4,1,-1,0,0,1
0,2,2,24,38,2620,2635,-15,0,55,55,3,1,0,1,2,1
2,1,0,16,71,2720,2655,65,1,10000,9800,13,0,0,0,0,2
1,0,1,17,80,2600,2605,-5,0,0,-100,-23,0,0,0,0,2
-1,0,0,9,80,2720,2600,120,0,-21,79,-2,-2,0,0,1,-1
1,1,0,15,80,2720,2620,100,1,881,781,-17,0,0,0,-1,0
1,0,0,11,80,2725,2620,105,0,18,-82,1,2,0,0,0,1
0,0,1,18,80,2655,2655,0,1,679,679,4,-3,0,0,-2,-1
0,1,1,12,71,2665,2655,10,0,19,19,12,0,0,0,1,0
0,1,1,16,80,2615,2605,10,1,490,490,5,1,0,0,0,0
-4,0,0,14,80,2600,2655,-55,0,7,407,-31,-1,0,0,-1,1
0,2,2,26,41,2615,2630,-15,0,8,8,5,0,0,0,1,0
9,1,0,21,49,2605,2600,5,0,14,-886,18,0,0,0,0,0
1,0,0,13,80,2620,2720,-100,-1,16,-84,-1,0,0,0,-1,0
1,0,0,11,80,2600,2720,-120,0,27,-73,-11,-2,0,0,0,1
1,2,2,25,21,2655,2600,55,0,-14,-114,39,0,0,0,1,1
0,2,1,20,80,2655,2655,0,1,252,252,12,-2,1,0,0,1
0,0,0,18,80,2630,2615,15,0,37,37,-5,-1,0,0,0,0
9,2,1,23,33,2620,2725,-105,0,60,-840,20,0,1,0,2,-1
0,1,1,20,55,2655,2665,-10,0,-25,-25,-3,0,0,0,0,0
2,0,1,14,80,2655,2720,-65,1,879,679,9,-1,0,1,-3,0
1,1,0,23,35,2605,2615,-10,0,4,-96,12,-1,0,-1,0,1
0,0,0,22,63,2615,2630,-15,0,0,0,8,-1,0,-1,0,0
3,1,2,17,80,2655,2655,0,1,622,322,2,2,-1,0,0,1
0,2,1,20,80,2655,2665,-10,0,-12,-12,-8,0,1,0,0,0
0,0,1,14,78,2600,2655,-55,0,0,0,9,-1,0,0,0,0
-4,0,0,14,80,2655,2720,-65,1,236,636,-19,-1,0,0,1,1
0,0,0,10,77,2720,2600,120,1,669,669,2,-1,0,0,2,0
0,0,0,10,80,2725,2620,105,-1,364,364,-3,-1,0,-1,-2,1
0,1,1,14,60,2600,2605,-5,0,18,18,-2,-1,0,0,-1,-1
2,1,1,20,80,2720,2655,65,1,611,411,-31,-2,0,0,-2,2
-4,0,0,14,80,2630,2615,15,-1,-732,-332,2,0,0,0,2,0
0,1,1,18,40,2655,2655,0,0,-107,-107,4,-1,0,1,1,0
-1,1,0,15,80,2600,2720,-120,-1,-373,-273,-7,0,0,1,1,-1
3,1,1,19,57,2655,2600,55,1,693,393,21,1,0,-1,0,-1
1,1,1,17,65,2665,2655,10,0,19,-81,4,0,0,0,-1,1
0,0,0,12,58,2605,2600,5,0,1,1,1,0,0,0,0,-1
-2,1,1,16,80,2620,2725,-105,0,484,684,12,2,0,0,3,1
0,1,1,14,77,2605,2600,5,0,0,0,3,0,0,0,0,0
0,1,1,26,60,2720,2655,65,0,-55,-55,-8,1,0,0,0,0
-1,0,0,11,80,2665,2655,10,0,0,100,0,0,0,0,0,-1
-1,1,1,13,80,2655,2665,-10,0,-604,-504,-5,-2,0,0,0,0
0,0,0,20,65,2600,2605,-5,0,0,0,5,-1,0,0,-1,0
1,0,1,15,80,2655,2720,-65,1,403,303,5,0,0,0,2,0
0,0,0,16,80,2600,2605,-5,1,114,114,-1,-1,0,0,-1,2
0,0,0,14,58,2655,2615,40,0,18,18,19,0,0,0,1,1
-1,2,0,23,80,2615,2600,15,-1,-264,-164,-35,0,1,0,1,1
0,0,0,20,60,2615,2635,-20,0,0,0,-3,0,0,0,0,0
0,1,1,16,57,2600,2620,-20,0,13,13,5,-1,0,0,1,0
0,2,2,30,33,2615,2600,15,0,1,1,14,0,0,0,0,0
0,1,2,20,41,2635,2665,-30,0,-5,-5,-5,0,-1,1,0,1
0,1,2,26,49,2615,2655,-40,0,-44,-44,-2,0,-1,0,1,-1
0,0,0,16,80,2615,2600,15,0,0,0,2,0,0,0,0,0
-2,2,2,26,30,2635,2600,35,0,-10,190,-2,-2,0,0,1,0
0,0,1,20,57,2600,2665,-65,0,0,0,34,-1,0,1,1,-2
4,0,2,18,80,2655,2620,35,1,357,-43,12,1,-1,0,0,2
0,1,1,22,80,2615,2655,-40,0,370,370,22,-2,0,0,0,0
-3,2,2,27,24,2615,2615,0,0,13,313,-7,1,0,0,0,0
0,2,1,18,80,2600,2600,0,0,21,21,-28,-3,1,0,-1,0
0,2,1,26,34,2615,2620,-5,0,102,102,-4,-2,1,0,0,0
0,2,2,28,44,2615,2635,-20,0,-9,-9,3,0,0,0,1,0
0,2,1,14,80,2655,2665,-10,0,25,25,8,1,1,1,0,0
0,1,1,20,63,2620,2615,5,0,42,42,6,0,0,0,1,0
1,0,1,13,80,2615,2615,0,1,383,283,-9,1,0,1,1,-1
3,1,0,11,73,2620,2615,5,1,730,430,5,-2,0,0,1,-1
0,0,0,14,54,2600,2635,-35,0,3,3,1,-1,0,1,3,-1
0,2,1,28,29,2655,2600,55,0,-9,-9,-1,0,1,0,1,-1
1,0,0,13,80,2615,2665,-50,0,0,-100,-34,0,0,0,-3,0
2,1,0,18,76,2665,2620,45,1,245,45,1,-1,0,-2,-3,1
0,2,2,30,39,2615,2615,0,0,-3,-3,7,0,0,0,0,0
3,2,1,23,47,2615,2600,15,0,15,-285,16,1,1,0,0,0
-2,0,1,18,60,2615,2665,-50,0,12,212,-9,1,0,0,-1,1
0,1,0,18,56,2615,2600,15,0,37,37,0,0,0,0,2,-1
1,1,1,13,80,2655,2635,20,0,24,-76,-3,1,0,0,0,1
-1,0,0,9,80,2600,2620,-20,0,0,100,0,0,0,0,0,-1
0,2,1,22,39,2665,2615,50,0,16,16,-7,-1,1,0,-2,1
2,0,0,14,80,2615,2635,-20,1,540,340,6,0,0,-1,-1,3
-5,0,1,21,65,2615,2600,15,0,-80,420,7,-1,0,1,1,-2
-1,0,0,13,71,2655,2600,55,1,611,711,4,3,0,0,2,1
-4,1,1,10,80,2635,2620,15,0,5,405,-4,0,0,0,-1,0
-2,1,1,12,80,2600,2665,-65,-1,-591,-391,-15,-1,0,0,-2,0
9,0,0,9,73,2600,2610,-10,1,879,-21,21,0,0,0,1,1
0,1,1,18,80,2610,2600,10,0,77,77,4,0,0,0,0,0
0,0,0,14,64,2600,2610,-10,0,9,9,-25,0,0,0,1,0
-5,1,0,15,80,2610,2600,10,0,12,512,-11,2,0,0,-1,0
1,1,2,17,59,2600,2610,-10,0,20,-80,1,-1,-1,0,0,1
0,0,0,22,55,2610,2600,10,0,-2,-2,-6,-1,0,0,1,-1
0,0,0,22,35,2635,2620,15,0,-24,-24,-8,1,0,1,1,-1
0,1,1,20,53,2620,2615,5,1,582,582,-11,1,0,0,-1,1
0,0,0,10,67,2615,2635,-20,0,-7,-7,7,2,0,0,3,0
0,1,1,8,80,2685,2670,15,0,3,3,-6,-1,0,0,2,-1
0,0,0,16,80,2600,2620,-20,0,1,1,-14,2,0,0,1,1
-3,0,1,11,80,2685,2600,85,-1,-486,-186,-15,-1,0,0,-2,0
2,1,1,12,80,2670,2620,50,0,-1,-201,4,-1,0,-1,-1,-1
-5,1,1,15,62,2600,2670,-70,0,0,500,-13,-2,0,-1,0,2
0,1,1,16,80,2620,2685,-65,0,46,46,5,-1,0,0,2,-1
1,1,0,13,80,2620,2600,20,0,57,-43,-23,-3,0,0,-3,-1
0,1,1,22,80,2670,2685,-15,0,58,58,0,1,0,0,0,0
0,0,0,14,79,2670,2600,70,1,814,814,13,2,0,0,1,-1
1,0,1,19,80,2685,2620,65,1,206,106,6,-1,0,0,-2,0
-1,0,0,11,80,2620,2670,-50,0,-19,81,-13,0,0,0,-1,0
0,2,2,20,44,2600,2685,-85,-1,-915,-915,-11,-2,0,0,-1,1
0,1,0,12,80,2615,2645,-30,0,-5,-5,-2,-1,0,0,0,0
0,0,1,18,80,2635,2725,-90,-1,-271,-271,-6,-1,0,0,1,1
-1,1,0,11,80,2725,2635,90,-1,-412,-312,-15,0,0,0,1,1
0,1,0,16,80,2635,2725,-90,0,156,156,1,1,0,0,1,0
0,2,2,22,40,2725,2635,90,0,-41,-41,-5,0,0,0,0,0
2,0,2,18,80,2635,2725,-90,0,48,-152,-8,0,-1,0,1,1
-1,1,1,19,65,2725,2635,90,1,10000,10100,33,1,0,0,-1,2
0,1,1,24,41,2635,2725,-90,0,9,9,8,-2,0,0,0,0
0,1,1,18,55,2725,2635,90,0,-3,-3,-10,0,0,1,-1,0
1,1,1,21,80,2635,2725,-90,0,41,-59,-4,0,0,-1,-2,0
-1,1,1,15,80,2725,2635,90,1,25,125,1,-1,0,1,1,-1
0,2,2,32,21,2635,2725,-90,0,20,20,9,0,0,0,0,0
0,2,2,20,80,2725,2635,90,0,96,96,5,-1,0,1,0,0
0,0,0,18,53,2635,2725,-90,0,4,4,18,-1,0,0,0,0
1,0,1,9,80,2725,2635,90,1,238,138,-1,-1,0,0,1,-1
-2,0,1,16,68,2635,2725,-90,-1,-632,-432,12,-1,0,-1,-3,-2
1,1,1,15,80,2725,2635,90,1,342,242,9,-1,0,0,0,0
0,1,1,20,66,2635,2725,-90,0,30,30,2,1,0,1,0,1
0,0,1,12,76,2725,2635,90,0,-20,-20,1,1,0,0,0,1
1,1,1,9,80,2635,2725,-90,0,16,-84,7,1,0,0,-1,1
0,0,0,14,80,2725,2635,90,-1,-1558,-1558,-34,-1,0,0,-1,0
3,2,0,25,37,2635,2725,-90,0,-106,-406,11,0,1,0,0,0
-1,1,2,23,60,2620,2690,-70,0,-3,97,-7,-1,-1,0,0,0
1,0,0,17,80,2655,2610,45,1,358,258,-1,1,0,1,3,1
-1,0,0,11,80,2620,2620,0,0,-8,92,1,0,0,0,1,-1
0,1,1,28,18,2620,2685,-65,0,9,9,10,0,0,0,0,0
0,2,2,28,36,2620,2660,-40,0,44,44,5,0,0,0,1,0
0,0,0,16,80,2610,2605,5,0,125,125,11,1,0,0,0,-1
0,1,1,14,80,2655,2615,40,1,567,567,7,0,0,0,-2,-1
0,2,2,22,37,2610,2690,-80,0,-30,-30,5,1,0,0,0,0
0,1,0,12,69,2670,2625,45,0,3,3,22,0,0,0,0,0
0,1,2,26,37,2645,2670,-25,0,-9,-9,0,2,-1,-1,0,0
0,0,0,18,80,2630,2645,-15,1,174,174,-4,-1,0,0,0,1
1,1,0,19,80,2635,2620,15,1,56,-44,-15,0,0,0,0,1
2,1,0,18,61,2670,2640,30,1,652,452,12,3,0,-1,1,0
0,2,1,20,67,2605,2655,-50,0,-274,-274,-7,1,1,0,1,1
0,2,1,22,54,2610,2620,-10,0,34,34,5,-1,1,1,1,0
1,1,1,17,80,2710,2630,80,1,257,157,6,0,0,1,2,1
0,1,2,12,78,2655,2690,-35,0,11,11,0,-1,-1,1,3,-1
4,2,2,22,79,2610,2625,-15,1,891,491,0,-1,0,-2,-3,1
0,2,1,22,45,2610,2670,-60,0,10,10,-2,-2,1,0,0,0
1,0,0,17,80,2670,2615,55,1,512,412,-21,-1,0,0,1,1
0,1,1,22,37,2620,2610,10,0,7,7,3,0,0,0,0,0
0,1,1,22,43,2605,2605,0,0,23,23,-2,0,0,-1,1,1
0,1,1,18,47,2670,2710,-40,0,9,9,0,0,0,0,1,0
-1,0,0,15,80,2685,2605,80,1,99,199,-1,0,0,0,-1,1
0,1,1,12,80,2610,2615,-5,0,20,20,-2,1,0,0,0,0
-1,1,2,23,38,2630,2610,20,0,0,100,26,1,-1,0,-1,0
1,1,0,13,80,2660,2610,50,1,286,186,8,1,0,0,-1,0
0,1,0,16,80,2625,2620,5,0,47,47,8,2,0,1,3,-1
0,0,0,14,68,2615,2710,-95,0,0,0,0,-2,0,0,-1,1
0,1,2,20,41,2630,2615,15,0,-8,-8,-1,0,-1,0,-2,1
1,1,1,21,69,2710,2610,100,1,755,655,5,-1,0,0,1,1
0,0,1,22,80,2640,2605,35,0,0,0,2,-1,0,1,0,0
0,2,1,24,80,2655,2625,30,1,61,61,-9,0,1,0,1,-1
0,2,2,20,80,2710,2660,50,0,-70,-70,1,0,0,0,1,-1
-3,2,1,15,80,2610,2630,-20,-1,-581,-281,-33,0,1,1,2,-1
0,1,2,28,23,2670,2685,-15,0,0,0,9,0,-1,-1,-1,1
-1,0,0,17,55,2610,2625,-15,0,25,125,5,1,0,1,1,-1
0,1,1,18,80,2685,2630,55,-1,-402,-402,-6,-2,0,0,1,-1
0,2,1,22,72,2630,2655,-25,0,-6,-6,0,1,1,0,0,-2
-2,0,0,10,80,2605,2620,-15,-1,-235,-35,8,1,0,0,0,0
0,1,0,20,36,2605,2710,-105,0,-9,-9,0,0,0,0,0,0
9,1,2,25,23,2635,2670,-35,0,-47,-947,48,0,-1,1,1,-1
4,0,1,14,57,2690,2710,-20,1,493,93,-9,2,0,-1,-1,2
1,0,0,15,80,2635,2610,25,-1,0,-100,5,0,0,-1,1,1
1,1,1,15,63,2630,2660,-30,0,10,-90,9,1,0,0,0,1
1,1,2,11,80,2645,2685,-40,0,-4,-104,-44,0,-1,0,-1,0
0,1,1,18,80,2670,2620,50,0,-234,-234,0,1,0,0,0,1
0,1,0,18,67,2655,2610,45,1,817,817,-2,0,0,0,0,-2
1,1,1,13,80,2660,2605,55,1,158,58,-24,1,0,0,1,1
1,2,0,19,80,2670,2690,-20,-1,-186,-286,1,0,1,0,1,-1
0,1,0,22,79,2655,2670,-15,0,9,9,-2,-1,0,0,-1,0
-1,2,1,21,80,2690,2630,60,0,-15,85,-1,1,1,0,0,-1
0,0,0,20,38,2640,2645,-5,0,22,22,-1,1,0,1,1,-1
1,0,0,17,80,2685,2620,65,1,99,-1,16,-1,0,0,1,2
1,1,1,19,80,2615,2610,5,0,29,-71,-2,1,0,0,-2,2
0,2,2,28,80,2625,2630,-5,0,60,60,9,1,0,-1,0,0
1,0,1,19,80,2605,2610,-5,1,302,202,-11,2,0,1,3,0
0,0,1,12,80,2605,2615,-10,1,293,293,4,0,0,1,0,-2
-1,0,1,15,80,2635,2710,-75,0,-28,72,2,-1,0,0,0,-1
-9,0,1,13,80,2620,2610,10,0,-67,833,-22,0,0,0,1,1
0,0,1,20,70,2630,2610,20,0,13,13,-8,0,0,0,-2,0
1,1,0,11,80,2670,2690,-20,0,20,-80,10,2,0,0,-3,0
1,1,1,19,45,2610,2635,-25,1,729,629,-3,2,0,0,0,1
-2,0,0,10,80,2620,2640,-20,-1,-195,5,-2,0,0,0,1,0
0,2,2,32,15,2630,2655,-25,0,18,18,6,0,0,0,0,0
0,0,0,18,56,2610,2620,-10,0,-5,-5,-5,0,0,0,0,0
-1,1,0,15,58,2610,2615,-5,0,-2,98,-6,0,0,0,1,-1
-2,0,1,20,80,2605,2710,-105,-1,-301,-101,1,0,0,0,0,0
-3,0,2,13,80,2620,2640,-20,1,236,536,-14,0,-1,0,-2,1
0,1,1,26,20,2630,2630,0,0,25,25,-4,-1,0,0,0,0
0,0,0,12,80,2610,2630,-20,0,11,11,2,0,0,0,2,0
2,1,0,20,75,2625,2620,5,1,903,703,3,1,0,0,-1,3
0,1,1,20,45,2660,2655,5,0,33,33,9,0,0,0,1,-1
1,1,1,21,57,2610,2660,-50,1,804,704,8,0,0,0,-1,1
3,2,0,27,21,2690,2685,5,0,9,-291,9,1,1,0,0,0
-1,0,1,13,76,2610,2710,-100,0,-9,91,2,-1,0,0,2,-2
1,0,1,15,80,2610,2670,-60,1,374,274,3,2,0,1,2,-1
0,0,1,24,40,2620,2635,-15,0,23,23,-10,0,0,0,0,0
-3,1,1,17,51,2610,2625,-15,1,825,1125,7,1,0,0,2,-1
3,1,1,15,73,2645,2610,35,1,762,462,0,0,0,0,-1,0
0,1,1,30,21,2630,2610,20,0,67,67,13,1,0,0,0,0
0,2,2,32,13,2605,2610,-5,0,43,43,11,0,0,0,0,0
0,2,1,18,80,2710,2620,90,0,11,11,-1,-1,1,0,-1,0
0,2,2,26,23,2685,2630,55,0,22,22,-6,1,0,0,0,0
2,1,0,22,80,2630,2625,5,1,350,150,-3,1,0,-1,-4,1
0,2,1,30,24,2600,2600,0,0,61,61,8,0,1,0,0,0
-4,0,1,14,74,2600,2635,-35,-1,-880,-480,-20,-2,0,1,0,-2
1,1,1,21,45,2655,2605,50,0,2,-98,52,0,0,0,-1,0
0,2,1,12,80,2670,2655,15,0,20,20,-5,0,1,0,2,0
0,0,1,16,80,2670,2615,55,0,11,11,-1,1,0,0,2,-1
1,1,0,13,80,2615,2655,-40,0,15,-85,11,0,0,0,-1,0
4,0,0,16,77,2605,2670,-65,1,810,410,14,2,0,-1,0,-2
2,1,0,20,61,2605,2615,-10,1,1538,1338,2,0,0,0,-1,1
1,1,0,17,71,2685,2645,40,1,10000,9900,39,3,0,0,2,0
0,2,2,28,29,2685,2645,40,0,-188,-188,23,-1,0,0,1,-1
0,0,0,12,80,2645,2685,-40,1,17,17,-2,-1,0,0,0,-1
0,2,2,24,37,2685,2615,70,0,-33,-33,13,-2,0,0,1,-1
0,2,1,18,59,2620,2645,-25,0,2,2,-2,1,1,1,0,0
-1,1,1,15,80,2655,2725,-70,-1,-175,-75,-7,0,0,0,-1,-2
-3,0,1,19,80,2615,2655,-40,-1,-601,-301,2,0,0,-1,-2,2
-1,2,0,19,80,2600,2620,-20,0,-31,69,-11,0,1,1,0,-1
0,1,2,22,47,2645,2685,-40,0,29,29,4,0,-1,0,1,-1
0,0,0,18,71,2725,2615,110,1,776,776,12,1,0,0,0,1
0,0,1,22,53,2685,2600,85,1,541,541,22,0,0,0,1,-1
1,1,1,17,51,2655,2645,10,1,766,666,20,3,0,0,0,1
-1,0,1,11,80,2620,2685,-65,0,0,100,-9,1,0,0,1,-2
1,1,1,15,75,2645,2725,-80,1,1301,1201,27,0,0,0,0,1
0,2,2,16,80,2600,2655,-55,1,32,32,6,1,0,0,0,0
1,1,1,15,80,2655,2620,35,0,75,-25,9,1,0,0,1,0
1,1,0,13,80,2725,2600,125,1,435,335,-13,1,0,0,-2,0
0,1,1,18,67,2615,2645,-30,1,618,618,7,2,0,0,0,1
1,1,1,25,27,2685,2655,30,0,83,-17,22,-1,0,-1,0,1
0,1,1,26,36,2600,2615,-15,0,586,586,-3,0,0,0,1,0
-1,0,0,15,80,2620,2725,-105,-1,-263,-163,6,0,0,0,2,0
1,0,0,13,80,2615,2620,-5,1,42,-58,-6,0,0,0,-3,1
1,0,0,11,80,2645,2600,45,0,8,-92,3,1,0,0,1,0
0,1,0,28,21,2725,2685,40,0,31,31,5,0,0,0,0,0
3,2,2,27,45,2605,2630,-25,0,54,-246,12,0,0,0,0,0
-2,1,0,14,80,2635,2655,-20,0,-82,118,-8,-1,0,0,-2,1
-2,1,1,20,64,2655,2635,20,-1,-637,-437,-15,0,0,0,-1,1
-1,1,1,19,80,2635,2655,-20,-1,-340,-240,-28,1,0,0,0,-1
-1,2,0,17,80,2655,2635,20,1,16,116,-8,2,1,0,2,-1
0,0,0,12,80,2635,2655,-20,0,-43,-43,3,1,0,0,0,-1
-1,0,0,9,80,2655,2635,20,0,-3,97,2,0,0,1,1,-1
6,0,2,24,63,2635,2655,-20,1,844,244,-1,0,-1,-1,-2,0
0,1,1,18,55,2655,2635,20,0,-4,-4,-7,0,0,0,1,1
-1,0,0,11,78,2635,2655,-20,-1,-597,-497,-8,-1,0,0,-3,2
4,1,0,16,79,2655,2635,20,1,575,175,14,0,0,0,1,-2
1,0,0,19,80,2635,2655,-20,1,75,-25,-7,1,0,0,0,1
-2,2,0,18,80,2655,2635,20,1,459,659,-41,0,1,1,0,1
-1,0,0,9,78,2635,2655,-20,-1,0,100,1,-1,0,0,-1,0
-5,0,0,17,80,2605,2670,-65,-1,-61,439,-27,-1,0,0,0,0
0,1,1,20,80,2605,2635,-30,1,262,262,-2,2,0,0,1,-1
1,0,0,19,80,2670,2605,65,1,194,94,4,0,0,0,0,0
-2,1,1,18,73,2670,2685,-15,1,1022,1222,21,1,0,0,2,1
0,0,0,14,58,2690,2670,20,0,11,11,0,0,0,0,0,0
-1,1,1,21,58,2605,2805,-200,-1,-597,-497,3,0,0,0,0,-1
1,0,1,21,80,2655,2645,10,1,190,90,7,1,0,0,0,1
3,1,2,21,65,2725,2660,65,1,932,632,18,-1,-1,0,-2,0
-1,0,2,17,57,2710,2635,75,1,797,897,-1,2,-1,-1,-2,1
1,1,1,23,77,2610,2710,-100,1,514,414,0,0,0,0,-1,0
0,0,1,18,80,2660,2690,-30,0,-465,-465,-9,0,0,0,2,0
-6,1,1,18,74,2670,2670,0,-1,-723,-123,-21,-2,0,0,-1,-1
0,1,1,14,68,2645,2605,40,0,5,5,-2,-1,0,0,0,0
0,1,1,22,52,2710,2805,-95,0,11,11,4,0,0,-1,1,0
3,0,0,9,80,2610,2710,-100,1,537,237,13,-1,0,0,1,-2
1,0,0,11,80,2685,2655,30,1,522,422,-2,1,0,0,0,-1
0,2,0,22,70,2635,2725,-90,1,529,529,8,-1,1,-1,0,0
0,1,1,16,80,2655,2670,-15,0,0,0,-32,-2,0,0,-2,2
0,1,1,14,80,2605,2685,-80,0,-4,-4,8,1,0,0,-1,1
-4,2,1,18,55,2710,2710,0,1,637,1037,1,3,1,0,0,1
-1,1,1,13,80,2670,2660,10,-1,-576,-476,-2,0,0,0,-1,-1
1,0,0,11,80,2725,2610,115,1,855,755,5,1,0,0,1,0
1,0,1,13,80,2805,2645,160,0,145,45,6,0,0,0,-4,1
1,0,0,11,80,2690,2635,55,0,30,-70,0,1,0,0,-1,1
1,0,1,13,71,2670,2605,65,1,537,437,4,1,0,-1,-1,0
0,2,2,26,40,2635,2670,-35,0,-5,-5,-17,1,0,0,0,0
0,1,2,18,65,2660,2655,5,0,-77,-77,20,1,-1,1,0,-1
0,1,0,18,75,2710,2725,-15,0,4,4,4,-1,0,0,1,-1
1,1,2,27,37,2685,2805,-120,0,46,-54,0,-1,-1,0,0,1
0,0,0,10,80,2610,2690,-80,0,0,0,-27,0,0,0,2,0
9,2,2,21,39,2710,2645,65,0,0,-900,10,0,0,0,0,0
0,0,1,14,80,2645,2685,-40,0,-9,-9,-28,0,0,0,2,-2
6,0,1,18,80,2605,2660,-55,1,348,-252,-25,1,0,0,-1,0
1,0,0,7,79,2725,2710,15,0,1,-99,13,0,0,0,-1,1
1,0,0,13,80,2655,2635,20,1,286,186,1,-1,0,0,0,1
-5,1,0,13,80,2690,2710,-20,-1,-764,-264,-21,-1,0,0,-2,0
-3,1,0,15,80,2670,2610,60,-1,-188,112,0,0,0,0,-4,0
0,1,0,18,67,2805,2670,135,1,594,594,0,0,0,-1,-2,1
-3,0,0,15,80,2670,2645,25,0,570,870,-6,0,0,0,-1,-1
2,1,0,14,66,2710,2685,25,-1,-631,-831,-19,-1,0,0,-1,-1
0,0,1,18,70,2610,2655,-45,-1,-523,-523,9,1,0,-1,0,1
3,0,1,19,55,2635,2605,30,1,585,285,12,0,0,0,0,0
-1,1,2,13,80,2710,2670,40,0,-107,-7,-38,0,-1,0,2,0
1,0,1,15,80,2725,2690,35,1,275,175,0,1,0,0,1,-1
-9,1,1,17,80,2660,2805,-145,0,0,900,-30,2,0,0,0,1
-1,1,1,13,80,2645,2660,-15,0,9,109,-2,-1,0,0,-3,0
0,1,0,18,80,2655,2710,-55,-1,32,32,-2,-1,0,0,1,-1
1,0,0,9,80,2685,2670,15,0,16,-84,10,1,0,0,1,0
-2,1,0,20,61,2605,2610,-5,1,997,1197,35,2,0,0,-2,0
-1,0,0,17,76,2690,2710,-20,-1,-432,-332,1,1,0,0,0,0
0,1,1,20,53,2670,2725,-55,0,14,14,6,0,0,0,0,0
1,0,1,11,80,2805,2635,170,1,264,164,-4,0,0,0,1,-1
7,1,1,15,73,2635,2645,-10,1,886,186,19,2,0,0,-2,1
-1,2,1,23,53,2710,2670,40,1,987,1087,18,0,1,-1,1,1
1,1,1,17,80,2725,2655,70,1,-177,-277,5,-1,0,0,0,0
4,0,1,16,80,2710,2605,105,1,538,138,-24,-1,0,0,0,1
0,1,0,12,80,2660,2685,-25,1,646,646,7,-1,0,0,0,0
0,1,1,28,43,2610,2805,-195,0,14,14,-2,-2,0,-1,-1,1
-8,0,2,16,78,2690,2670,20,-1,-652,148,-13,1,-1,1,2,0
0,0,1,12,80,2655,2690,-35,-1,-113,-113,8,1,0,0,1,0
1,1,1,15,80,2805,2710,95,1,470,370,4,1,0,0,1,0
-1,0,0,11,80,2670,2660,10,-1,-111,-11,-2,0,0,0,3,0
5,0,0,11,69,2670,2710,-40,0,0,-500,7,-1,0,-1,-2,2
-1,1,0,19,80,2605,2725,-120,-1,-683,-583,-37,-2,0,0,-1,-1
-2,1,2,24,63,2645,2610,35,0,0,200,8,2,-1,0,1,0
1,2,2,19,80,2685,2635,50,0,166,66,10,0,0,0,1,1
1,1,1,19,54,2725,2805,-80,-1,-677,-777,-17,-2,0,0,0,1
2,1,2,24,53,2710,2645,65,0,68,-132,-11,1,-1,1,1,-1
1,1,1,15,80,2670,2655,15,1,404,304,1,-1,0,0,1,0
-3,2,1,21,80,2635,2670,-35,-1,111,411,16,1,1,0,0,1
4,2,0,14,80,2690,2605,85,1,1815,1415,10,1,1,0,-1,-1
-1,1,2,19,80,2710,2660,50,1,36,136,-2,0,-1,2,2,-1
-1,0,1,11,80,2610,2685,-75,-1,-220,-120,2,0,0,0,2,0
-1,1,2,19,68,2605,2670,-65,-1,-557,-457,-16,-1,-1,0,1,0
-1,0,0,5,80,2645,2725,-80,-1,-408,-308,1,0,0,0,1,-1
0,1,2,22,49,2805,2690,115,1,687,687,15,2,-1,0,1,0
0,1,0,14,80,2655,2710,-55,1,-69,-69,-7,0,0,-1,-2,-1
0,1,1,14,80,2670,2610,60,1,196,196,-8,0,0,0,0,2
0,1,1,20,46,2685,2710,-25,0,6,6,-4,0,0,0,0,0
0,1,1,18,54,2660,2635,25,0,10,10,-2,1,0,0,0,1
0,0,0,14,80,2725,2685,40,0,-253,-253,10,2,0,0,-1,-1
0,0,0,22,80,2610,2660,-50,0,41,41,0,0,0,1,3,-1
0,0,0,14,80,2670,2805,-135,0,73,73,-4,1,0,1,4,-2
1,1,0,13,75,2710,2635,75,1,568,468,7,0,0,1,2,-2
-1,1,2,17,61,2710,2670,40,1,10000,10100,17,1,-1,0,0,-1
0,1,1,12,80,2690,2645,45,0,38,38,3,1,0,1,2,1
-2,0,0,14,77,2655,2605,50,0,20,220,35,-1,0,-1,-3,0
-1,0,0,13,74,2635,2610,25,-1,-461,-361,-6,0,0,1,-1,1
1,0,0,13,80,2685,2690,-5,1,102,2,5,1,0,0,1,1
0,1,0,16,54,2660,2710,-50,0,9,9,-1,0,0,0,1,0
1,1,0,15,80,2670,2725,-55,0,14,-86,-33,0,0,0,-1,0
0,1,0,16,80,2605,2710,-105,0,9,9,0,1,0,0,-1,1
1,0,0,9,80,2645,2670,-25,0,-12,-112,-1,-1,0,0,1,0
0,0,0,14,69,2805,2655,150,1,937,937,8,0,0,0,1,1
-1,0,0,19,78,2805,2655,150,1,0,100,13,-1,0,0,-1,0
2,1,2,16,80,2655,2805,-150,0,72,-128,0,0,-1,-1,-1,-1
1,1,1,15,80,2805,2655,150,1,235,135,-4,-1,0,-1,-4,0
-1,0,0,11,80,2655,2805,-150,-1,-544,-444,-38,0,0,0,1,-1
2,0,1,22,35,2805,2655,150,0,30,-170,7,0,0,-1,-1,3
-2,0,1,18,62,2655,2805,-150,0,0,200,-1,1,0,0,0,-1
1,1,1,17,71,2805,2655,150,1,748,648,9,2,0,-1,-1,0
-1,1,1,15,80,2655,2805,-150,0,0,100,-34,0,0,-1,0,1
2,1,0,8,80,2805,2655,150,1,372,172,8,0,0,0,-2,1
-1,0,0,13,80,2655,2805,-150,0,107,207,2,2,0,0,0,2
-2,2,1,12,80,2805,2655,150,0,4,204,-4,-1,1,1,2,-2
1,1,0,9,80,2655,2805,-150,0,0,-100,-10,0,0,0,-1,-1
3,1,0,13,67,2805,2655,150,0,5,-295,11,2,0,1,0,1
0,1,0,18,78,2655,2805,-150,0,-151,-151,-6,1,0,0,0,0
3,1,1,19,77,2805,2655,150,1,700,400,6,1,0,0,0,1
2,1,1,22,75,2655,2805,-150,1,1004,804,41,1,0,0,0,0
-1,1,0,15,80,2805,2655,150,0,0,100,5,-1,0,2,2,-2
0,0,0,20,66,2655,2805,-150,0,-15,-15,-1,0,0,0,1,0
1,1,1,19,51,2805,2655,150,0,18,-82,-13,-1,0,0,2,0
1,1,0,17,71,2655,2805,-150,0,0,-100,-2,0,0,0,-2,0
-2,0,1,18,62,2655,2805,-150,0,0,200,-1,1,0,0,0,-1
-1,1,0,15,80,2805,2655,150,0,0,100,5,-1,0,2,2,-2
-2,1,0,18,80,2670,2645,25,1,619,819,0,0,0,1,2,2
0,0,0,18,80,2620,2620,0,1,291,291,4,1,0,0,2,1
1,0,1,15,80,2610,2630,-20,1,99,-1,15,0,0,0,0,-1
0,1,0,18,80,2670,2625,45,1,110,110,5,0,0,0,-2,1
0,0,0,20,80,2620,2630,-10,0,163,163,5,1,0,0,-2,-1
-1,0,0,15,79,2620,2670,-50,-1,-486,-386,5,0,0,0,1,1
1,1,1,11,80,2645,2610,35,1,132,32,-2,-2,0,0,-3,1
-2,2,1,18,80,2645,2690,-45,-1,-518,-318,-15,-1,1,0,-2,0
0,0,0,14,80,2670,2620,50,-1,-417,-417,1,-1,0,0,0,0
4,1,1,16,80,2630,2645,-15,1,10000,9600,26,-1,0,0,-1,0
-2,1,1,18,80,2670,2645,25,1,-349,-149,9,-1,0,1,-1,-1
-1,0,0,11,80,2690,2625,65,0,-170,-70,0,0,0,0,0,-1
1,1,1,21,80,2645,2610,35,-1,-25,-125,-11,-1,0,0,-2,1
1,0,0,9,80,2620,2645,-25,0,28,-72,3,-1,0,0,-1,0
-1,1,0,11,80,2625,2670,-45,0,-83,17,-1,-2,0,0,1,2
0,0,1,10,80,2620,2690,-70,0,21,21,-4,-1,0,0,1,0
0,0,0,18,52,2630,2645,-15,0,28,28,-1,0,0,0,1,0
1,0,1,21,61,2690,2670,20,1,447,347,21,0,0,0,-2,0
0,0,1,20,71,2610,2625,-15,1,712,712,7,1,0,0,2,1
1,0,0,17,77,2670,2620,50,1,918,818,0,1,0,1,4,1
0,0,0,14,68,2670,2670,0,0,0,0,7,-1,0,0,-1,-1
0,1,2,18,80,2625,2630,-5,0,19,19,7,0,-1,0,1,-1
1,1,1,17,80,2645,2645,0,0,54,-46,-1,0,0,-1,-5,2
0,1,1,14,80,2620,2610,10,-1,9,9,3,0,0,0,1,0
0,0,0,18,78,2630,2620,10,0,0,0,0,-2,0,0,1,-1
-1,1,1,15,53,2610,2670,-60,0,-1,99,-7,1,0,0,1,-2
0,1,1,26,35,2690,2620,70,0,30,30,-12,1,0,0,0,0
6,2,1,22,55,2645,2625,20,1,842,242,12,-1,1,0,2,-1
2,1,0,10,80,2690,2670,20,0,40,-160,4,0,0,-1,-2,1
-1,1,1,15,80,2620,2645,-25,0,-1,99,-2,2,0,0,1,-1
0,0,0,16,80,2670,2630,40,-1,34,34,5,1,0,0,1,-2
0,2,1,22,44,2620,2645,-25,0,8,8,-4,-1,1,0,1,1
-2,2,0,14,80,2670,2620,50,1,119,319,3,0,1,1,3,-2
-1,1,1,17,80,2645,2670,-25,-1,-703,-603,-2,1,0,0,2,2
0,1,1,22,78,2610,2690,-80,0,11,11,-7,0,0,0,-1,-1
0,1,2,18,80,2645,2625,20,0,-15,-15,2,1,-1,0,1,0
0,1,2,20,80,2620,2645,-25,0,-91,-91,-7,0,-1,0,-2,0
1,1,2,19,53,2690,2630,60,0,-7,-107,2,-1,-1,0,-1,0
0,0,1,18,71,2620,2625,-5,1,1361,1361,9,2,0,0,1,-1
1,0,0,15,80,2670,2610,60,1,779,679,-3,1,0,0,1,0
-6,0,0,12,80,2645,2670,-25,-1,-401,199,-31,0,0,0,0,-1
2,2,0,16,67,2625,2620,5,1,524,324,2,0,1,1,-1,-1
-1,1,1,17,80,2610,2620,-10,1,93,193,-15,0,0,-1,-2,-1
-1,1,1,19,80,2645,2690,-45,-1,34,134,-15,0,0,0,1,0
0,1,2,26,41,2630,2670,-40,0,-66,-66,13,-1,-1,0,0,0
2,2,1,22,48,2640,2635,5,1,791,591,18,0,1,0,2,0
0,2,2,26,41,2620,2600,20,0,96,96,-3,1,0,0,0,0
0,2,2,24,49,2625,2655,-30,-1,-576,-576,-7,-1,0,0,0,0
0,0,0,18,53,2615,2620,-5,1,783,783,19,3,0,0,1,1
0,2,1,18,69,2620,2625,-5,0,2,2,-4,0,1,0,0,0
0,2,2,28,43,2615,2615,0,0,40,40,10,0,0,0,0,0
0,2,2,32,19,2625,2615,10,0,-2,-2,8,0,0,0,0,0
0,1,1,18,80,2615,2625,-10,0,19,19,6,-1,0,0,0,0
0,2,1,26,26,2620,2615,5,0,42,42,11,1,1,1,1,-1
0,2,2,24,27,2630,2615,15,0,14,14,3,1,0,0,0,0
0,1,1,10,80,2625,2615,10,0,47,47,5,-1,0,0,-2,0
0,1,0,18,66,2630,2625,5,0,0,0,9,-1,0,0,-2,-1
0,1,1,28,28,2615,2630,-15,0,-45,-45,-10,0,0,0,0,0
-2,0,1,10,80,2625,2630,-5,-1,-397,-197,-4,1,0,1,-1,-2
2,1,1,20,72,2615,2625,-10,-1,-747,-947,-14,0,0,0,0,-2
0,1,1,18,64,2610,2630,-20,0,8,8,-6,0,0,1,1,0
0,1,2,14,80,2610,2615,-5,-1,-117,-117,-5,2,-1,0,2,0
0,1,1,18,45,2615,2630,-15,0,0,0,3,1,0,1,0,0
-2,0,1,22,43,2605,2640,-35,1,795,995,13,0,0,0,0,0
0,0,0,24,38,2610,2655,-45,0,65,65,17,1,0,1,1,-1
-3,1,2,19,70,2630,2605,25,0,-118,182,-16,1,-1,0,-1,0
0,2,2,28,35,2605,2690,-85,0,-12,-12,3,0,0,0,0,0
-3,1,1,17,80,2615,2605,10,-1,-1042,-742,-49,0,0,1,3,-2
0,0,1,16,80,2690,2605,85,0,15,15,6,-2,0,0,-2,0
0,2,2,26,46,2630,2670,-40,0,-128,-128,-16,-1,0,0,0,0
-3,0,0,17,52,2605,2630,-25,-1,-933,-633,-9,0,0,0,3,-1
1,2,1,17,68,2610,2610,0,0,79,-21,11,0,1,0,-1,1
0,1,1,12,80,2605,2610,-5,0,-4,-4,-13,1,0,0,0,0
0,0,0,10,77,2620,2690,-70,0,0,0,-1,2,0,0,0,-1
3,1,0,17,79,2620,2605,15,1,923,623,37,0,0,0,-1,0
-1,1,1,17,80,2640,2610,30,0,-89,11,-6,0,0,0,-1,0
0,1,1,20,73,2615,2605,10,1,208,208,3,0,0,0,0,1
-1,2,1,19,80,2610,2670,-60,0,12,112,2,-2,1,0,0,-1
1,1,1,23,35,2655,2615,40,0,-52,-152,-7,0,0,0,1,1
1,0,1,17,55,2660,2630,30,1,509,409,12,-2,0,0,1,0
1,0,0,13,74,2690,2655,35,-1,260,160,-23,-1,0,0,-1,2
-2,2,0,18,80,2630,2620,10,-1,-398,-198,-9,1,1,0,0,-1
1,0,1,19,68,2615,2670,-55,0,0,-100,-3,-1,0,0,-1,-1
-1,1,1,15,68,2610,2690,-80,0,9,109,-24,0,0,0,3,0
0,1,0,22,80,2670,2605,65,-1,-666,-666,-15,-3,0,0,0,0
1,1,0,21,71,2605,2630,-25,1,722,622,19,0,0,0,0,1
-1,2,0,15,80,2690,2610,80,1,479,579,-18,-2,1,0,-1,0
0,2,2,30,24,2630,2655,-25,0,20,20,7,0,0,0,0,0
0,0,0,16,61,2605,2605,0,0,-7,-7,-20,1,0,0,0,0
0,2,2,22,40,2615,2610,5,0,0,0,-4,0,0,0,0,0
0,0,0,14,80,2610,2620,-10,0,0,0,2,0,0,0,1,0
-1,1,1,15,80,2615,2725,-110,0,12,112,-14,0,0,1,-2,0
0,0,0,10,80,2620,2605,15,0,0,0,-3,0,0,0,1,1
0,0,0,8,77,2670,2630,40,0,20,20,-3,0,0,0,0,0
2,0,0,8,79,2690,2615,75,1,521,321,17,0,0,-1,-2,2
1,1,0,13,80,2615,2660,-45,0,52,-48,-7,0,0,0,-1,0
0,0,0,20,80,2660,2725,-65,0,51,51,-1,1,0,0,0,0
1,0,0,11,80,2660,2620,40,1,224,124,-1,0,0,0,0,1
-5,0,0,15,54,2615,2605,10,0,-12,488,-13,0,0,0,0,0
0,2,2,28,23,2620,2725,-105,1,651,651,5,-2,0,0,0,0
0,0,0,20,55,2605,2615,-10,0,-8,-8,1,0,0,0,1,0
1,0,1,17,69,2620,2610,10,1,1548,1448,6,1,0,0,0,0
1,0,0,13,80,2725,2615,110,1,314,214,10,1,0,0,1,0
0,1,1,18,80,2660,2615,45,1,535,535,22,1,0,0,0,1
2,0,1,16,80,2725,2620,105,1,556,356,0,-1,0,0,0,0
1,0,0,15,80,2725,2660,65,1,503,403,10,2,0,0,1,1
0,0,1,10,80,2630,2670,-40,-1,-449,-449,0,1,0,-1,0,0
1,0,2,23,62,2620,2660,-40,-1,-625,-725,16,2,-1,0,1,-1
3,1,2,11,77,2615,2690,-75,1,746,446,3,2,-1,0,0,-1
2,0,0,12,80,2605,2620,-15,-1,-495,-695,1,-3,0,0,0,-2
-1,1,0,19,80,2615,2725,-110,0,-14,86,15,-1,0,0,-1,0
-10,0,1,16,80,2725,2615,110,0,-120,880,-15,0,0,0,1,-1
0,1,0,14,80,2615,2690,-75,1,303,303,15,1,0,0,-3,-1
0,0,0,12,61,2605,2615,-10,0,1,1,-7,-1,0,0,0,0
1,0,1,15,80,2725,2620,105,1,845,745,-2,0,0,0,3,-1
0,1,1,14,80,2620,2725,-105,1,15,15,8,0,0,0,1,1
1,1,1,11,80,2615,2605,10,1,57,-43,-1,-2,0,0,1,1
0,1,1,20,72,2620,2725,-105,0,0,0,6,1,0,0,1,1
3,1,2,11,77,2725,2620,105,1,629,329,3,-2,-1,0,-1,1
2,1,1,12,80,2685,2655,30,1,474,274,9,-1,0,0,-2,1
1,0,0,11,80,2710,2655,55,0,41,-59,3,0,0,0,-1,1
1,1,1,13,79,2685,2710,-25,0,0,-100,-7,0,0,0,2,0
0,0,0,14,80,2655,2685,-30,1,30,30,-13,0,0,0,-2,-1
0,0,0,18,54,2710,2685,25,0,-14,-14,8,1,0,0,1,0
0,1,0,12,80,2655,2710,-55,1,709,709,3,0,0,0,-3,0
0,1,0,20,51,2710,2625,85,0,3,3,8,0,0,0,0,0
-1,0,0,13,80,2645,2705,-60,0,0,100,-6,1,0,0,0,0
-2,0,0,10,80,2685,2625,60,0,0,200,0,0,0,0,-1,0
2,0,1,16,71,2645,2710,-65,1,699,499,5,-1,0,0,-1,1
1,1,1,19,80,2605,2600,5,-1,-539,-639,21,-2,0,0,1,-1
0,0,0,18,38,2710,2705,5,0,75,75,-7,1,0,0,-1,0
-1,2,1,19,79,2685,2605,80,1,28,128,-9,1,1,0,1,-1
0,1,1,14,80,2615,2605,10,-1,-118,-118,-1,0,0,0,0,1
-3,1,0,15,62,2645,2685,-40,-1,-1148,-848,-35,-1,0,1,4,-2
1,1,0,19,69,2705,2615,90,1,520,420,15,-2,0,0,0,-2
0,0,0,18,50,2705,2625,80,0,19,19,-4,0,0,0,0,0
1,0,0,11,80,2685,2710,-25,1,203,103,-3,0,0,0,1,0
-1,0,0,19,80,2635,2625,10,1,968,1068,8,0,0,0,-1,-1
-2,0,0,16,70,2605,2615,-10,-1,-846,-646,-5,1,0,0,3,0
0,0,1,18,72,2605,2635,-30,-1,-1070,-1070,-2,1,0,0,1,0
0,0,0,20,71,2655,2605,50,1,10000,10000,25,0,0,0,-1,0
0,0,0,18,61,2630,2625,5,1,863,863,10,0,0,0,3,0
-3,0,1,15,65,2615,2605,10,1,707,1007,20,0,0,0,0,0
-2,0,0,20,78,2605,2630,-25,-1,-845,-645,-13,-1,0,1,3,-1
-1,0,1,15,80,2600,2660,-60,-1,-513,-413,-17,0,0,0,-1,0
-1,1,1,21,50,2620,2635,-15,-1,-743,-643,-8,3,0,0,0,0
-3,1,1,17,80,2760,2605,155,0,0,300,-2,-1,0,0,0,0
0,1,0,20,48,2635,2620,15,0,-4,-4,-4,0,0,0,0,0
-1,1,1,13,80,2605,2615,-10,-1,-458,-358,-15,-1,0,0,1,-2
0,2,2,24,35,2605,2760,-155,0,18,18,2,-1,0,0,0,0
2,1,1,14,80,2760,2605,155,1,928,728,5,-1,0,0,0,-2
-2,0,1,14,80,2605,2760,-155,-1,-493,-293,-7,-2,0,0,-1,-1
0,0,0,12,68,2685,2600,85,0,0,0,-3,1,0,0,0,0
3,0,0,15,75,2705,2655,50,1,655,355,6,1,0,0,1,1
0,1,1,18,45,2630,2645,-15,0,5,5,13,0,0,0,0,0
0,0,0,12,80,2760,2640,120,0,-5,-5,-1,1,0,0,0,1
0,1,2,28,33,2640,2760,-120,0,36,36,4,0,-1,0,0,0
-3,2,0,15,80,2600,2685,-85,-1,-7,293,13,1,1,1,2,-1
0,0,0,16,80,2655,2705,-50,0,11,11,-6,0,0,0,1,0
0,1,0,16,80,2645,2630,15,0,0,0,-7,1,0,0,2,-1
0,1,1,22,60,2645,2630,15,-1,-2003,-2003,-6,0,0,1,0,1
-1,1,1,23,80,2640,2760,-120,-1,30,130,2,-1,0,0,1,-1
0,1,2,14,80,2615,2635,-20,1,-77,-77,-2,1,-1,0,0,-1
1,1,0,17,80,2660,2685,-25,-1,-576,-676,3,1,0,0,-1,0
1,1,1,17,39,2630,2760,-130,0,1,-99,1,1,0,1,0,-1
0,1,1,26,48,2660,2705,-45,0,36,36,-9,0,0,0,0,0
0,1,1,22,37,2705,2660,45,0,-4,-4,14,0,0,0,0,0
2,2,1,18,63,2685,2660,25,1,863,663,12,1,1,1,-1,-1
0,0,1,24,80,2760,2630,130,1,351,351,15,0,0,1,0,0
1,1,0,13,80,2635,2615,20,1,287,187,3,-1,0,0,-1,0
2,0,1,12,80,2705,2660,45,1,570,370,4,1,0,0,-2,2
-8,0,0,18,80,2635,2615,20,0,41,841,-37,0,0,0,1,0
0,0,2,16,68,2660,2705,-45,-1,-10000,-10000,-36,-1,-1,0,1,-1
-1,1,1,11,80,2615,2635,-20,-1,-59,41,0,0,0,0,-1,-1
0,0,0,12,70,2760,2635,125,0,-8,-8,1,0,0,1,0,-1
3,1,1,7,79,2705,2685,20,0,-4,-304,10,0,0,0,0,0
0,1,1,18,80,2635,2760,-125,-1,-21,-21,0,1,0,0,0,0
1,0,0,9,80,2685,2705,-20,0,91,-9,4,-1,0,0,1,0
4,1,0,14,79,2705,2685,20,1,1020,620,17,-1,0,0,-1,2
0,0,1,16,80,2685,2705,-20,0,27,27,9,-2,0,0,-2,-1
0,0,0,14,70,2625,2660,-35,0,-2,-2,3,2,0,1,4,-1
0,1,1,18,80,2645,2615,30,0,78,78,8,2,0,0,1,1
1,1,1,15,80,2635,2645,-10,0,39,-61,0,0,0,0,0,-1
1,0,0,15,80,2710,2615,95,1,568,468,3,0,0,0,1,1
-1,0,0,9,80,2635,2625,10,0,-3,97,5,-1,0,0,1,0
0,2,1,20,57,2615,2635,-20,1,1234,1234,16,0,1,-1,0,-1
-1,1,2,19,80,2645,2660,-15,-1,-577,-477,-5,-1,-1,0,-1,1
0,0,0,14,80,2635,2645,-10,0,6,6,11,1,0,0,1,-1
0,2,1,18,71,2660,2615,45,1,674,674,1,0,1,0,1,1
0,0,0,18,67,2710,2635,75,0,14,14,17,0,0,0,-2,1
-2,1,0,16,80,2615,2635,-20,-1,-942,-742,11,1,0,0,0,-1
-1,0,0,9,80,2625,2710,-85,-1,-312,-212,5,0,0,0,-1,1
0,1,1,26,47,2635,2660,-25,0,13,13,-3,0,0,0,1,0
1,0,0,11,79,2710,2660,50,1,478,378,6,0,0,0,1,0
0,1,1,16,80,2635,2635,0,1,117,117,12,2,0,0,0,1
0,1,1,18,78,2660,2635,25,-1,-860,-860,-20,1,0,0,-1,1
0,0,2,18,80,2645,2625,20,0,-9,-9,0,1,-1,0,2,1
-2,2,0,16,60,2625,2615,10,0,8,208,-4,0,1,0,1,1
0,0,0,14,65,2710,2635,75,0,-4,-4,23,0,0,0,-2,1
0,0,1,26,24,2645,2710,-65,0,5,5,6,0,0,0,0,0
-1,1,1,23,59,2635,2625,10,1,980,1080,8,0,0,0,0,1
3,1,1,17,80,2655,2605,50,1,584,284,22,-2,0,0,0,0
-3,0,0,13,80,2640,2670,-30,-1,-409,-109,-13,-1,0,0,0,0
6,1,1,18,58,2685,2620,65,1,983,383,-1,1,0,0,3,-2
0,1,1,16,79,2600,2605,-5,0,61,61,10,1,0,0,0,1
1,0,0,13,53,2635,2610,25,0,6,-94,-4,0,0,0,-2,0
0,1,1,18,67,2620,2655,-35,0,5,5,-2,0,0,0,1,0
0,2,1,22,49,2625,2620,5,0,-8,-8,-3,1,1,0,1,1
-3,0,1,15,70,2635,2620,15,-1,-666,-366,-5,1,0,0,-1,-2
0,1,1,18,51,2660,2625,35,0,3,3,-2,0,0,0,0,0
-3,1,1,13,74,2610,2670,-60,-1,-691,-391,-2,0,0,2,3,2
1,0,1,15,80,2600,2600,0,0,-37,-137,-5,0,0,0,-1,1
-7,1,0,17,80,2610,2710,-100,-1,-1048,-348,-5,0,0,1,4,-3
1,1,1,15,64,2615,2610,5,-1,-809,-909,-28,0,0,0,-1,2
0,1,1,18,80,2605,2630,-25,1,0,0,-15,-1,0,0,0,0
1,2,1,23,47,2615,2600,15,0,106,6,11,1,1,0,-1,0
1,2,2,29,37,2620,2630,-10,0,-102,-202,1,-1,0,0,1,1
0,0,0,16,80,2610,2635,-25,0,26,26,8,0,0,0,2,-1
0,1,1,22,43,2615,2600,15,0,-29,-29,10,0,0,0,2,-1
0,2,0,22,80,2630,2615,15,1,196,196,5,1,1,0,1,-1
-1,1,0,17,76,2620,2615,5,0,0,100,-1,-1,0,-1,-3,2
0,1,1,20,80,2625,2635,-10,0,-133,-133,3,2,0,0,-2,-1
0,2,2,26,42,2600,2620,-20,0,212,212,-2,0,0,0,0,0
0,1,0,14,80,2605,2640,-35,0,42,42,1,-1,0,0,-3,-1
7,2,1,21,73,2600,2615,-15,1,928,228,-5,1,1,0,1,1
2,0,0,14,80,2620,2615,5,0,112,-88,-20,-1,0,-1,1,-2
5,1,1,13,80,2655,2600,55,0,0,-500,-20,-2,0,0,1,0
2,0,0,14,80,2670,2630,40,1,392,192,-1,0,0,0,-1,2
0,1,1,24,66,2615,2605,10,0,29,29,6,3,0,1,0,0
2,0,0,10,80,2670,2655,15,1,422,222,9,1,0,0,-2,-1
-1,0,0,11,80,2640,2620,20,0,0,100,-4,1,0,-1,1,-1
0,0,0,18,80,2610,2605,5,0,25,25,8,0,0,0,2,-1
0,1,1,16,80,2635,2615,20,0,-31,-31,-16,1,0,0,-1,-1
0,0,0,14,56,2655,2620,35,0,0,0,-16,-2,0,1,3,-1
1,2,1,21,47,2635,2625,10,1,761,661,0,1,1,-1,-2,3
0,2,2,20,53,2630,2620,10,0,-6,-6,35,1,0,0,1,0
-1,2,0,25,42,2625,2610,15,0,6,106,-4,1,1,1,0,-1
0,0,0,20,52,2615,2710,-95,0,11,11,-29,1,0,0,-1,1
0,1,1,16,54,2600,2600,0,-1,-10000,-10000,-9,1,0,0,-2,-1
5,0,0,15,63,2605,2655,-50,0,7,-493,38,0,0,0,-2,1
-1,0,1,13,80,2685,2610,75,-1,-179,-79,-4,-1,0,0,1,-1
5,0,0,19,58,2660,2630,30,-1,-10000,-10500,-42,-3,0,0,0,-1
0,1,1,20,80,2600,2620,-20,0,-28,-28,-11,-2,0,0,-1,0
0,2,2,24,37,2620,2615,5,0,43,43,-1,0,0,0,0,0
-3,0,1,19,44,2670,2670,0,0,0,300,12,0,0,1,2,-1
-1,0,1,19,74,2615,2610,5,-1,-653,-553,-2,-1,0,0,0,0
2,0,0,12,79,2600,2605,-5,1,497,297,1,0,0,-1,1,0
0,0,0,10,80,2615,2620,-5,0,0,0,-9,0,0,1,2,2
0,0,0,12,80,2620,2630,-10,0,3,3,2,1,0,1,1,2
0,1,1,18,67,2710,2600,110,1,1108,1108,11,0,0,0,-1,1
3,0,0,19,55,2630,2670,-40,0,-22,-322,8,0,0,0,1,0
1,0,0,15,80,2610,2670,-60,1,196,96,6,0,0,0,-1,-1
0,2,2,24,30,2620,2635,-15,0,16,16,13,1,0,0,0,0
-3,1,1,23,43,2620,2655,-35,1,845,1145,16,-1,0,2,1,-3
2,0,1,16,77,2605,2635,-30,1,582,382,12,0,0,0,0,1
5,0,0,17,55,2615,2610,5,1,794,294,43,1,0,-1,1,-1
0,1,1,14,80,2620,2660,-40,1,2397,2397,-30,1,0,0,-2,-1
0,0,0,16,80,2615,2630,-15,0,110,110,-1,-2,0,1,0,-3
0,0,1,20,57,2655,2625,30,1,720,720,1,-2,0,0,-4,2
0,1,0,20,54,2605,2685,-80,-1,-657,-657,-6,-3,0,0,1,0
6,2,0,18,77,2640,2610,30,1,756,156,5,0,1,0,1,-2
0,1,0,20,61,2635,2620,15,1,697,697,13,1,0,0,-1,1
0,0,1,20,80,2620,2615,5,0,15,15,2,-2,0,0,2,-1
0,0,0,12,80,2660,2615,45,-1,34,34,-8,-2,0,0,0,0
2,1,0,12,74,2670,2600,70,1,725,525,22,1,0,0,3,0
1,1,1,15,80,2630,2600,30,1,449,349,11,0,0,0,-1,3
-1,2,2,25,80,2615,2615,0,0,-131,-31,-6,-1,0,0,-1,-1
1,0,1,11,75,2710,2610,100,1,471,371,-3,2,0,0,1,1
-1,0,1,13,80,2620,2620,0,0,21,121,-13,1,0,-1,-4,3
1,2,2,29,31,2600,2620,-20,0,72,-28,3,1,0,0,0,1
1,0,0,17,80,2630,2615,15,0,52,-48,-1,-1,0,0,-1,1
-1,1,1,15,75,2610,2625,-15,1,954,1054,6,-1,0,0,1,1
0,1,0,12,80,2605,2615,-10,0,75,75,3,1,0,0,1,0
-1,2,1,19,48,2635,2610,25,0,0,100,9,2,1,0,0,-1
0,1,1,16,57,2610,2615,-5,0,6,6,-10,2,0,0,2,-1
0,1,2,20,80,2605,2605,0,0,-22,-22,12,1,-1,0,0,0
0,1,2,26,20,2615,2670,-55,0,18,18,12,-1,-1,0,0,0
0,0,0,20,52,2635,2620,15,0,21,21,0,0,0,0,0,0
-6,1,0,22,51,2615,2655,-40,0,445,1045,37,2,0,0,-2,0
0,2,1,28,25,2600,2610,-10,0,86,86,-9,0,1,1,0,0
0,1,1,12,80,2655,2685,-30,0,40,40,5,0,0,0,2,0
0,1,2,22,50,2620,2600,20,0,17,17,7,0,-1,0,0,0
1,0,0,15,80,2670,2635,35,0,0,-100,-2,0,0,0,0,0
1,1,2,19,70,2600,2615,-15,0,17,-83,-7,0,-1,-1,3,0
-5,2,2,19,80,2605,2600,5,1,818,1318,-10,-1,0,0,0,-1
-1,1,1,19,80,2610,2625,-15,1,231,331,8,-2,0,0,-1,0
0,1,1,14,77,2620,2640,-20,0,9,9,-2,0,0,1,1,0
-4,1,0,14,80,2630,2615,15,1,233,633,-4,0,0,0,2,0
0,0,2,20,80,2610,2635,-25,-1,-3,-3,-8,0,-1,-1,1,0
0,0,0,14,80,2605,2625,-20,0,34,34,8,0,0,0,1,0
0,0,0,8,80,2620,2600,20,0,3,3,3,-1,0,0,0,-1
3,2,1,25,31,2710,2670,40,0,34,-266,12,0,1,0,0,0
1,0,0,17,80,2635,2610,25,1,350,250,-5,1,0,0,-1,0
0,1,0,16,80,2670,2610,60,1,505,505,3,0,0,0,0,0
3,1,0,19,51,2600,2610,-10,1,730,430,-3,-2,0,1,2,1
1,1,0,19,80,2625,2605,20,1,72,-28,-5,1,0,0,0,1
0,0,0,16,63,2685,2630,55,0,19,19,9,-1,0,0,0,0
1,2,1,19,59,2615,2605,10,1,775,675,8,1,1,0,-2,1
0,2,2,30,46,2620,2615,5,0,54,54,7,0,0,-1,0,0
0,0,2,22,80,2615,2600,15,0,29,29,-17,-1,-1,1,2,-1
0,1,1,22,36,2615,2620,-5,0,121,121,-3,0,0,0,-2,1
-1,2,2,27,40,2630,2620,10,0,52,152,10,1,0,0,0,-1
1,0,0,11,80,2625,2610,15,0,-48,-148,0,0,0,0,0,1
1,0,1,15,80,2600,2625,-25,1,432,332,8,0,0,-1,4,0
0,1,1,22,80,2610,2620,-10,-1,-352,-352,-26,1,0,0,0,1
-1,1,1,19,80,2630,2640,-10,1,554,654,10,0,0,0,-3,-1
-1,0,0,13,80,2620,2615,5,-1,-114,-14,7,1,0,0,1,-3
-1,1,1,21,66,2615,2635,-20,0,14,114,-8,0,0,0,-1,0
-4,0,1,22,80,2600,2630,-30,0,38,438,-3,1,0,0,1,0
-1,1,1,17,80,2655,2630,25,0,25,125,-9,1,0,1,3,-2
-2,1,2,20,47,2670,2685,-15,0,0,200,33,2,-1,0,-1,0
0,2,2,26,18,2635,2710,-75,0,19,19,-8,2,0,0,0,0
0,0,0,14,61,2610,2670,-60,0,-7,-7,5,0,0,0,0,0
-7,0,0,17,80,2605,2615,-10,-1,-753,-53,-3,1,0,0,0,1
-1,1,2,21,39,2615,2600,15,1,702,802,6,3,-1,0,1,0
0,1,1,18,80,2620,2615,5,0,29,29,-8,0,0,0,0,1
0,1,1,18,80,2605,2635,-30,0,0,0,7,0,0,0,0,0
0,1,1,26,31,2635,2660,-25,0,37,37,2,0,0,0,0,0
0,0,0,18,49,2615,2610,5,0,17,17,13,0,0,0,2,-1
0,1,1,26,55,2615,2600,15,0,0,0,6,0,0,0,0,0
0,1,1,16,61,2685,2620,65,1,749,749,12,1,0,0,1,1
-2,1,1,16,68,2600,2605,-5,-1,-600,-400,-13,-1,0,0,-2,-1
-1,0,0,13,80,2615,2615,0,-1,-340,-240,-9,1,0,0,-1,-1
-2,0,0,12,80,2630,2640,-10,-1,-307,-107,2,0,0,0,2,-1
1,1,2,15,80,2630,2610,20,0,26,-74,-9,1,-1,0,1,0
0,0,1,16,55,2605,2625,-20,0,6,6,2,0,0,0,0,0
1,1,1,13,80,2620,2615,5,0,28,-72,-2,-1,0,0,1,-1
1,0,0,15,80,2710,2630,80,0,27,-73,3,0,0,0,-1,0
-3,1,2,27,40,2605,2620,-15,0,1,301,6,0,-1,0,-1,0
-1,1,1,15,80,2670,2655,15,-1,-27,73,-6,-1,0,0,-2,0
0,1,2,20,80,2600,2625,-25,-1,-108,-108,-1,1,-1,0,1,0
-1,2,2,23,80,2600,2620,-20,-1,-268,-168,-21,0,0,1,2,1
0,2,1,18,53,2620,2620,0,0,-12,-12,-1,1,1,0,-1,0
4,1,1,16,80,2615,2670,-55,0,21,-379,4,0,0,0,0,1
0,2,2,30,23,2630,2615,15,0,38,38,7,0,0,0,0,0
0,0,0,10,80,2670,2630,40,0,-6,-6,1,2,0,0,0,0
1,1,0,17,80,2605,2615,-10,0,49,-51,-3,1,0,1,-2,2
1,2,1,15,80,2640,2600,40,1,319,219,5,0,1,0,0,0
2,0,1,16,79,2605,2610,-5,1,756,556,12,2,0,0,2,1
0,2,2,26,29,2615,2685,-70,0,77,77,2,-1,0,0,-1,0
-1,1,0,15,80,2660,2600,60,-1,35,135,3,3,0,1,2,1
1,0,0,13,80,2630,2635,-5,1,359,259,1,1,0,0,1,1
-2,1,0,12,74,2610,2610,0,-1,-690,-490,-30,0,0,0,2,-1
-2,1,0,10,80,2625,2635,-10,-1,-562,-362,-10,1,0,0,1,0
0,2,2,28,25,2655,2710,-55,0,-52,-52,3,-2,0,0,0,0
-9,1,1,25,30,2610,2655,-45,0,73,973,-12,1,0,0,1,-1
-1,1,1,15,80,2610,2615,-5,-1,-41,59,-9,-1,0,0,1,2
0,0,0,16,57,2620,2615,5,0,-19,-19,14,-1,0,0,0,-1
-1,1,0,13,80,2630,2615,15,0,8,108,9,0,0,0,3,0
0,2,2,32,15,2655,2630,25,0,25,25,-1,0,0,0,0,0
0,2,1,12,80,2605,2630,-25,1,165,165,3,-1,1,0,0,-1
-1,1,0,15,80,2635,2640,-5,0,-221,-121,-4,0,0,0,-1,-1
1,0,1,17,80,2625,2620,5,1,87,-13,-5,0,0,0,0,1
0,1,1,24,28,2635,2610,25,0,27,27,15,0,0,0,0,0
0,0,0,24,27,2600,2600,0,0,25,25,0,0,0,0,0,0
0,0,0,26,21,2685,2710,-25,0,10,10,-3,1,0,0,0,0
0,1,0,18,80,2610,2625,-15,0,-67,-67,-14,-1,0,0,-3,1
1,1,0,15,68,2635,2605,30,1,818,718,-11,0,0,0,0,-1
0,0,0,16,62,2610,2605,5,0,0,0,-18,-2,0,1,2,-1
0,0,0,14,80,2620,2610,10,1,410,410,3,0,0,0,0,0
0,0,2,18,80,2615,2615,0,-1,0,0,0,0,-1,0,1,0
1,0,0,13,80,2655,2620,35,0,59,-41,-8,-1,0,0,-2,0
0,0,0,16,80,2615,2600,15,0,0,0,6,1,0,0,0,0
2,2,1,12,71,2640,2620,20,1,558,358,5,1,1,0,0,1
1,0,0,9,80,2605,2640,-35,1,8,-92,-3,2,0,0,0,-2
0,2,1,14,80,2645,2635,10,1,34,34,12,1,1,-1,-2,0
0,0,0,16,80,2645,2620,25,1,30,30,-2,-2,0,0,0,-1
0,0,0,14,80,2605,2645,-40,-1,-409,-409,-4,1,0,-1,-1,0
-2,0,1,12,80,2635,2620,15,-1,-211,-11,9,-2,0,0,-1,-1
0,0,0,14,80,2605,2635,-30,0,44,44,-1,0,0,1,2,-1
0,2,1,22,80,2640,2645,-5,1,131,131,-2,1,1,0,0,0
0,0,1,26,34,2605,2620,-15,0,23,23,0,-2,0,0,0,0
1,1,2,13,80,2640,2635,5,1,401,301,0,0,-1,0,1,1
-1,1,0,13,80,2705,2760,-55,0,-4,96,-6,-1,0,0,-1,-2
0,1,1,18,80,2760,2705,55,0,0,0,2,-1,0,-1,1,-1
0,0,0,12,73,2760,2705,55,0,0,0,16,-1,0,0,-1,-1
1,1,0,11,80,2705,2760,-55,-1,-12,-112,-8,0,0,0,1,0
0,0,0,16,80,2605,2620,-15,0,-39,-39,1,-2,0,0,-4,2
1,2,1,23,65,2600,2620,-20,1,622,522,3,-2,1,0,-1,-1
0,0,1,24,31,2630,2605,25,0,-94,-94,4,-1,0,-1,0,0
0,0,0,10,80,2630,2600,30,0,1,1,1,1,0,-1,-3,0
1,2,2,29,23,2600,2605,-5,0,3,-97,-4,0,0,0,0,1
0,0,0,18,38,2620,2630,-10,0,14,14,9,-1,0,0,0,1
0,1,1,26,24,2610,2645,-35,0,38,38,-8,0,0,0,0,0
0,0,1,24,43,2605,2650,-45,0,0,0,4,0,0,0,0,0
0,0,0,16,59,2650,2605,45,0,0,0,30,-1,0,0,2,-1
0,0,1,14,80,2605,2605,0,1,408,408,-8,0,0,0,0,0
-1,0,1,17,51,2645,2675,-30,0,-8,92,-12,2,0,0,2,0
-4,0,1,12,78,2600,2715,-115,-1,-718,-318,0,1,0,0,0,0
1,0,1,19,52,2740,2695,45,0,-18,-118,-5,-1,0,0,0,1
1,1,0,13,80,2710,2685,25,0,54,-46,4,1,0,0,1,0
-2,1,0,12,80,2630,2715,-85,1,628,828,-1,-1,0,0,0,-1
-1,1,0,17,76,2695,2630,65,-1,-902,-802,2,0,0,-1,-2,1
0,2,1,16,80,2685,2740,-55,1,88,88,3,-1,1,0,1,-1
1,0,0,11,77,2600,2710,-110,1,439,339,-1,1,0,0,-3,0
1,0,0,17,80,2715,2715,0,0,389,289,5,0,0,0,0,-1
1,0,0,13,80,2715,2695,20,0,18,-82,5,2,0,1,0,0
1,0,1,15,80,2740,2600,140,1,343,243,2,2,0,0,1,-1
-2,2,0,20,69,2710,2715,-5,1,758,958,8,-1,1,0,1,0
-1,1,0,13,80,2630,2685,-55,-1,-107,-7,3,1,0,0,-1,-1
0,2,2,24,56,2715,2695,20,0,1,1,16,2,0,0,0,0
0,1,1,14,80,2710,2740,-30,-1,-196,-196,-8,-2,0,0,-1,-2
0,0,1,10,80,2685,2715,-30,0,3,3,-9,1,0,0,0,-2
1,0,0,15,53,2600,2630,-30,0,4,-96,9,1,0,-2,-3,3
-1,0,0,19,80,2695,2685,10,0,104,204,6,-1,0,0,1,0
1,0,0,9,80,2715,2600,115,0,15,-85,-1,0,0,-1,-1,0
0,1,1,18,63,2630,2710,-80,0,8,8,5,0,0,0,0,0
1,1,1,13,80,2740,2715,25,0,6,-94,5,-1,0,0,-1,1
1,1,1,17,73,2715,2740,-25,0,0,-100,-1,-1,0,0,0,0
-2,2,1,12,80,2695,2710,-15,0,-22,178,-8,0,1,0,2,-1
0,0,1,12,80,2685,2600,85,1,497,497,-1,-1,0,1,-1,-2
-3,1,1,15,74,2630,2715,-85,-1,-655,-355,-7,0,0,0,-1,1
-1,0,1,21,80,2600,2695,-95,-1,-118,-18,-19,0,0,0,0,-1
0,0,0,20,35,2715,2685,30,0,20,20,-2,-1,0,0,2,-1
0,1,1,24,45,2710,2715,-5,0,0,0,3,0,0,-1,0,0
-1,2,1,21,80,2740,2630,110,0,54,154,0,-1,1,0,0,-1
-2,0,1,16,77,2715,2600,115,1,973,1173,6,0,0,1,-3,-1
1,0,0,15,74,2685,2710,-25,1,405,305,10,1,0,0,-1,1
-2,2,1,18,58,2715,2630,85,-1,-569,-369,-6,-1,1,-1,-2,-2
1,0,0,11,80,2695,2740,-45,0,-52,-152,-22,1,0,1,1,-1
-1,1,0,11,80,2740,2685,55,-1,-11,89,-16,0,0,0,1,0
1,1,1,17,80,2715,2715,0,1,449,349,-19,-1,0,0,0,-2
-4,0,0,16,75,2710,2600,110,1,941,1341,-4,0,0,0,1,0
4,0,0,12,76,2630,2695,-65,1,695,295,14,-2,0,0,-1,-2
0,1,1,22,41,2685,2630,55,0,22,22,0,-1,0,0,0,0
1,1,2,21,64,2600,2740,-140,0,0,-100,2,0,-1,0,0,0
0,1,1,14,80,2695,2715,-20,-1,-16,-16,-8,2,0,0,1,0
0,1,1,20,53,2715,2710,5,0,-4,-4,-1,0,0,0,0,0
-2,1,0,14,80,2630,2600,30,-1,-273,-73,0,-1,0,0,-1,0
1,1,1,13,78,2740,2710,30,0,0,-100,-2,1,0,0,-1,2
0,2,2,26,37,2695,2715,-20,0,26,26,-6,-1,0,0,0,0
0,0,1,12,80,2715,2685,30,0,-3,-3,-7,0,0,0,0,-1
-10,1,1,16,80,2710,2630,80,0,-147,853,-14,0,0,0,-1,-1
3,0,1,15,69,2715,2740,-25,1,611,311,6,2,0,-1,0,0
0,0,0,12,80,2685,2695,-10,0,7,7,8,1,0,0,-2,1
0,1,0,14,80,2600,2715,-115,1,468,468,-16,0,0,0,-1,0
0,1,0,16,80,2685,2615,70,1,360,360,11,0,0,0,2,-1
0,0,1,24,25,2610,2685,-75,0,11,11,-6,0,0,0,1,-1
2,0,0,14,80,2615,2715,-100,1,407,207,-5,-1,0,1,2,1
1,2,1,17,80,2650,2660,-10,1,327,227,-7,-1,1,-1,-4,2
0,2,2,24,47,2715,2610,105,1,504,504,30,1,0,0,-1,1
0,1,1,14,80,2685,2715,-30,0,15,15,10,2,0,2,3,1
1,1,1,17,80,2650,2615,35,1,380,280,8,0,0,1,-1,-2
1,1,1,13,80,2610,2650,-40,0,-26,-126,-4,1,0,0,1,0
0,2,2,14,80,2615,2660,-45,1,420,420,6,-1,0,0,0,-1
-1,0,0,13,67,2660,2610,50,1,557,657,-1,0,0,2,6,-1
2,1,1,14,80,2650,2685,-35,0,10,-190,4,-1,0,0,1,0
0,1,1,16,80,2715,2650,65,0,0,0,6,0,0,0,0,-1
-3,2,2,27,80,2685,2660,25,1,318,618,7,0,0,0,0,0
1,1,0,17,80,2615,2610,5,1,446,346,-9,1,0,0,1,-1
0,1,2,18,57,2660,2715,-55,1,455,455,7,0,-1,0,0,2
1,0,0,17,75,2685,2625,60,1,1022,922,15,1,0,1,2,0
2,0,1,16,80,2625,2640,-15,1,439,239,-11,0,0,0,-1,-2
-5,0,1,21,72,2640,2660,-20,-1,-709,-209,-9,-1,0,0,0,0
0,0,0,16,80,2660,2685,-25,0,291,291,0,1,0,1,1,-2
-1,1,2,21,80,2740,2685,55,-1,20,120,7,1,-1,-1,0,-1
0,0,1,16,80,2685,2740,-55,0,19,19,0,-1,0,1,0,0
-2,1,1,26,62,2740,2685,55,0,0,200,8,0,0,0,0,0
-1,1,1,21,80,2685,2740,-55,-1,-10000,-9900,-50,0,0,1,0,0
0,1,1,22,80,2740,2685,55,-1,220,220,4,-2,0,0,1,-1
0,1,1,22,80,2685,2740,-55,1,18,18,10,0,0,0,0,1
-1,0,0,15,80,2605,2675,-70,-1,-527,-427,-6,0,0,1,2,-2
1,1,1,17,71,2740,2640,100,1,472,372,-2,3,0,0,0,0
1,0,1,19,80,2640,2675,-35,1,93,-7,-32,0,0,0,0,-2
0,1,1,22,47,2685,2605,80,0,0,0,7,0,0,0,0,0
-2,0,1,16,80,2740,2630,110,1,682,882,-13,1,0,1,0,0
0,1,2,16,80,2630,2615,15,1,14,14,2,-1,-1,0,1,2
1,2,1,15,77,2685,2675,10,1,338,238,4,1,1,-1,-4,3
0,1,1,22,57,2640,2605,35,0,0,0,3,-2,0,-2,0,0
-1,1,2,23,80,2630,2685,-55,-1,-633,-533,-13,1,-1,1,3,1
-1,1,1,23,80,2675,2630,45,1,6,106,1,0,0,0,1,0
-1,0,0,15,67,2640,2615,25,1,927,1027,5,2,0,0,1,-1
0,1,1,18,63,2625,2605,20,1,537,537,4,-1,0,0,-1,-1
0,1,0,16,80,2605,2630,-25,0,-172,-172,1,-1,0,1,1,-2
1,0,0,11,80,2740,2685,55,0,40,-60,7,0,0,0,-1,1
-2,1,2,14,80,2640,2625,15,0,12,212,-9,0,-1,0,0,0
-4,0,0,12,80,2625,2630,-5,0,18,418,-5,1,0,0,-1,-1
1,1,2,15,75,2605,2740,-135,-1,-1061,-1161,-14,0,-1,0,-1,0
1,0,1,19,51,2615,2625,-10,1,694,594,-6,2,0,0,0,1
2,2,1,18,55,2685,2615,70,1,746,546,13,-2,1,-1,-3,1
0,1,1,20,55,2615,2605,10,0,6,6,-2,0,0,0,-1,1
0,2,1,22,80,2675,2615,60,1,84,84,7,-1,1,1,2,0
0,1,0,10,80,2675,2625,50,1,524,524,-2,1,0,0,-2,0
0,1,0,16,80,2685,2640,45,1,739,739,5,2,0,1,3,-1
0,1,0,20,59,2625,2740,-115,0,8,8,15,0,0,0,2,-2
